table	primary_key	json_path	japanese	field	old	new	category	reason	validation_source	confidence
vocabulary	0126d120-09d2-4075-9a0b-ea0856adc1e1	examples[0].reading	真っ白な歯がきれいだ。	reading	まっしろなは が きれい だ。	まっしろな は が きれい だ。	J source-corrupt	noun 歯 stuck to adjective (ja: 真っ白な歯が)	ENO romaji word boundaries + Japanese + lexicon	high
vocabulary	0cd6dbb7-2e44-416d-b320-00287927a704	examples[0].reading	この部屋には関係者以外は入れない。	reading	この へや には かんけいしゃ いがいは はいれない。	この へや には かんけいしゃ いがい は はいれない。	J source-corrupt	"particle は attached to 以外 (ENO romaji ""igai wa"")"	ENO romaji word boundaries + Japanese + lexicon	high
vocabulary	f90a5185-5946-425b-87d3-8a36bb8b63d7	examples[0].reading	私の犬はしっぽが長い。	reading	わたし の いぬ はしっぽ が ながい。	わたし の いぬ は しっぽ が ながい。	J source-corrupt	particle は stuck to しっぽ (Sudachi mis-token)	ENO romaji word boundaries + Japanese + lexicon	high
vocabulary	f90a5185-5946-425b-87d3-8a36bb8b63d7	examples[1].reading	あの犬はしっぽが短い。	reading	あの いぬ はしっぽ が みじかい。	あの いぬ は しっぽ が みじかい。	J source-corrupt	particle は stuck to しっぽ	ENO romaji word boundaries + Japanese + lexicon	high
vocabulary_senses	a7a638ec-e4bf-4222-ae8b-e6d45d82c800	examples[0].reading	おしゃべりはやめにして、仕事を始めましょう。	reading	おしゃべり はやめに して、しごと を はじめましょう。	おしゃべり は やめ に して、しごと を はじめましょう。	J source-corrupt	particle は stuck to やめ (やめにして)	ENO romaji word boundaries + Japanese + lexicon	high
vocabulary_senses	df554a87-f8ad-46dd-8729-9fc76855e54e	examples[0].reading	仕事はやり残すなよ。	reading	しごと はやりのこすな よ。	しごと は やりのこす な よ。	J source-corrupt	particle は stuck to やりのこす; な = prohibitive	ENO romaji word boundaries + Japanese + lexicon	high
grammar_points	bd6a9242-64d1-4de7-9611-f258c3be8824	examples[0].hiragana	これは「9」ですか、「7」ですか。	hiragana	これ はきゅうです か、ななです か。	これ は きゅう です か、なな です か。	J source-corrupt	particle は and copula です stuck (ja: これは「9」ですか、「7」ですか)	ENO romaji word boundaries + Japanese + lexicon	high
vocabulary_senses	39f17a6f-65c9-46c8-b3ed-86c7f2382968	examples[0].reading	その髪型は女子高生の間ではやっている。	reading	その かみがた は じょしこうせい の あいだ ではやって いる。	その かみがた は じょしこうせい の あいだ で はやって いる。	J source-corrupt	"で + はやって (流行る) merged; romaji ""de wa yatte"" wrong"	ENO romaji word boundaries + Japanese + lexicon	high
vocabulary_senses	39f17a6f-65c9-46c8-b3ed-86c7f2382968	examples[0].romaji	その髪型は女子高生の間ではやっている。	romaji	Sono kamigata wa joshikousei no aida de wa yatte iru.	Sono kamigata wa joshikousei no aida de hayatte iru.	C/G romaji content	romaji typo/wrong romanization/contraction split/digit-mixed	Reading + Japanese (aligner) + Hepburn-wapuro ENO style	high
vocabulary	7fb82666-b9b9-4911-a0ab-576878ff13d6	examples[0].reading	祖母 に 昔話 を 聞きました。	reading	そぼ に むかしはなし を ききました。	そぼ に むかしばなし を ききました。	J source-corrupt	昔話 = むかしばなし (rendaku); romaji already mukashibanashi	ENO romaji word boundaries + Japanese + lexicon	high
grammar_points	59614c4c-2ec9-4256-8228-429685894bfe	examples[2].hiragana	トイレットペーパーがもうすぐなくなるから、買っとかないと。	hiragana	といれっとぺーぱー が もうすぐ なくなる から、かっ と か ない と。	といれっとぺーぱー が もうすぐ なくなる から、かっとかない と。	J source-corrupt	買っとかない = 買っておかない contraction; cut inside verb	ENO romaji word boundaries + Japanese + lexicon	high
grammar_points	01ebb6b8-4814-4ee7-99de-8699038eb7ae	examples[1].hiragana	この部屋は自由に使えます。ただし、飲食は禁止です。	hiragana	この へや は じゆうに つかえます。ただし、いんしょく は 禁止 です。	この へや は じゆうに つかえます。ただし、いんしょく は きんし です。	J source-corrupt	kanji left in reading; romaji kinshi	ENO romaji word boundaries + Japanese + lexicon	high
vocabulary	d2c504c1-c9cc-42c9-a8bc-2f604b6b9942	examples[0].reading	古い町並みに江戸時代の名残が残っている。	reading	ふるい まちなみ に はえどじだい の なごり が のこって いる。	ふるい まちなみ に えどじだい の なごり が のこって いる。	J source-corrupt	ja has no は (古い町並みに江戸時代の…); reading/romaji had a stray は	ENO romaji word boundaries + Japanese + lexicon	high
vocabulary	d2c504c1-c9cc-42c9-a8bc-2f604b6b9942	examples[0].romaji	古い町並みに江戸時代の名残が残っている。	romaji	Furui machinami ni wa Edo jidai no nagori ga nokotte iru.	Furui machinami ni Edo jidai no nagori ga nokotte iru.	C/G romaji content	romaji typo/wrong romanization/contraction split/digit-mixed	Reading + Japanese (aligner) + Hepburn-wapuro ENO style	high
vocabulary	dea414ca-4cb0-4d21-8647-64829ec4762a	examples[1].reading	思想は世界中をアッという間に巡る。	reading	しそう は せかいじゅう を あっ と いう ま に めぐる。	しそう は せかいじゅう を あっと いう ま に めぐる。	J source-corrupt	"stray space inside あっと (アッという間に); ENO romaji ""atto iu ma ni"""	ENO romaji word boundaries + Japanese + lexicon	high
vocabulary	0627aeb4-abd2-4b9a-bb04-87f6fa54db01	examples[0].reading	当日券はありますか。	reading	とうじつ けん は あります か。	とうじつけん は あります か。	J source-corrupt (lexical word split)	one lexical word/compound split by spaces; rejoined	ENO romaji word boundaries (joined) + lexicon	high
vocabulary	0a67dae1-a3ea-435c-961c-5065810fee56	examples[0].reading	一時間 は 六十分 です。	reading	いちじかん は ろく じゅっぷん です。	いちじかん は ろくじゅっぷん です。	J source-corrupt (lexical word split)	one lexical word/compound split by spaces; rejoined	ENO romaji word boundaries (joined) + lexicon	high
vocabulary	0b74ff61-f6d5-484a-a583-f44354d3cb41	examples[1].reading	歴史学は人文科学の一部門である。	reading	れきしがく は じんぶんかがく の いちぶ もん で ある。	れきしがく は じんぶんかがく の いちぶもん で ある。	J source-corrupt (lexical word split)	one lexical word/compound split by spaces; rejoined	ENO romaji word boundaries (joined) + lexicon	high
vocabulary	1035c66e-fb2b-422f-b68d-b343778f18ab	examples[1].reading	一等賞は王女からのキスです。	reading	いっとう しょう は おうじょ からの キス です。	いっとうしょう は おうじょ からの キス です。	J source-corrupt (lexical word split)	one lexical word/compound split by spaces; rejoined	ENO romaji word boundaries (joined) + lexicon	high
vocabulary	114ee1cc-3c4d-4415-a774-5c16f3bc66df	examples[0].reading	旅行のために三日分の食料を準備しました。	reading	りょこう の ため に みっか ぶん の しょくりょう を じゅんびしました。	りょこう の ため に みっかぶん の しょくりょう を じゅんびしました。	J source-corrupt (lexical word split)	one lexical word/compound split by spaces; rejoined	ENO romaji word boundaries (joined) + lexicon	high
vocabulary	12b69aa2-dc75-48ac-b160-e69f01c2e66d	examples[0].reading	その作り方の分量は六人分です。	reading	その つくりかた の ぶんりょう は ろくにん ぶん です。	その つくりかた の ぶんりょう は ろくにんぶん です。	J source-corrupt (lexical word split)	one lexical word/compound split by spaces; rejoined	ENO romaji word boundaries (joined) + lexicon	high
vocabulary	179119bf-800f-4ca2-bcb5-aeab90985131	examples[0].reading	彼はいかにも専門家らしい話し方をする。	reading	かれ は いかに も せんもんからしい はなしかた を する。	かれ は いかにも せんもんからしい はなしかた を する。	J source-corrupt (lexical word split)	one lexical word/compound split by spaces; rejoined	ENO romaji word boundaries (joined) + lexicon	high
vocabulary	1d9e2dcf-3c3e-4148-8406-24e212f2ac29	examples[0].reading	会員証を見せると、料金が一割引きになります。	reading	かいいんしょう を みせる と、りょうきん が いちわり びき に なります。	かいいんしょう を みせる と、りょうきん が いちわりびき に なります。	J source-corrupt (lexical word split)	one lexical word/compound split by spaces; rejoined	ENO romaji word boundaries (joined) + lexicon	high
vocabulary	25e73055-e588-49ed-8493-e206b058a964	examples[0].reading	このシャツは三割引きです。	reading	この シャツ は さんわり びき です。	この シャツ は さんわりびき です。	J source-corrupt (lexical word split)	one lexical word/compound split by spaces; rejoined	ENO romaji word boundaries (joined) + lexicon	high
vocabulary	2818c30b-f262-4d32-b03f-2a51ccdd2744	examples[0].reading	彼は二度と同じ過ちを繰り返さないと誓った。	reading	かれ は にど と おなじ あやまち を くりかえさない と ちかった。	かれ は にどと おなじ あやまち を くりかえさない と ちかった。	J source-corrupt (lexical word split)	one lexical word/compound split by spaces; rejoined	ENO romaji word boundaries (joined) + lexicon	high
vocabulary	29568915-e3b1-4af2-8728-60469e04f6e2	examples[0].reading	出発時刻の三十分前に搭乗してください。	reading	しゅっぱつじこく の さん じゅっぷん まえ に とうじょうして ください。	しゅっぱつじこく の さんじゅっぷん まえ に とうじょうして ください。	J source-corrupt (lexical word split)	one lexical word/compound split by spaces; rejoined	ENO romaji word boundaries (joined) + lexicon	high
vocabulary	2af322c3-a411-4670-a086-f35460a60da6	examples[0].reading	毎朝三十分歩くことが、私の日課になっている。	reading	まいあさ さん じゅっぷん あるく こと が、わたし の にっか に なって いる。	まいあさ さんじゅっぷん あるく こと が、わたし の にっか に なって いる。	J source-corrupt (lexical word split)	one lexical word/compound split by spaces; rejoined	ENO romaji word boundaries (joined) + lexicon	high
vocabulary	2b6e29df-65f5-447b-8a7a-34fdfd5c6532	examples[0].reading	君の努力はもうじき実るだろう。	reading	きみ の どりょく は もう じき みのる だろう。	きみ の どりょく は もうじき みのる だろう。	J source-corrupt (lexical word split)	one lexical word/compound split by spaces; rejoined	ENO romaji word boundaries (joined) + lexicon	high
vocabulary	31d7c393-405b-4808-b12b-6e3958eddcf0	examples[0].reading	上司 に 仕事 の 進み具合 を 報告しました。	reading	じょうし に しごと の すすみ ぐあい を ほうこくしました。	じょうし に しごと の すすみぐあい を ほうこくしました。	J source-corrupt (lexical word split)	one lexical word/compound split by spaces; rejoined	ENO romaji word boundaries (joined) + lexicon	high
vocabulary	3b4a49b7-9104-4aae-9386-b64411e54332	examples[0].reading	いざという時には、あらかじめ用意した非常用品が大いに役立ちます。	reading	いざ と いう とき には、あらかじめ よういした ひじょう ようひん が おおいに やくだちます。	いざ と いう とき には、あらかじめ よういした ひじょうようひん が おおいに やくだちます。	J source-corrupt (lexical word split)	one lexical word/compound split by spaces; rejoined	ENO romaji word boundaries (joined) + lexicon	high
vocabulary	44655c59-8baf-40bc-a913-4f0fb1879be2	examples[0].reading	一人で原始林へ乗り込もうとは君はなんて勇ましいんだ。	reading	ひとり で げんしりん へ のりこもう とは きみ は なん て いさましいんだ。	ひとり で げんしりん へ のりこもう とは きみ は なんて いさましいんだ。	J source-corrupt (lexical word split)	one lexical word/compound split by spaces; rejoined	ENO romaji word boundaries (joined) + lexicon	high
vocabulary	4696178a-3b1b-4c9a-b827-3bb8435ef4ce	examples[0].reading	駅まで歩くと二十分掛かります。	reading	えき まで あるく と に じゅっぷん かかります。	えき まで あるく と にじゅっぷん かかります。	J source-corrupt (lexical word split)	one lexical word/compound split by spaces; rejoined	ENO romaji word boundaries (joined) + lexicon	high
vocabulary	4c522623-89e9-4ed9-ade7-e1431ae385b1	examples[0].reading	駅まで三十分かかります。	reading	えき まで さん じゅっぷん かかります。	えき まで さんじゅっぷん かかります。	J source-corrupt (lexical word split)	one lexical word/compound split by spaces; rejoined	ENO romaji word boundaries (joined) + lexicon	high
vocabulary	5193276d-5144-4033-ba54-6dfcfbd5669f	examples[0].reading	今日は如何してもこの仕事を終わらせたい。	reading	きょう は どう して も この しごと を おわらせたい。	きょう は どうして も この しごと を おわらせたい。	J source-corrupt (lexical word split)	one lexical word/compound split by spaces; rejoined	ENO romaji word boundaries (joined) + lexicon	high
vocabulary	5193276d-5144-4033-ba54-6dfcfbd5669f	examples[0].romaji	今日は如何してもこの仕事を終わらせたい。	romaji	Kyou wa doushitemo kono shigoto o owarasetai.	Kyou wa doushite mo kono shigoto o owarasetai.	B spacing only	romaji word boundary missing vs Reading	Reading boundaries (aligner)	high
vocabulary	52e367ce-75d1-49b7-a853-60076a2f24b0	examples[0].reading	電車に十分の遅れが出ている。	reading	でんしゃ に じゅっぷん の おくれ が でて いる。	でんしゃ にじゅっぷん の おくれ が でて いる。	J source-corrupt (lexical word split)	one lexical word/compound split by spaces; rejoined	ENO romaji word boundaries (joined) + lexicon	high
vocabulary	52e367ce-75d1-49b7-a853-60076a2f24b0	examples[0].romaji	電車に十分の遅れが出ている。	romaji	Densha ni juppun no okure ga dete iru.	Densha nijuppun no okure ga dete iru.	B spacing only (romaji rejoined to match joined Reading word)	romaji split a lexical word the Reading keeps whole	Reading word boundaries (aligner) + lexicon	high
vocabulary	55d21464-4df6-40fc-8952-245385fd998c	examples[0].reading	山の頂上から見える景色は、何て美しいのでしょう。	reading	やま の ちょうじょう から みえる けしき は、なん て うつくしい の でしょう。	やま の ちょうじょう から みえる けしき は、なんて うつくしい の でしょう。	J source-corrupt (lexical word split)	one lexical word/compound split by spaces; rejoined	ENO romaji word boundaries (joined) + lexicon	high
vocabulary	55fc77d0-1942-42ee-9880-9d283655c6b9	examples[0].reading	市場の情勢を注意深く見守る。	reading	しじょう の じょうせい を ちゅうい ぶかく みまもる。	しじょう の じょうせい を ちゅういぶかく みまもる。	J source-corrupt (lexical word split)	one lexical word/compound split by spaces; rejoined	ENO romaji word boundaries (joined) + lexicon	high
vocabulary	5d68f1d3-546a-4578-98eb-b3e39fd4eb2d	examples[0].reading	電車は間も無く到着します。	reading	でんしゃ は ま も なく とうちゃくします。	でんしゃ は まもなく とうちゃくします。	J source-corrupt (lexical word split)	one lexical word/compound split by spaces; rejoined	ENO romaji word boundaries (joined) + lexicon	high
vocabulary	5fb6bcd2-374e-4581-b5c9-95791eb6c925	examples[0].reading	イベントが終わったあと、全員で会場や道具の後始末をしました。	reading	イベント が おわった あと、ぜんいん で かいじょう や どうぐ の あと しまつ を しました。	イベント が おわった あと、ぜんいん で かいじょう や どうぐ の あとしまつ を しました。	J source-corrupt (lexical word split)	one lexical word/compound split by spaces; rejoined	ENO romaji word boundaries (joined) + lexicon	high
vocabulary	6526cf45-004b-41af-a522-7cf1678f7736	examples[0].reading	東京行きの電車は三番線から出ます。	reading	とうきょういき の でんしゃ は さんばん せん から でます。	とうきょういき の でんしゃ は さんばんせん から でます。	J source-corrupt (lexical word split)	one lexical word/compound split by spaces; rejoined	ENO romaji word boundaries (joined) + lexicon	high
vocabulary	67868660-03e0-429c-8708-3217cc00d3f9	examples[0].reading	ええと、たしか二泊する予定です。	reading	ええ と、たしか にはく する よてい です。	ええと、たしか にはく する よてい です。	J source-corrupt (lexical word split)	one lexical word/compound split by spaces; rejoined	ENO romaji word boundaries (joined) + lexicon	high
vocabulary	6a7379cb-3b6a-4e0e-8e45-5aa7cc888a79	examples[0].reading	公園のつつじの世話をする庭師が若干名いる。	reading	こうえん の つつじ の せわ を する にわし が じゃっかん めい いる。	こうえん の つつじ の せわ を する にわし が じゃっかんめい いる。	J source-corrupt (lexical word split)	one lexical word/compound split by spaces; rejoined	ENO romaji word boundaries (joined) + lexicon	high
vocabulary	6f5022f1-3b78-4c48-bb07-9c52a3cbe145	examples[0].reading	食事の後、台ふきんでテーブルをふきます。	reading	しょくじ の あと、だいふき んで テーブル を ふきます。	しょくじ の あと、だいふきん で テーブル を ふきます。	J source-corrupt (lexical word split)	one lexical word/compound split by spaces; rejoined	ENO romaji word boundaries (joined) + lexicon	high
vocabulary	7b0e1a2c-a8fe-452f-b0d8-c0ce573f044d	examples[0].reading	子どもが自分の臍を不思議そうに見ている。	reading	こども が じぶん の へそ を ふしぎ そう に みて いる。	こども が じぶん の へそ を ふしぎそう に みて いる。	J source-corrupt (lexical word split)	one lexical word/compound split by spaces; rejoined	ENO romaji word boundaries (joined) + lexicon	high
vocabulary	7c1e4fa3-05ec-47cf-b2bc-051f7e52fefd	examples[0].reading	少なくとも一時間かかります。	reading	すくなく とも いちじかん かかります。	すくなくとも いちじかん かかります。	J source-corrupt (lexical word split)	one lexical word/compound split by spaces; rejoined	ENO romaji word boundaries (joined) + lexicon	high
vocabulary	7e2823a4-0070-4122-8b95-33d72c4d8d7f	examples[0].reading	朝日が海面に燿いていた。	reading	あさひ が かいめん に かがや いて いた。	あさひ が かいめん に かがやいて いた。	J source-corrupt (lexical word split)	one lexical word/compound split by spaces; rejoined	ENO romaji word boundaries (joined) + lexicon	high
vocabulary	819c2381-4b5e-4527-ac7f-080e48b0f02e	examples[0].reading	市場の動きを注意深く見る。	reading	しじょう の うごき を ちゅうい ぶかく みる。	しじょう の うごき を ちゅういぶかく みる。	J source-corrupt (lexical word split)	one lexical word/compound split by spaces; rejoined	ENO romaji word boundaries (joined) + lexicon	high
vocabulary	834696c4-9c64-4f26-a5aa-0208f7e49258	examples[0].reading	旅行中は呉れ呉れも気をつけてください。	reading	りょこうちゅう は くれぐれ も き を つけて ください。	りょこうちゅう は くれぐれも き を つけて ください。	J source-corrupt (lexical word split)	one lexical word/compound split by spaces; rejoined	ENO romaji word boundaries (joined) + lexicon	high
vocabulary	840901d0-6935-4429-b778-a25379981555	examples[0].reading	亡き人が靖らかに眠ることを祈った。	reading	なき ひと が やすら か に ねむる こと を いのった。	なき ひと が やすらか に ねむる こと を いのった。	J source-corrupt (lexical word split)	one lexical word/compound split by spaces; rejoined	ENO romaji word boundaries (joined) + lexicon	high
vocabulary	8abf12bd-487b-4fd7-a185-814db6ec04fc	examples[0].reading	彼は二度と同じ過ちをしないと神にちかった。	reading	かれ は にど と おなじ あやまち を しない と かみ に ちかった。	かれ は にどと おなじ あやまち を しない と かみ に ちかった。	J source-corrupt (lexical word split)	one lexical word/compound split by spaces; rejoined	ENO romaji word boundaries (joined) + lexicon	high
vocabulary	8abf12bd-487b-4fd7-a185-814db6ec04fc	examples[0].romaji	彼は二度と同じ過ちをしないと神にちかった。	romaji	Kare wa nido to onaji ayamachi o shinai to kami ni chikatta.	Kare wa nidoto onaji ayamachi o shinai to kami ni chikatta.	B spacing only (romaji rejoined to match joined Reading word)	romaji split a lexical word the Reading keeps whole	Reading word boundaries (aligner) + lexicon	high
vocabulary	925126c1-cf9b-4842-8a7f-bfa3c379b386	examples[0].reading	遅くとも六時までに来てください。	reading	おそく とも ろくじ までに きて ください。	おそくとも ろくじ までに きて ください。	J source-corrupt (lexical word split)	one lexical word/compound split by spaces; rejoined	ENO romaji word boundaries (joined) + lexicon	high
vocabulary	94c46551-aac3-440a-a04c-7b22726d72e1	examples[0].reading	少なくとも30人は来る。	reading	すくなく とも さんじゅうにん は くる。	すくなくとも さんじゅうにん は くる。	J source-corrupt (lexical word split)	one lexical word/compound split by spaces; rejoined	ENO romaji word boundaries (joined) + lexicon	high
vocabulary	97c80db7-7deb-4aef-ae47-9d4f8c801bee	examples[0].reading	彼はなんか言いたそうでしたが、結局黙っていました。	reading	かれ は なんか いいた そう でした が、けっきょく だまって いました。	かれ は なんか いいたそう でした が、けっきょく だまって いました。	J source-corrupt (lexical word split)	one lexical word/compound split by spaces; rejoined	ENO romaji word boundaries (joined) + lexicon	high
vocabulary	9a6fd039-01dd-4b5a-8ddf-689edab44b2d	examples[0].reading	甫めてその土地を訪れた。	reading	はじめ て その とち を おとずれた。	はじめて その とち を おとずれた。	J source-corrupt (lexical word split)	one lexical word/compound split by spaces; rejoined	ENO romaji word boundaries (joined) + lexicon	high
vocabulary	9b1f8164-2a42-4440-b76c-1825becb9033	examples[0].reading	なんとなく変な気分。	reading	なんと なく へんな きぶん。	なんとなく へんな きぶん。	J source-corrupt (lexical word split)	one lexical word/compound split by spaces; rejoined	ENO romaji word boundaries (joined) + lexicon	high
vocabulary	9e53b5e4-1c02-4014-a493-9060450b2948	examples[0].reading	お湯が沸騰すると、やかんから熱いスチームが勢いよく出てきました。	reading	おゆ が ふっとうする と、やかん から あつい スチーム が いきおい よく でて きました。	おゆ が ふっとうする と、やかん から あつい スチーム が いきおいよく でて きました。	J source-corrupt (lexical word split)	one lexical word/compound split by spaces; rejoined	ENO romaji word boundaries (joined) + lexicon	high
vocabulary	a2666964-4483-45bd-88f9-39783f6e0761	examples[1].reading	この雨戸もそろそろ取り替え時ね。	reading	この あまど も そろそろ とりかえ どき ね。	この あまど も そろそろ とりかえどき ね。	J source-corrupt (lexical word split)	one lexical word/compound split by spaces; rejoined	ENO romaji word boundaries (joined) + lexicon	high
vocabulary	a77abdc1-51a5-4fef-9b5a-fe04fc6dbc57	examples[0].reading	彼 は めったに 怒りません。	reading	かれ は めった に おこりません。	かれ は めったに おこりません。	J source-corrupt (lexical word split)	one lexical word/compound split by spaces; rejoined	ENO romaji word boundaries (joined) + lexicon	high
vocabulary	a77abdc1-51a5-4fef-9b5a-fe04fc6dbc57	examples[0].romaji	彼 は めったに 怒りません。	romaji	kare wa metta ni okorimasen.	kare wa mettani okorimasen.	B spacing only (romaji rejoined to match joined Reading word)	romaji split a lexical word the Reading keeps whole	Reading word boundaries (aligner) + lexicon	high
vocabulary	b4acd73a-e92e-4d92-89ab-56dfb1acbe31	examples[0].reading	医師は数日間、患者の経過を注意深く観察します。	reading	いし は すうじつかん、かんじゃ の けいか を ちゅうい ぶかく かんさつします。	いし は すうじつかん、かんじゃ の けいか を ちゅういぶかく かんさつします。	J source-corrupt (lexical word split)	one lexical word/compound split by spaces; rejoined	ENO romaji word boundaries (joined) + lexicon	high
vocabulary	b8b9704b-a37c-493b-aa26-bf337ee67947	examples[0].reading	一日中立ち仕事をして足が疲れたので、マッサージを受けに行きました。	reading	いちにちじゅう たち しごと を して あし が つかれた ので、マッサージ を うけ に いきました。	いちにちじゅう たちしごと を して あし が つかれた ので、マッサージ を うけ に いきました。	J source-corrupt (lexical word split)	one lexical word/compound split by spaces; rejoined	ENO romaji word boundaries (joined) + lexicon	high
vocabulary	ba22f1b4-1daf-4957-866b-9a9c6bc54ee1	examples[0].reading	彼は疾っくに帰りました。	reading	かれ は とっく に かえりました。	かれ は とっくに かえりました。	J source-corrupt (lexical word split)	one lexical word/compound split by spaces; rejoined	ENO romaji word boundaries (joined) + lexicon	high
vocabulary	baae31c7-45c5-45a2-b73f-cfb7f39ee666	examples[0].reading	あかがね色の夕日が山を照らしていた。	reading	あか が ね いろ の ゆうひ が やま を てらして いた。	あかがねいろ の ゆうひ が やま を てらして いた。	J source-corrupt (lexical word split)	one lexical word/compound split by spaces; rejoined	ENO romaji word boundaries (joined) + lexicon	high
vocabulary	bb3d936e-4812-4e27-a235-6b09f2b25cd2	examples[0].reading	最近少し疲れ気味なので、早く寝ています。	reading	さいきん すこし つかれ ぎみ な ので、はやく ねて います。	さいきん すこし つかれぎみ な ので、はやく ねて います。	J source-corrupt (lexical word split)	one lexical word/compound split by spaces; rejoined	ENO romaji word boundaries (joined) + lexicon	high
vocabulary	c25042a1-d61b-4550-a78c-777b1db7c61f	examples[0].reading	わが国の主な農産物は米である。	reading	わが くに の おもな のうさんぶつ は こめ で ある。	わがくに の おもな のうさんぶつ は こめ で ある。	J source-corrupt (lexical word split)	one lexical word/compound split by spaces; rejoined	ENO romaji word boundaries (joined) + lexicon	high
vocabulary	c73c54e0-b45e-46f4-b6af-cef031ff4e8f	examples[0].reading	今日は左程寒くない。	reading	きょう は さ ほど さむくない。	きょう は さほど さむくない。	J source-corrupt (lexical word split)	one lexical word/compound split by spaces; rejoined	ENO romaji word boundaries (joined) + lexicon	high
vocabulary	db990ac7-ef2c-4e84-b813-bf786a84f07e	examples[0].reading	彼は自分の過ちを認め、二度と繰り返さないと約束しました。	reading	かれ は じぶん の あやまち を みとめ、にど と くりかえさない と やくそくしました。	かれ は じぶん の あやまち を みとめ、にどと くりかえさない と やくそくしました。	J source-corrupt (lexical word split)	one lexical word/compound split by spaces; rejoined	ENO romaji word boundaries (joined) + lexicon	high
vocabulary	de099aac-3006-4ff7-a5e8-db3a5651ddd1	examples[0].reading	何となく、朝からいつもと何か違うような気がします。	reading	なんと なく、あさ から いつも と なにか ちがう よう な き が します。	なんとなく、あさ から いつも と なにか ちがう よう な き が します。	J source-corrupt (lexical word split)	one lexical word/compound split by spaces; rejoined	ENO romaji word boundaries (joined) + lexicon	high
vocabulary	e88af4df-c51a-41d5-a1ed-2b3ec96471ff	examples[1].reading	水分が多く含まれる夏野菜は、体内の熱を冷ます作用があります。	reading	すいぶん が おおく ふくまれる なつ やさい は、たいない の ねつ を さます さよう が あります。	すいぶん が おおく ふくまれる なつやさい は、たいない の ねつ を さます さよう が あります。	J source-corrupt (lexical word split)	one lexical word/compound split by spaces; rejoined	ENO romaji word boundaries (joined) + lexicon	high
vocabulary	ea594aa7-0870-40dd-b046-4b33aa1db153	examples[0].reading	駿馬が広い草原を勢いよく駆け抜けた。	reading	しゅんめ が ひろい そうげん を いきおい よく かけぬけた。	しゅんめ が ひろい そうげん を いきおいよく かけぬけた。	J source-corrupt (lexical word split)	one lexical word/compound split by spaces; rejoined	ENO romaji word boundaries (joined) + lexicon	high
vocabulary	eacbff8e-3c6c-4bb7-9f9c-9909edee1049	examples[1].reading	何てあいまいな表現だ。	reading	なん て あいまい な ひょうげん だ。	なんて あいまい な ひょうげん だ。	J source-corrupt (lexical word split)	one lexical word/compound split by spaces; rejoined	ENO romaji word boundaries (joined) + lexicon	high
vocabulary	f22c7379-87ae-4f31-9625-5cca89ca5d86	examples[0].reading	きれい好きは敬神に次ぐ美徳。	reading	きれい ずき は けいしん に つぐ びとく。	きれいずき は けいしん に つぐ びとく。	J source-corrupt (lexical word split)	one lexical word/compound split by spaces; rejoined	ENO romaji word boundaries (joined) + lexicon	high
vocabulary	f2ac5ff3-cb04-488f-a054-4375b6cc84b8	examples[0].reading	わが党はこれに飽くまで反対します。	reading	わが とう は これ に あくまで はんたいします。	わがとう は これ に あくまで はんたいします。	J source-corrupt (lexical word split)	one lexical word/compound split by spaces; rejoined	ENO romaji word boundaries (joined) + lexicon	high
vocabulary	f5833540-e7f4-44f4-b945-c758d623b834	examples[0].reading	如何してそんなことを言ったのですか。	reading	どう して そんな こと を いった の です か。	どうして そんな こと を いった の です か。	J source-corrupt (lexical word split)	one lexical word/compound split by spaces; rejoined	ENO romaji word boundaries (joined) + lexicon	high
vocabulary	f9fbc9f2-48ab-450b-9396-40e729a02376	examples[0].reading	毎日三十分運動します。	reading	まいにち さん じゅっぷん うんどうします。	まいにち さんじゅっぷん うんどうします。	J source-corrupt (lexical word split)	one lexical word/compound split by spaces; rejoined	ENO romaji word boundaries (joined) + lexicon	high
vocabulary	ff5b579d-5f3a-4522-812b-2f2791ca5b4c	examples[0].reading	重体の赤ちゃんは医者の注意深い監視下に置かれていた。	reading	じゅうたい の あかちゃん は いしゃ の ちゅうい ぶかい かんしか に おかれて いた。	じゅうたい の あかちゃん は いしゃ の ちゅういぶかい かんしか に おかれて いた。	J source-corrupt (lexical word split)	one lexical word/compound split by spaces; rejoined	ENO romaji word boundaries (joined) + lexicon	high
vocabulary_senses	121c8b6d-15b8-4b19-9444-9fbb0e00f727	examples[0].reading	彼はいたずら好きだ。	reading	かれ は いたずら ずき だ。	かれ は いたずらずき だ。	J source-corrupt (lexical word split)	one lexical word/compound split by spaces; rejoined	ENO romaji word boundaries (joined) + lexicon	high
vocabulary_senses	251a03b1-6251-4e73-a095-dafbf88deadd	examples[1].reading	少なくとも仕事は済んだよ。	reading	すくなく とも しごと は すんだ よ。	すくなくとも しごと は すんだ よ。	J source-corrupt (lexical word split)	one lexical word/compound split by spaces; rejoined	ENO romaji word boundaries (joined) + lexicon	high
vocabulary_senses	251a03b1-6251-4e73-a095-dafbf88deadd	examples[1].romaji	少なくとも仕事は済んだよ。	romaji	Sukunaku tomo shigoto wa sunda yo.	Sukunakutomo shigoto wa sunda yo.	B spacing only (romaji rejoined to match joined Reading word)	romaji split a lexical word the Reading keeps whole	Reading word boundaries (aligner) + lexicon	high
vocabulary_senses	2c4c1666-d500-4b94-a330-ec43d0be9769	examples[1].reading	興味深い文章だね。	reading	きょうみ ぶかい ぶんしょう だ ね。	きょうみぶかい ぶんしょう だ ね。	J source-corrupt (lexical word split)	one lexical word/compound split by spaces; rejoined	ENO romaji word boundaries (joined) + lexicon	high
vocabulary_senses	3927be88-f671-4bdd-9520-a6f3022cdf76	examples[0].reading	世知辛い世の中だね。	reading	せち がらい よのなか だ ね。	せちがらい よのなか だ ね。	J source-corrupt (lexical word split)	one lexical word/compound split by spaces; rejoined	ENO romaji word boundaries (joined) + lexicon	high
vocabulary_senses	3ec40359-b6ed-4adf-ad5c-16b72e896466	examples[0].reading	ああ、何て恐ろしい。	reading	ああ、なん て おそろしい。	ああ、なんて おそろしい。	J source-corrupt (lexical word split)	one lexical word/compound split by spaces; rejoined	ENO romaji word boundaries (joined) + lexicon	high
vocabulary_senses	3ec40359-b6ed-4adf-ad5c-16b72e896466	examples[0].romaji	ああ、何て恐ろしい。	romaji	Aa, nan te osoroshii.	Aa, nante osoroshii.	B spacing only (romaji rejoined to match joined Reading word)	romaji split a lexical word the Reading keeps whole	Reading word boundaries (aligner) + lexicon	high
vocabulary_senses	3efecb4e-82c1-436f-b837-ddf0e364e887	examples[0].reading	感慨深い日でした。	reading	かんがい ぶかい ひ でした。	かんがいぶかい ひ でした。	J source-corrupt (lexical word split)	one lexical word/compound split by spaces; rejoined	ENO romaji word boundaries (joined) + lexicon	high
vocabulary_senses	43c6dfb6-302c-4b1d-9443-4fb32f12c86e	examples[0].reading	彼は冒険好きだ。	reading	かれ は ぼうけん ずき だ。	かれ は ぼうけんずき だ。	J source-corrupt (lexical word split)	one lexical word/compound split by spaces; rejoined	ENO romaji word boundaries (joined) + lexicon	high
vocabulary_senses	440a1461-b274-4915-b692-d4cf5a64f90a	examples[0].reading	星を眺めるのは興味深い。	reading	ほし を ながめる の は きょうみ ぶかい。	ほし を ながめる の は きょうみぶかい。	J source-corrupt (lexical word split)	one lexical word/compound split by spaces; rejoined	ENO romaji word boundaries (joined) + lexicon	high
vocabulary_senses	b730660a-46e0-4a30-89d5-f0f22a5daee5	examples[0].reading	おじいちゃんとおばあちゃんになってもラブラブでいたいね。	reading	おじい ちゃんと おばあちゃん に なって も ラブラブ で いたい ね。	おじいちゃん と おばあちゃん に なって も ラブラブ で いたい ね。	J source-corrupt (lexical word split)	one lexical word/compound split by spaces; rejoined	ENO romaji word boundaries (joined) + lexicon	high
grammar_points	162be552-a1aa-4b8e-80ed-cf7e9be500ed	examples[2].reading	先ほど申した通りです。	reading	さき ほど もうした とおり です。	さきほど もうした とおり です。	J source-corrupt (lexical word split)	one lexical word/compound split by spaces; rejoined	ENO romaji word boundaries (joined) + lexicon	high
grammar_points	37d7674f-ae84-487e-a150-e119423443e7	examples[2].reading	彼は元気そうに見える。	reading	かれ は げんき そう に みえる。	かれ は げんきそう に みえる。	J source-corrupt (lexical word split)	one lexical word/compound split by spaces; rejoined	ENO romaji word boundaries (joined) + lexicon	high
grammar_points	3980fce8-fc95-48a3-b87e-6c879d9b4de8	examples[0].reading	台風のため、会議の中止を余儀なくされた。	reading	たいふう の ため、かいぎ の ちゅうし を よぎ なく された。	たいふう の ため、かいぎ の ちゅうし を よぎなく された。	J source-corrupt (lexical word split)	one lexical word/compound split by spaces; rejoined	ENO romaji word boundaries (joined) + lexicon	high
grammar_points	3980fce8-fc95-48a3-b87e-6c879d9b4de8	examples[1].reading	経営悪化で、社長は辞任を余儀なくされた。	reading	けいえいあっか で、しゃちょう は じにん を よぎ なく された。	けいえいあっか で、しゃちょう は じにん を よぎなく された。	J source-corrupt (lexical word split)	one lexical word/compound split by spaces; rejoined	ENO romaji word boundaries (joined) + lexicon	high
grammar_points	3980fce8-fc95-48a3-b87e-6c879d9b4de8	examples[2].reading	怪我で、計画変更を余儀なくされた。	reading	けが で、けいかくへんこう を よぎ なく された。	けが で、けいかくへんこう を よぎなく された。	J source-corrupt (lexical word split)	one lexical word/compound split by spaces; rejoined	ENO romaji word boundaries (joined) + lexicon	high
grammar_points	39d1e99a-6486-4ab9-9749-47bbc8795176	examples[1].hiragana	あんなひどいところには、二度と行くまい。	hiragana	あんな ひどい ところ には、にど と いくまい。	あんな ひどい ところ には、にどと いくまい。	J source-corrupt (lexical word split)	one lexical word/compound split by spaces; rejoined	ENO romaji word boundaries (joined) + lexicon	high
grammar_points	39d1e99a-6486-4ab9-9749-47bbc8795176	examples[1].romaji	あんなひどいところには、二度と行くまい。	romaji	Anna hidoi tokoro ni wa, nido to iku mai.	Anna hidoi tokoro ni wa, nidoto iku mai.	B spacing only (romaji rejoined to match joined Reading word)	romaji split a lexical word the Reading keeps whole	Reading word boundaries (aligner) + lexicon	high
grammar_points	3dc58eb8-0568-4cec-b3e9-11ad8c00923b	examples[0].hiragana	もう二度と彼とは会うまい。	hiragana	もう にど と かれ とは あうまい。	もう にどと かれ とは あうまい。	J source-corrupt (lexical word split)	one lexical word/compound split by spaces; rejoined	ENO romaji word boundaries (joined) + lexicon	high
grammar_points	3dc58eb8-0568-4cec-b3e9-11ad8c00923b	examples[0].romaji	もう二度と彼とは会うまい。	romaji	mou nido to kare to wa au mai.	mou nidoto kare to wa au mai.	B spacing only (romaji rejoined to match joined Reading word)	romaji split a lexical word the Reading keeps whole	Reading word boundaries (aligner) + lexicon	high
grammar_points	476c2a99-9336-4e8e-b028-274567f31b42	examples[0].hiragana	悪天候で中止を余儀なくされた。	hiragana	あくてんこう で ちゅうし を よぎ なく された。	あくてんこう で ちゅうし を よぎなく された。	J source-corrupt (lexical word split)	one lexical word/compound split by spaces; rejoined	ENO romaji word boundaries (joined) + lexicon	high
grammar_points	476c2a99-9336-4e8e-b028-274567f31b42	examples[1].hiragana	予算削減で人員削減を余儀なくされた。	hiragana	よさんさくげん で じんいんさくげん を よぎ なく された。	よさんさくげん で じんいんさくげん を よぎなく された。	J source-corrupt (lexical word split)	one lexical word/compound split by spaces; rejoined	ENO romaji word boundaries (joined) + lexicon	high
grammar_points	476c2a99-9336-4e8e-b028-274567f31b42	examples[2].hiragana	機械の故障で生産停止を余儀なくされた。	hiragana	きかい の こしょう で せいさんていし を よぎ なく された。	きかい の こしょう で せいさんていし を よぎなく された。	J source-corrupt (lexical word split)	one lexical word/compound split by spaces; rejoined	ENO romaji word boundaries (joined) + lexicon	high
grammar_points	47b7d6e4-2c60-4e1e-974b-aac604883f9f	examples[0].hiragana	残業続きで疲れ気味だ。	hiragana	ざんぎょうつづき で つかれ ぎみ だ。	ざんぎょうつづき で つかれぎみ だ。	J source-corrupt (lexical word split)	one lexical word/compound split by spaces; rejoined	ENO romaji word boundaries (joined) + lexicon	high
grammar_points	47b7d6e4-2c60-4e1e-974b-aac604883f9f	examples[0].romaji	残業続きで疲れ気味だ。	romaji	Zangyou tsuzuki de tsukare gimi da.	Zangyou tsuzuki de tsukaregimi da.	B spacing only (romaji rejoined to match joined Reading word)	romaji split a lexical word the Reading keeps whole	Reading word boundaries (aligner) + lexicon	high
grammar_points	53b38bbb-ad17-4188-8270-89dd3bf37a76	examples[0].reading	言わずもがなのことを言ってしまった。	reading	いわず も がな の こと を いって しまった。	いわずもがな の こと を いって しまった。	J source-corrupt (lexical word split)	one lexical word/compound split by spaces; rejoined	ENO romaji word boundaries (joined) + lexicon	high
grammar_points	53b38bbb-ad17-4188-8270-89dd3bf37a76	examples[0].romaji	言わずもがなのことを言ってしまった。	romaji	iwazu mogana no koto o itteshimatta.	iwazumogana no koto o itte shimatta.	B spacing only	romaji word boundary missing vs Reading	Reading boundaries (aligner)	high
grammar_points	53b38bbb-ad17-4188-8270-89dd3bf37a76	examples[1].reading	言わずもがな、健康が一番大切だ。	reading	いわず もが な、けんこう が いちばん たいせつ だ。	いわずもがな、けんこう が いちばん たいせつ だ。	J source-corrupt (lexical word split)	one lexical word/compound split by spaces; rejoined	ENO romaji word boundaries (joined) + lexicon	high
grammar_points	53b38bbb-ad17-4188-8270-89dd3bf37a76	examples[1].romaji	言わずもがな、健康が一番大切だ。	romaji	iwazu mogana, kenkou ga ichiban taisetsu da.	iwazumogana, kenkou ga ichiban taisetsu da.	B spacing only (romaji rejoined to match joined Reading word)	romaji split a lexical word the Reading keeps whole	Reading word boundaries (aligner) + lexicon	high
grammar_points	53b38bbb-ad17-4188-8270-89dd3bf37a76	examples[2].reading	それは言わずもがなのことだ。	reading	それ は いわず も がな の こと だ。	それ は いわずもがな の こと だ。	J source-corrupt (lexical word split)	one lexical word/compound split by spaces; rejoined	ENO romaji word boundaries (joined) + lexicon	high
grammar_points	53b38bbb-ad17-4188-8270-89dd3bf37a76	examples[2].romaji	それは言わずもがなのことだ。	romaji	sore wa iwazu mogana no koto da.	sore wa iwazumogana no koto da.	B spacing only (romaji rejoined to match joined Reading word)	romaji split a lexical word the Reading keeps whole	Reading word boundaries (aligner) + lexicon	high
grammar_points	6203b3ec-aacf-42b3-9a4c-201246e1157a	examples[0].reading	お会いできて光栄この上ない。	reading	おあいできて こうえい この うえ ない。	おあいできて こうえい このうえ ない。	J source-corrupt (lexical word split)	one lexical word/compound split by spaces; rejoined	ENO romaji word boundaries (joined) + lexicon	high
grammar_points	6203b3ec-aacf-42b3-9a4c-201246e1157a	examples[0].romaji	お会いできて光栄この上ない。	romaji	oai dekite kouei konouenai.	oai dekite kouei konoue nai.	B spacing only	romaji word boundary missing vs Reading	Reading boundaries (aligner)	high
grammar_points	6203b3ec-aacf-42b3-9a4c-201246e1157a	examples[1].reading	家族と暮らせるのは幸せこの上ない。	reading	かぞく と くらせる の は しあわせ この うえ ない。	かぞく と くらせる の は しあわせ このうえ ない。	J source-corrupt (lexical word split)	one lexical word/compound split by spaces; rejoined	ENO romaji word boundaries (joined) + lexicon	high
grammar_points	6203b3ec-aacf-42b3-9a4c-201246e1157a	examples[1].romaji	家族と暮らせるのは幸せこの上ない。	romaji	kazoku to kuraseru no wa shiawase konouenai.	kazoku to kuraseru no wa shiawase konoue nai.	B spacing only	romaji word boundary missing vs Reading	Reading boundaries (aligner)	high
grammar_points	6203b3ec-aacf-42b3-9a4c-201246e1157a	examples[2].reading	この賞をいただけるとは、光栄この上ない。	reading	この しょう を いただける とは、こうえい この うえ ない。	この しょう を いただける とは、こうえい このうえ ない。	J source-corrupt (lexical word split)	one lexical word/compound split by spaces; rejoined	ENO romaji word boundaries (joined) + lexicon	high
grammar_points	6203b3ec-aacf-42b3-9a4c-201246e1157a	examples[2].romaji	この賞をいただけるとは、光栄この上ない。	romaji	kono shou o itadakeru to wa, kouei konouenai.	kono shou o itadakeru to wa, kouei konoue nai.	B spacing only	romaji word boundary missing vs Reading	Reading boundaries (aligner)	high
grammar_points	654b8833-6376-4f7d-8269-23066e298a76	examples[0].reading	少しなりともお役に立ちたい。	reading	すこし なり とも おやく に たちたい。	すこし なりとも おやく に たちたい。	J source-corrupt (lexical word split)	one lexical word/compound split by spaces; rejoined	ENO romaji word boundaries (joined) + lexicon	high
grammar_points	654b8833-6376-4f7d-8269-23066e298a76	examples[1].reading	一言なりとも、挨拶すべきだった。	reading	ひとこと なり とも、あいさつ すべき だった。	ひとこと なりとも、あいさつ すべき だった。	J source-corrupt (lexical word split)	one lexical word/compound split by spaces; rejoined	ENO romaji word boundaries (joined) + lexicon	high
grammar_points	654b8833-6376-4f7d-8269-23066e298a76	examples[2].reading	多少なりともご協力いたします。	reading	たしょう なり とも ごきょうりょくいたします。	たしょう なりとも ごきょうりょくいたします。	J source-corrupt (lexical word split)	one lexical word/compound split by spaces; rejoined	ENO romaji word boundaries (joined) + lexicon	high
grammar_points	8f07af5d-5c82-4a78-a1c1-9fc225c09570	examples[1].hiragana	残業 続き で 疲れ 気味 だ。	hiragana	ざんぎょうつづき で つかれ ぎみ だ。	ざんぎょうつづき で つかれぎみ だ。	J source-corrupt (lexical word split)	one lexical word/compound split by spaces; rejoined	ENO romaji word boundaries (joined) + lexicon	high
grammar_points	8f07af5d-5c82-4a78-a1c1-9fc225c09570	examples[1].romaji	残業 続き で 疲れ 気味 だ。	romaji	zangyou tsuzuki de tsukare gimi da.	zangyou tsuzuki de tsukaregimi da.	B spacing only (romaji rejoined to match joined Reading word)	romaji split a lexical word the Reading keeps whole	Reading word boundaries (aligner) + lexicon	high
grammar_points	95148ac1-1c39-46b2-81c8-0b52ecc8e15c	examples[0].reading	子供ですら知っていることだ。	reading	こども で すら しって いる こと だ。	こども ですら しって いる こと だ。	J source-corrupt (lexical word split)	one lexical word/compound split by spaces; rejoined	ENO romaji word boundaries (joined) + lexicon	high
grammar_points	95148ac1-1c39-46b2-81c8-0b52ecc8e15c	examples[0].romaji	子供ですら知っていることだ。	romaji	kodomo desura shitteiru koto da.	kodomo desura shitte iru koto da.	B spacing only	romaji word boundary missing vs Reading	Reading boundaries (aligner)	high
grammar_points	95148ac1-1c39-46b2-81c8-0b52ecc8e15c	examples[1].reading	専門家ですら分からない問題だ。	reading	せんもんか で すら わからない もんだい だ。	せんもんか ですら わからない もんだい だ。	J source-corrupt (lexical word split)	one lexical word/compound split by spaces; rejoined	ENO romaji word boundaries (joined) + lexicon	high
grammar_points	9b25110b-b0e8-4ffd-bcad-7aba08da8c81	examples[2].reading	卒業を前にして、感慨深い。	reading	そつぎょう を まえ に して、かんがい ぶかい。	そつぎょう を まえ に して、かんがいぶかい。	J source-corrupt (lexical word split)	one lexical word/compound split by spaces; rejoined	ENO romaji word boundaries (joined) + lexicon	high
grammar_points	9ecbd363-d535-426a-a092-c0032d34b91b	examples[0].reading	ほかならぬあなたの頼みだから、引き受けよう。	reading	ほか ならぬ あなた の たのみ だから、ひきうけよう。	ほかならぬ あなた の たのみ だから、ひきうけよう。	J source-corrupt (lexical word split)	one lexical word/compound split by spaces; rejoined	ENO romaji word boundaries (joined) + lexicon	high
grammar_points	9ecbd363-d535-426a-a092-c0032d34b91b	examples[1].reading	これはほかならぬ私自身の決断だ。	reading	これ は ほか ならぬ わたし じしん の けつだん だ。	これ は ほかならぬ わたし じしん の けつだん だ。	J source-corrupt (lexical word split)	one lexical word/compound split by spaces; rejoined	ENO romaji word boundaries (joined) + lexicon	high
grammar_points	9ecbd363-d535-426a-a092-c0032d34b91b	examples[2].reading	ほかならぬ家族のためだ。	reading	ほか ならぬ かぞく の ため だ。	ほかならぬ かぞく の ため だ。	J source-corrupt (lexical word split)	one lexical word/compound split by spaces; rejoined	ENO romaji word boundaries (joined) + lexicon	high
grammar_points	a28493a9-0cab-412c-8177-df4504413168	examples[1].hiragana	もう一度やってごらんなさい。	hiragana	もう いちど やって ごらん なさい。	もう いちど やって ごらんなさい。	J source-corrupt (lexical word split)	one lexical word/compound split by spaces; rejoined	ENO romaji word boundaries (joined) + lexicon	high
grammar_points	ad45b202-75d1-4fe9-86e2-015db2fbd8d3	examples[0].hiragana	こんなチャンスはめったにないよ。	hiragana	こんな ちゃんす は めった に ない よ。	こんな ちゃんす は めったに ない よ。	J source-corrupt (lexical word split)	one lexical word/compound split by spaces; rejoined	ENO romaji word boundaries (joined) + lexicon	high
grammar_points	ad45b202-75d1-4fe9-86e2-015db2fbd8d3	examples[1].hiragana	忙しくてめったに休みが取れない。	hiragana	いそがしくて めった に やすみ が とれない。	いそがしくて めったに やすみ が とれない。	J source-corrupt (lexical word split)	one lexical word/compound split by spaces; rejoined	ENO romaji word boundaries (joined) + lexicon	high
grammar_points	ad45b202-75d1-4fe9-86e2-015db2fbd8d3	examples[2].hiragana	彼女はめったに病気をしないのに、入院しているらしい。	hiragana	かのじょ は めった に びょうき を しない の に、にゅういんして いるらしい。	かのじょ は めったに びょうき を しない の に、にゅういんして いるらしい。	J source-corrupt (lexical word split)	one lexical word/compound split by spaces; rejoined	ENO romaji word boundaries (joined) + lexicon	high
grammar_points	ad45b202-75d1-4fe9-86e2-015db2fbd8d3	examples[2].romaji	彼女はめったに病気をしないのに、入院しているらしい。	romaji	Kanojo wa mettani byouki o shinai noni, nyuuin shite iru rashii.	Kanojo wa mettani byouki o shinai no ni, nyuuin shite iru rashii.	B spacing only	romaji word boundary missing vs Reading	Reading boundaries (aligner)	high
grammar_points	b7b6d92a-e5cd-474a-be47-cd3a4d85f0ab	examples[0].reading	あんな失敗は二度とするまい。	reading	あんな しっぱい は にど と するまい。	あんな しっぱい は にどと するまい。	J source-corrupt (lexical word split)	one lexical word/compound split by spaces; rejoined	ENO romaji word boundaries (joined) + lexicon	high
grammar_points	b7b6d92a-e5cd-474a-be47-cd3a4d85f0ab	examples[0].romaji	あんな失敗は二度とするまい。	romaji	anna shippai wa nido to surumai.	anna shippai wa nidoto surumai.	B spacing only (romaji rejoined to match joined Reading word)	romaji split a lexical word the Reading keeps whole	Reading word boundaries (aligner) + lexicon	high
grammar_points	cc4631ae-44b9-42b8-8eb1-9cb037b8abf7	examples[0].reading	これは努力の結果に他ならない。	reading	これ は どりょく の けっか に ほか ならない。	これ は どりょく の けっか に ほかならない。	J source-corrupt (lexical word split)	one lexical word/compound split by spaces; rejoined	ENO romaji word boundaries (joined) + lexicon	high
grammar_points	cc4631ae-44b9-42b8-8eb1-9cb037b8abf7	examples[1].reading	成功は運ではなく、準備に他ならない。	reading	せいこう は うん では なく、じゅんび に ほか ならない。	せいこう は うん では なく、じゅんび に ほかならない。	J source-corrupt (lexical word split)	one lexical word/compound split by spaces; rejoined	ENO romaji word boundaries (joined) + lexicon	high
grammar_points	cc4631ae-44b9-42b8-8eb1-9cb037b8abf7	examples[2].reading	この問題の原因は無関心に他ならない。	reading	この もんだい の げんいん は むかんしん に ほか ならない。	この もんだい の げんいん は むかんしん に ほかならない。	J source-corrupt (lexical word split)	one lexical word/compound split by spaces; rejoined	ENO romaji word boundaries (joined) + lexicon	high
grammar_points	df0e5567-370e-41d4-9ade-d128ff2ec590	examples[0].hiragana	先日泊まったホテルは古くて高かった。しかも、サービスが悪かったので、もう二度と行かない。	hiragana	せんじつ とまった ほてる は ふるくて たかかった。しかも、さーびす が わるかった ので、もう にど と いかない。	せんじつ とまった ほてる は ふるくて たかかった。しかも、さーびす が わるかった ので、もう にどと いかない。	J source-corrupt (lexical word split)	one lexical word/compound split by spaces; rejoined	ENO romaji word boundaries (joined) + lexicon	high
grammar_points	df0e5567-370e-41d4-9ade-d128ff2ec590	examples[0].romaji	先日泊まったホテルは古くて高かった。しかも、サービスが悪かったので、もう二度と行かない。	romaji	Senjitsu tomatta hoteru wa furukute takakatta. Shikamo, saabisu ga warukatta node, mou nido to ikanai.	Senjitsu tomatta hoteru wa furukute takakatta. Shikamo, saabisu ga warukatta node, mou nidoto ikanai.	B spacing only (romaji rejoined to match joined Reading word)	romaji split a lexical word the Reading keeps whole	Reading word boundaries (aligner) + lexicon	high
grammar_points	ecf06f02-38fb-40be-95e9-d1f1a966a2d1	examples[0].hiragana	あんな店、二度と行くものか。	hiragana	あんな みせ、にど と いく もの か。	あんな みせ、にどと いく もの か。	J source-corrupt (lexical word split)	one lexical word/compound split by spaces; rejoined	ENO romaji word boundaries (joined) + lexicon	high
grammar_points	ecf06f02-38fb-40be-95e9-d1f1a966a2d1	examples[0].romaji	あんな店、二度と行くものか。	romaji	Anna mise, nido to iku mono ka.	Anna mise, nidoto iku mono ka.	B spacing only (romaji rejoined to match joined Reading word)	romaji split a lexical word the Reading keeps whole	Reading word boundaries (aligner) + lexicon	high
vocabulary	1e9a30b6-7330-4c16-ac84-320ace8a98ed	examples[0].romaji	車輪が壊れていたので、彼は重いスーツケースを床の上でずるずる引きずりました。	romaji	Sharin ga kowarete ita node, kare wa omoi suutukeesu o yuka no ue de zuruzuru hikizurimashita.	Sharin ga kowarete ita node, kare wa omoi suutsukeesu o yuka no ue de zuruzuru hikizurimashita.	C/G romaji content	romaji typo/wrong romanization/contraction split/digit-mixed	Reading + Japanese (aligner) + Hepburn-wapuro ENO style	high
vocabulary	4491dec1-7eba-4c24-b468-02c80617ec82	examples[0].romaji	農民たちは畑で野菜を育てています。	romaji	Noumintachi wa hatake de yasai o sodate imasu.	Noumintachi wa hatake de yasai o sodatete imasu.	C/G romaji content	romaji typo/wrong romanization/contraction split/digit-mixed	Reading + Japanese (aligner) + Hepburn-wapuro ENO style	high
vocabulary	91dc8243-27ff-4c41-98a5-485de4726f56	examples[0].romaji	祖父は畑で野菜を育てています。	romaji	Sofu wa hatake de yasai o sodate imasu.	Sofu wa hatake de yasai o sodatete imasu.	C/G romaji content	romaji typo/wrong romanization/contraction split/digit-mixed	Reading + Japanese (aligner) + Hepburn-wapuro ENO style	high
vocabulary	52f07014-90b9-4b12-adf8-ff4c25a5d9b5	examples[0].romaji	一頃、この地域は多くの工場が稼働していて、とても活気がありました。	romaji	Hitokoro, kono chiiki wa ooku no koujou ga kadou shite ite, totemo katsuki ga arimashita.	Hitokoro, kono chiiki wa ooku no koujou ga kadou shite ite, totemo kakki ga arimashita.	C/G romaji content	romaji typo/wrong romanization/contraction split/digit-mixed	Reading + Japanese (aligner) + Hepburn-wapuro ENO style	high
vocabulary	53232c6c-cefa-47e7-9d59-a9468650f011	examples[0].romaji	竹にはいくつもの節があります。	romaji	Take ni wa ikutsumo fushi ga arimasu.	Take ni wa ikutsu mo no fushi ga arimasu.	C/G romaji content	romaji typo/wrong romanization/contraction split/digit-mixed	Reading + Japanese (aligner) + Hepburn-wapuro ENO style	high
vocabulary	590c21a5-adc2-4f0b-8933-3736295202ba	examples[0].romaji	その若い俳優は、物語の主人公を見事に演じました。	romaji	Sono wakai haiyuu wa, monogatari no shujinkou o migoto ni enjirimashita.	Sono wakai haiyuu wa, monogatari no shujinkou o migoto ni enjimashita.	C/G romaji content	romaji typo/wrong romanization/contraction split/digit-mixed	Reading + Japanese (aligner) + Hepburn-wapuro ENO style	high
vocabulary	643522ad-0c05-4b66-8c47-443369d58d77	examples[0].romaji	彼はスピード違反で警察に捕まりました。	romaji	Kare wa supiido ihan de keisatsu ni tsukarimashita.	Kare wa supiido ihan de keisatsu ni tsukamarimashita.	C/G romaji content	romaji typo/wrong romanization/contraction split/digit-mixed	Reading + Japanese (aligner) + Hepburn-wapuro ENO style	high
vocabulary	7809d4bf-9e3a-4cd9-92ae-25eb1214812e	examples[0].romaji	その会社は一社の供給元に依存しすぎており、供給が止まると大きな影響を受けます。	romaji	Sono kaisha wa issha no kyoukyuumoto ni ison shisugite ori, kyoukyuu ga tomaru to ookina eikyou o ukemasu.	Sono kaisha wa issha no kyoukyuumoto ni izon shisugite ori, kyoukyuu ga tomaru to ookina eikyou o ukemasu.	C/G romaji content	romaji typo/wrong romanization/contraction split/digit-mixed	Reading + Japanese (aligner) + Hepburn-wapuro ENO style	high
vocabulary	9dd7cebf-e710-4da9-9ada-00142b0884a9	examples[0].romaji	彼は惇厚な人柄で皆に慕われている。	romaji	Kare wa junkou na hitogara de minna ni shitawarete iru.	Kare wa junkou na hitogara de mina ni shitawarete iru.	C/G romaji content	romaji typo/wrong romanization/contraction split/digit-mixed	Reading + Japanese (aligner) + Hepburn-wapuro ENO style	high
vocabulary	bef32257-d5b4-481a-ae9a-0c2971fcb505	examples[0].romaji	月給は毎月末に銀行口座へ振り込まれる。	romaji	Gekkyuu wa maitsuki matsu ni ginkou kouza e furikomareru.	Gekkyuu wa maigetsumatsu ni ginkou kouza e furikomareru.	C/G romaji content	romaji typo/wrong romanization/contraction split/digit-mixed	Reading + Japanese (aligner) + Hepburn-wapuro ENO style	high
vocabulary	d10270a9-e76f-4e0e-9680-f5da9e0d57dc	examples[0].romaji	機械を整備するときは、油で床を汚さないよう保護シートを敷いてください。	romaji	Kikai o seibi suru toki wa, abura de yuka o yogosanai you hogo shiito o hiite kudasai.	Kikai o seibi suru toki wa, abura de yuka o yogosanai you hogo shiito o shiite kudasai.	C/G romaji content	romaji typo/wrong romanization/contraction split/digit-mixed	Reading + Japanese (aligner) + Hepburn-wapuro ENO style	high
vocabulary	d8b56d7a-819a-4e80-9fcc-313531f74580	examples[0].romaji	性別で人を分け隔てすべきでない。	romaji	Seibetsu de hito o wakehedateru beki de nai.	Seibetsu de hito o wakehedate subeki de nai.	C/G romaji content	romaji typo/wrong romanization/contraction split/digit-mixed	Reading + Japanese (aligner) + Hepburn-wapuro ENO style	high
vocabulary	d8fc7280-135b-4507-b37e-875c3b6f29a7	examples[0].romaji	緊急時には、避難場所に簡易トイレを設置します。	romaji	Kinkyuji ni wa, hinan basho ni kan-i toire o setchi shimasu.	Kinkyuuji ni wa, hinan basho ni kan-i toire o setchi shimasu.	C/G romaji content	romaji typo/wrong romanization/contraction split/digit-mixed	Reading + Japanese (aligner) + Hepburn-wapuro ENO style	high
vocabulary	462ae0aa-2cd7-4dc0-9935-1a450ef0b1a6	examples[0].romaji	この 箱 は ３０センチ です。	romaji	kono hako wa sanjuu senchi desu.	kono hako wa sanjussenchi desu.	C/G romaji content	romaji typo/wrong romanization/contraction split/digit-mixed	Reading + Japanese (aligner) + Hepburn-wapuro ENO style	high
vocabulary	bfb1cc73-98c5-42e1-a99b-9b32e7b6d93b	examples[1].romaji	誰でも２足す２イコール４であることを知っている。	romaji	Dare demo 2 tasu 2 ikooru 4 de aru koto o shitte iru.	Dare demo ni tasu ni ikooru yon de aru koto o shitte iru.	C/G romaji content	romaji typo/wrong romanization/contraction split/digit-mixed	Reading + Japanese (aligner) + Hepburn-wapuro ENO style	high
vocabulary	8d426f2b-94ab-403a-9b18-5b1f7d510623	examples[0].romaji	水は０カロリーです。	romaji	Mizu wa 0 karorii desu.	Mizu wa zero karorii desu.	C/G romaji content	romaji typo/wrong romanization/contraction split/digit-mixed	Reading + Japanese (aligner) + Hepburn-wapuro ENO style	high
vocabulary	57670114-a0f3-4533-a569-25d80a02590a	examples[0].romaji	この全集は最終巻が欠けている。	romaji	Kono zenshuu no gokanme ga miataranai.	Kono zenshuu wa saishuukan ga kakete iru.	C/G romaji content	romaji typo/wrong romanization/contraction split/digit-mixed	Reading + Japanese (aligner) + Hepburn-wapuro ENO style	high
vocabulary	31f5a045-18ce-480f-9f01-e5539c762364	examples[0].romaji	このプラスチック製品は燃えないごみです。	romaji	kono purasuchikku wa wa moenai gomi	Kono purasuchikku seihin wa moenai gomi desu.	C/G romaji content	romaji typo/wrong romanization/contraction split/digit-mixed	Reading + Japanese (aligner) + Hepburn-wapuro ENO style	high
vocabulary	04194e52-679d-4418-ac02-2854d1deb2be	examples[0].romaji	土曜日に料理教室へ通っています。	romaji	doyoubi ni ryouri e e	Doyoubi ni ryouri kyoushitsu e kayotte imasu.	C/G romaji content	romaji typo/wrong romanization/contraction split/digit-mixed	Reading + Japanese (aligner) + Hepburn-wapuro ENO style	high
vocabulary	14bde440-7c8a-4407-8de1-30b0c1c96c4e	examples[0].romaji	毎週このテレビ番組を見ています。	romaji	maishuu kono terebi o o	Maishuu kono terebi bangumi o mite imasu.	C/G romaji content	romaji typo/wrong romanization/contraction split/digit-mixed	Reading + Japanese (aligner) + Hepburn-wapuro ENO style	high
vocabulary	1fd8ba69-bc93-4a5f-9cb6-b03ab205144b	examples[0].romaji	コンビニでコンサートチケットを販売しています。	romaji	konbini de konsaato o o	Konbini de konsaato chiketto o hanbai shite imasu.	C/G romaji content	romaji typo/wrong romanization/contraction split/digit-mixed	Reading + Japanese (aligner) + Hepburn-wapuro ENO style	high
vocabulary	25f4e6ce-0e0e-4496-917b-1576e92c9d17	examples[0].romaji	古い家庭電化製品を処分します。	romaji	furui kateidenka o o	Furui katei denka seihin o shobun shimasu.	C/G romaji content	romaji typo/wrong romanization/contraction split/digit-mixed	Reading + Japanese (aligner) + Hepburn-wapuro ENO style	high
vocabulary	5c41fe06-36ab-474a-b2ff-adb6e97076a5	examples[0].romaji	コンビニで公共料金を払いました。	romaji	konbini de koukyou o o	Konbini de koukyou ryoukin o haraimashita.	C/G romaji content	romaji typo/wrong romanization/contraction split/digit-mixed	Reading + Japanese (aligner) + Hepburn-wapuro ENO style	high
vocabulary	6b84695d-44ad-4981-9f5c-626315d018ba	examples[0].romaji	毎日、日本語の会話を練習しています。	romaji	mainichi, nihongo no o o	Mainichi, nihongo no kaiwa o renshuu shite imasu.	C/G romaji content	romaji typo/wrong romanization/contraction split/digit-mixed	Reading + Japanese (aligner) + Hepburn-wapuro ENO style	high
vocabulary	7f1d994c-63d8-42be-b7f3-d645986835a9	examples[0].romaji	パーティールームは二階にあります。	romaji	paatii wa wa nikai ni	Paatii ruumu wa nikai ni arimasu.	C/G romaji content	romaji typo/wrong romanization/contraction split/digit-mixed	Reading + Japanese (aligner) + Hepburn-wapuro ENO style	high
vocabulary	856f89af-d22c-4ff2-ada9-812e5f623110	examples[0].romaji	電話番号を間違えました。	romaji	denwa o o	Denwa bangou o machigaemashita.	C/G romaji content	romaji typo/wrong romanization/contraction split/digit-mixed	Reading + Japanese (aligner) + Hepburn-wapuro ENO style	high
vocabulary	a298bda0-fab9-405f-8fba-0bce67bd067c	examples[0].romaji	今度いっしょに京都へ行きませんか。	romaji	kondo issho ni kyouto e ikimasen	Kondo issho ni Kyouto e ikimasen ka.	C/G romaji content	romaji typo/wrong romanization/contraction split/digit-mixed	Reading + Japanese (aligner) + Hepburn-wapuro ENO style	high
vocabulary	a38bbdb9-c7d4-4980-8af4-699b258e75c0	examples[0].romaji	道が凍っていますから、気をつけてください。	romaji	michi ga kootteimasu kara, o o tsukete	Michi ga kootte imasu kara, ki o tsukete kudasai.	C/G romaji content	romaji typo/wrong romanization/contraction split/digit-mixed	Reading + Japanese (aligner) + Hepburn-wapuro ENO style	high
vocabulary	c34561dd-5522-4776-bb49-6d549cffa9cf	examples[0].romaji	将来、海の近くに家を建てたいです。	romaji	shourai, umi no chikaku ni o o tatetai	Shourai, umi no chikaku ni ie o tatetai desu.	C/G romaji content	romaji typo/wrong romanization/contraction split/digit-mixed	Reading + Japanese (aligner) + Hepburn-wapuro ENO style	high
vocabulary	c96923ed-a374-48d4-a279-5cefa3047efc	examples[0].romaji	割れたガラス製品は気をつけて捨ててください。	romaji	wareta garasu wa wa ki o	Wareta garasu seihin wa ki o tsukete sutete kudasai.	C/G romaji content	romaji typo/wrong romanization/contraction split/digit-mixed	Reading + Japanese (aligner) + Hepburn-wapuro ENO style	high
vocabulary	cd1a1f60-a8ac-4217-8cfe-174472fd8b2b	examples[0].romaji	このズボンのサイズ直しをお願いします。	romaji	kono zubon no saizu o o	Kono zubon no saizu naoshi o onegai shimasu.	C/G romaji content	romaji typo/wrong romanization/contraction split/digit-mixed	Reading + Japanese (aligner) + Hepburn-wapuro ENO style	high
vocabulary	cda35ad8-b99e-4408-ac52-80b9ff97e614	examples[0].romaji	集合する場所を教えてください。	romaji	shuugou suru o o oshiete	Shuugou suru basho o oshiete kudasai.	C/G romaji content	romaji typo/wrong romanization/contraction split/digit-mixed	Reading + Japanese (aligner) + Hepburn-wapuro ENO style	high
vocabulary	eafdf6d3-d143-4e5e-a50c-f213aafc33ca	examples[0].romaji	先生にでんしメールを送りました。	romaji	sensei ni denshi o o	Sensei ni denshi meeru o okurimashita.	C/G romaji content	romaji typo/wrong romanization/contraction split/digit-mixed	Reading + Japanese (aligner) + Hepburn-wapuro ENO style	high
vocabulary	f408e8db-1922-4573-957c-55bbfdd00911	examples[0].romaji	この店では、はがきと切手を販売しています。	romaji	kono mise dewa, hagaki to o o	Kono mise dewa, hagaki to kitte o hanbai shite imasu.	C/G romaji content	romaji typo/wrong romanization/contraction split/digit-mixed	Reading + Japanese (aligner) + Hepburn-wapuro ENO style	high
vocabulary_senses	5f6867ec-f96e-4430-856a-5b638a0676c8	examples[0].romaji	昨日、不思議な夢を見ました。	romaji	kinou, fushigina o o	Kinou, fushigi na yume o mimashita.	C/G romaji content	romaji typo/wrong romanization/contraction split/digit-mixed	Reading + Japanese (aligner) + Hepburn-wapuro ENO style	high
vocabulary_senses	8fe5c173-aacc-4d44-acaf-cbaf221fb99b	examples[0].romaji	集合する場所を確認します。	romaji	shuugou suru o o	Shuugou suru basho o kakunin shimasu.	C/G romaji content	romaji typo/wrong romanization/contraction split/digit-mixed	Reading + Japanese (aligner) + Hepburn-wapuro ENO style	high
vocabulary_senses	90fda1fd-bb65-4a7d-bc0e-c929d512d899	examples[0].romaji	将来、自分の会社を作りたいです。	romaji	shourai, jibun no o o tsukuritai	Shourai, jibun no kaisha o tsukuritai desu.	C/G romaji content	romaji typo/wrong romanization/contraction split/digit-mixed	Reading + Japanese (aligner) + Hepburn-wapuro ENO style	high
vocabulary_senses	0d6e3321-7029-45c9-8fb4-8065dbee684d	examples[0].romaji	妹は来年二十歳になります。	romaji		Imouto wa rainen hatachi ni narimasu.	I empty	romaji typo/wrong romanization/contraction split/digit-mixed	Reading + Japanese (aligner) + Hepburn-wapuro ENO style	high
vocabulary	478447ef-908a-4de6-8528-6ea684a7d38c	examples[0].romaji	彼を煽てて仕事を引き受けさせた。	romaji	Kare o odatete shigoto o hikiukesase ta.	Kare o odatete shigoto o hikiukesaseta.	C/G romaji content	romaji typo/wrong romanization/contraction split/digit-mixed	Reading + Japanese (aligner) + Hepburn-wapuro ENO style	high
vocabulary	5410cc1a-4bdc-44a4-87d7-e197dd22fbe1	examples[1].romaji	ヤニーは初来日してます。	romaji	Yanii wa hatsu rainichi shite masu.	Yanii wa hatsu rainichi shitemasu.	C/G romaji content	romaji typo/wrong romanization/contraction split/digit-mixed	Reading + Japanese (aligner) + Hepburn-wapuro ENO style	high
vocabulary	970fa0b7-44b3-49d4-9578-532af375c869	examples[0].romaji	野菜を細かく刻みます。	romaji	Yasai o komakaku kizami masu.	Yasai o komakaku kizamimasu.	C/G romaji content	romaji typo/wrong romanization/contraction split/digit-mixed	Reading + Japanese (aligner) + Hepburn-wapuro ENO style	high
vocabulary	e54e62f6-87a6-4366-bb4d-077af7ac34a7	examples[0].romaji	床にしゃがみました。	romaji	Yuka ni shagami mashita.	Yuka ni shagamimashita.	C/G romaji content	romaji typo/wrong romanization/contraction split/digit-mixed	Reading + Japanese (aligner) + Hepburn-wapuro ENO style	high
vocabulary	009a9d32-ae26-4d87-83d0-3b4b2b481956	examples[0].romaji	毎日電車で会社に通っています。	romaji	mainichi densha de kaisha ni kayotteimasu.	mainichi densha de kaisha ni kayotte imasu.	B spacing only	romaji word boundary missing vs Reading	Reading boundaries (aligner)	high
vocabulary	00ffe5f4-3990-4e34-826a-7da985f50d37	examples[0].romaji	兄は新聞社で働いています。	romaji	ani wa shinbunsha de hataraiteimasu.	ani wa shinbunsha de hataraite imasu.	B spacing only	romaji word boundary missing vs Reading	Reading boundaries (aligner)	high
vocabulary	068c159e-ad3a-4ecb-8625-3b27681b9cb1	examples[0].romaji	好きな色を選んでください。	romaji	sukina iro o erande kudasai.	suki na iro o erande kudasai.	B spacing only	romaji word boundary missing vs Reading	Reading boundaries (aligner)	high
vocabulary	0753604c-d402-48e8-a8ea-8f2c8e5f1e99	examples[1].romaji	私達は駐車場を捜すのに多くの時間を費やした。	romaji	Watashitachi wa chuushajou o sagasu noni ooku no jikan o tsuiyashita.	Watashitachi wa chuushajou o sagasu no ni ooku no jikan o tsuiyashita.	B spacing only	romaji word boundary missing vs Reading	Reading boundaries (aligner)	high
vocabulary	0b8170d0-23d4-49b5-8d37-15c4839926d4	examples[1].romaji	せめて謝ってくれてもいいのに。	romaji	Semete ayamatte kurete mo ii noni.	Semete ayamatte kurete mo ii no ni.	B spacing only	romaji word boundary missing vs Reading	Reading boundaries (aligner)	high
vocabulary	0e29a618-93d0-41b8-b686-a750884c98ca	examples[0].romaji	私用の新しい傘を買おっと。	romaji	Shiyou no atarashii kasa o kaotto.	Shiyou no atarashii kasa o kao tto.	B spacing only	romaji word boundary missing vs Reading	Reading boundaries (aligner)	high
vocabulary	0fe5e291-7cf1-40cf-831e-31c02bdb7f90	examples[0].romaji	朝から酷い雨が降り続き、いくつかの電車に遅れが出ています。	romaji	Asa kara hidoi ame ga furitsuzuki, ikutsuka no densha ni okure ga dete imasu.	Asa kara hidoi ame ga furitsuzuki, ikutsu ka no densha ni okure ga dete imasu.	B spacing only	romaji word boundary missing vs Reading	Reading boundaries (aligner)	high
vocabulary	0ffe5c38-bbd0-4e9e-95a4-f4505566af8a	examples[0].romaji	明日は試験なのに、彼は相変わらずのんきにしている。	romaji	Ashita wa shiken na noni, kare wa aikawarazu nonki ni shite iru.	Ashita wa shiken na no ni, kare wa aikawarazu nonki ni shite iru.	B spacing only	romaji word boundary missing vs Reading	Reading boundaries (aligner)	high
vocabulary	1036acfd-8edb-4763-9156-6db48e63885e	examples[0].romaji	この属はいくつかの亜科に分類される。	romaji	Kono zoku wa ikutsuka no aka ni bunrui sareru.	Kono zoku wa ikutsu ka no aka ni bunrui sareru.	B spacing only	romaji word boundary missing vs Reading	Reading boundaries (aligner)	high
vocabulary	11a5e43f-bc78-4337-b0ab-9f8e5f5a06d1	examples[0].romaji	何で 学校 を 休んだ の ですか。	romaji	nande gakkou o yasunda no desu ka.	nan de gakkou o yasunda no desu ka.	B spacing only	romaji word boundary missing vs Reading	Reading boundaries (aligner)	high
vocabulary	1208be65-b855-4205-8c15-8c7548af4baf	examples[0].romaji	娘は東京で働いています。	romaji	musume wa toukyou de hataraiteimasu.	musume wa toukyou de hataraite imasu.	B spacing only	romaji word boundary missing vs Reading	Reading boundaries (aligner)	high
vocabulary	1227ff75-4106-49b6-9b94-3211701da5cc	examples[0].romaji	彼は若くして発病した。	romaji	Kare wa wakakushite hatsubyou shita.	Kare wa wakaku shite hatsubyou shita.	B spacing only	romaji word boundary missing vs Reading	Reading boundaries (aligner)	high
vocabulary	161eba15-379a-4a0b-973f-795ad4339eb4	examples[0].romaji	物語 に お姫様 が 出てきます。	romaji	monogatari ni ohimesama ga detekimasu.	monogatari ni ohimesama ga dete kimasu.	B spacing only	romaji word boundary missing vs Reading	Reading boundaries (aligner)	high
vocabulary	1a75d51a-5522-47f2-a216-5bf83a263d56	examples[0].romaji	店員は客に「ごゆっくりお召し上がりください」と言った。	romaji	Tenin wa kyaku ni 'Goyukkuri omeshiagari kudasai' to itta.	Tenin wa kyaku ni 'Go yukkuri omeshiagari kudasai' to itta.	B spacing only	romaji word boundary missing vs Reading	Reading boundaries (aligner)	high
vocabulary	1d459288-4527-407d-a25b-ae6009c6dd1d	examples[0].romaji	緊急時には、このボタンを押して警報を鳴らしてください。	romaji	Kinkyuujini wa, kono botan o oshite keihou o narashite kudasai.	Kinkyuuji ni wa, kono botan o oshite keihou o narashite kudasai.	B spacing only	romaji word boundary missing vs Reading	Reading boundaries (aligner)	high
vocabulary	1e3f423e-130f-495b-b73b-cfaef58b6c27	examples[0].romaji	速度を測定する方法はいくつかある。	romaji	Sokudo o sokutei suru houhou wa ikutsuka aru.	Sokudo o sokutei suru houhou wa ikutsu ka aru.	B spacing only	romaji word boundary missing vs Reading	Reading boundaries (aligner)	high
vocabulary	1fcacc8b-6ab1-46e0-b4ce-b8b4ff98b954	examples[0].romaji	無重力で魚って泳げるのかな？	romaji	Mujuuryoku de sakana tte oyogeru no kana?	Mujuuryoku de sakana tte oyogeru no ka na?	B spacing only	romaji word boundary missing vs Reading	Reading boundaries (aligner)	high
vocabulary	22da4790-c384-423f-99c4-e0e4a3857a05	examples[0].romaji	知っている人なのに名前を度忘れした。	romaji	Shitte iru hito na noni namae o dowasure shita.	Shitte iru hito na no ni namae o dowasure shita.	B spacing only	romaji word boundary missing vs Reading	Reading boundaries (aligner)	high
vocabulary	2451d474-bf7d-4b4b-a09b-9857a7c22428	examples[0].romaji	お酒を飲んで暴れる人とは一緒に飲みに行きたくない。	romaji	Osake o nonde abareru hito to wa issho ni nomi ni ikitakunai.	Osake o nonde abareru hito to wa issho ni nomi ni ikitaku nai.	B spacing only	romaji word boundary missing vs Reading	Reading boundaries (aligner)	high
vocabulary	2470cd1d-9d18-4fbe-a514-2f48e2fb98d9	examples[0].romaji	提案を受け入れるか否かは明日決める。	romaji	Teian o ukeireru ka inaka wa ashita kimeru.	Teian o ukeireru ka ina ka wa ashita kimeru.	B spacing only	romaji word boundary missing vs Reading	Reading boundaries (aligner)	high
vocabulary	29cbc398-f01e-415b-986f-694513cd15ec	examples[1].romaji	その事実は古い文献のいくつかに見出される。	romaji	Sono jijitsu wa furui bunken no ikutsuka ni miidasareru.	Sono jijitsu wa furui bunken no ikutsu ka ni miidasareru.	B spacing only	romaji word boundary missing vs Reading	Reading boundaries (aligner)	high
vocabulary	2eb54b5e-50c4-4abd-96e0-186a776da4eb	examples[0].romaji	折角来てくれたのに留守をしていてごめんね。	romaji	Sekkaku kite kureta noni rusu o shite ite gomen ne.	Sekkaku kite kureta no ni rusu o shite ite gomen ne.	B spacing only	romaji word boundary missing vs Reading	Reading boundaries (aligner)	high
vocabulary	2eb54b5e-50c4-4abd-96e0-186a776da4eb	examples[1].romaji	折角ここまで歩いてきたのに、お店閉まってた。	romaji	Sekkaku koko made aruite kita noni, omise shimatteta.	Sekkaku koko made aruite kita no ni, omise shimatteta.	B spacing only	romaji word boundary missing vs Reading	Reading boundaries (aligner)	high
vocabulary	36c7c3c3-82d9-4a90-8c7a-9269024e3a60	examples[0].romaji	勝ち負けの確率は五分五分だ。	romaji	Kachimake no kakuritsu wa gobugobu da.	Kachimake no kakuritsu wa gobu gobu da.	B spacing only	romaji word boundary missing vs Reading	Reading boundaries (aligner)	high
vocabulary	39dbc312-43f5-4a76-a833-02e8260210f8	examples[0].romaji	この料理は作るのに手間がかかります。	romaji	Kono ryouri wa tsukuru noni tema ga kakarimasu.	Kono ryouri wa tsukuru no ni tema ga kakarimasu.	B spacing only	romaji word boundary missing vs Reading	Reading boundaries (aligner)	high
vocabulary	3f90b46f-2b55-49ab-9789-265c05e45598	examples[0].romaji	彼は大学を卒業した。然うして海外へ行った。	romaji	Kare wa daigaku o sotsugyou shita. Soushite kaigai e itta.	Kare wa daigaku o sotsugyou shita. Sou shite kaigai e itta.	B spacing only	romaji word boundary missing vs Reading	Reading boundaries (aligner)	high
vocabulary	4120106c-158b-4659-9738-bc9748b38695	examples[0].romaji	靴下に穴が開いています。	romaji	kutsushita ni ana ga aiteimasu.	kutsushita ni ana ga aite imasu.	B spacing only	romaji word boundary missing vs Reading	Reading boundaries (aligner)	high
vocabulary	43c31153-ab83-4b1c-a869-259e39f3f13a	examples[0].romaji	秋になったというのに、今日はいやに暑く感じます。	romaji	Aki ni natta to iu noni, kyou wa iya ni atsuku kanjimasu.	Aki ni natta to iu no ni, kyou wa iya ni atsuku kanjimasu.	B spacing only	romaji word boundary missing vs Reading	Reading boundaries (aligner)	high
vocabulary	45aff9f8-fb97-4169-aa79-ca5bc7bfcb96	examples[0].romaji	体調が悪いのに無茶をしてはいけない。	romaji	Taichou ga warui noni mucha o shite wa ikenai.	Taichou ga warui no ni mucha o shite wa ikenai.	B spacing only	romaji word boundary missing vs Reading	Reading boundaries (aligner)	high
vocabulary	46054d87-4cb2-4de4-8801-ee0584c681ba	examples[0].romaji	陣痛の間隔はどれくらいですか。	romaji	Jintsuu no kankaku wa dorekurai desu ka.	Jintsuu no kankaku wa dore kurai desu ka.	B spacing only	romaji word boundary missing vs Reading	Reading boundaries (aligner)	high
vocabulary	46054d87-4cb2-4de4-8801-ee0584c681ba	examples[1].romaji	どれくらいの間隔で献血してるの？	romaji	Dorekurai no kankaku de kenketsu shiteru no?	Dore kurai no kankaku de kenketsu shiteru no?	B spacing only	romaji word boundary missing vs Reading	Reading boundaries (aligner)	high
vocabulary	47d456ca-dd94-4f56-8d54-203bfb016496	examples[0].romaji	漁師たちは魚を捕るために日の出前から海へ出た。	romaji	Ryoushitachi wa sakana o toru tame ni hinode mae kara umi e deta.	Ryoushitachi wa sakana o toru tame ni hi no de mae kara umi e deta.	B spacing only	romaji word boundary missing vs Reading	Reading boundaries (aligner)	high
vocabulary	48cfb612-2cb9-448b-83bc-e926c4a3ebfd	examples[0].romaji	風船が大きく膨らんでいます。	romaji	fuusen ga ookiku fukurandeimasu.	fuusen ga ookiku fukurande imasu.	B spacing only	romaji word boundary missing vs Reading	Reading boundaries (aligner)	high
vocabulary	52b23b3c-8d2d-40ba-a6bd-5eb3633bb494	examples[0].romaji	壁に時計が掛かっています。	romaji	kabe ni tokei ga kakatteimasu.	kabe ni tokei ga kakatte imasu.	B spacing only	romaji word boundary missing vs Reading	Reading boundaries (aligner)	high
vocabulary	5488f0c3-e80e-451a-9e1c-12d171915942	examples[0].romaji	誰でも大なり小なり自惚れはある。	romaji	Dare demo dainari shounari unubore wa aru.	Dare demo dainari shou nari unubore wa aru.	B spacing only	romaji word boundary missing vs Reading	Reading boundaries (aligner)	high
vocabulary	55a24a56-8a43-4e26-a10a-aae9b5be0062	examples[0].romaji	この地域では昔から農耕が盛んだ。	romaji	Kono chiiki de wa mukashi kara noukou ga sakanda.	Kono chiiki de wa mukashi kara noukou ga sakan da.	B spacing only	romaji word boundary missing vs Reading	Reading boundaries (aligner)	high
vocabulary	56f15543-1aac-451b-a337-0617929b9eae	examples[0].romaji	こんなかばんを探しています。	romaji	konna kaban o sagashiteimasu.	konna kaban o sagashite imasu.	B spacing only	romaji word boundary missing vs Reading	Reading boundaries (aligner)	high
vocabulary	58c0b802-ef43-4fcf-834f-f2de8258d55e	examples[0].romaji	私の役目も終わりかな。	romaji	Watashi no yakume mo owari kana.	Watashi no yakume mo owari ka na.	B spacing only	romaji word boundary missing vs Reading	Reading boundaries (aligner)	high
vocabulary	594d4b01-8dc4-4770-98f2-411ff576911d	examples[0].romaji	そのレストランは、夜になると柔らかな照明でロマンチックな雰囲気を演出します。	romaji	Sono resutoran wa, yoru ni naru to yawarakana shoumei de romanchikku na fun'iki o enshutsu shimasu.	Sono resutoran wa, yoru ni naru to yawaraka na shoumei de romanchikku na fun'iki o enshutsu shimasu.	B spacing only	romaji word boundary missing vs Reading	Reading boundaries (aligner)	high
vocabulary	59cd2d76-8669-4d00-ab4a-2c098f7c4c5b	examples[0].romaji	一度失敗しても、自分の夢をあきらめたくない。	romaji	Ichido shippai shite mo, jibun no yume o akirametakunai.	Ichido shippai shite mo, jibun no yume o akirametaku nai.	B spacing only	romaji word boundary missing vs Reading	Reading boundaries (aligner)	high
vocabulary	5bfd4215-4444-4d5f-bb44-a4b20690a42a	examples[0].romaji	これから 日本語 を 勉強します。	romaji	korekara nihongo o benkyou shimasu.	kore kara nihongo o benkyou shimasu.	B spacing only	romaji word boundary missing vs Reading	Reading boundaries (aligner)	high
vocabulary	65f59757-ac42-4f45-99e6-677188a1c92f	examples[0].romaji	外出する前に髪を櫛でときなさい。	romaji	Gaishutsu suru mae ni kami o kushi de tokinasai.	Gaishutsu suru mae ni kami o kushi de toki nasai.	B spacing only	romaji word boundary missing vs Reading	Reading boundaries (aligner)	high
vocabulary	69c2d8c1-06e8-4d3f-a997-d1fa6644f772	examples[0].romaji	電車が止まった。其れで、会社に遅れた。	romaji	Densha ga tomatta. Sorede, kaisha ni okureta.	Densha ga tomatta. Sore de, kaisha ni okureta.	B spacing only	romaji word boundary missing vs Reading	Reading boundaries (aligner)	high
vocabulary	6ad6815b-665c-4f7a-a650-397190e7b68c	examples[0].romaji	招かれていないのに来て食事まで頼むなんて、ずうずうしい。	romaji	Manekarete inai noni kite shokuji made tanomu nante, zuuzuushii.	Manekarete inai no ni kite shokuji made tanomu nante, zuuzuushii.	B spacing only	romaji word boundary missing vs Reading	Reading boundaries (aligner)	high
vocabulary	6d1f4b4f-a61a-4c9c-b694-d5f5e54df935	examples[0].romaji	休み の 日 は 映画 を 見る とか 本 を 読む とか します。	romaji	yasumi no hi wa eiga o miru toka hon o yomu toka shimasu.	yasumi no hi wa eiga o miru to ka hon o yomu to ka shimasu.	B spacing only	romaji word boundary missing vs Reading	Reading boundaries (aligner)	high
vocabulary	702eb0a3-bff2-41f9-81f8-208bbe6bea8f	examples[0].romaji	先生は熱心に日本語を教えています。	romaji	sensei wa nesshin ni nihongo o oshieteimasu.	sensei wa nesshin ni nihongo o oshiete imasu.	B spacing only	romaji word boundary missing vs Reading	Reading boundaries (aligner)	high
vocabulary	70d43efc-d95b-44ce-92f4-cbae248b2040	examples[0].romaji	明日の朝食で新鮮なジュースを作るため、オレンジをいくつか買いました。	romaji	Ashita no choushoku de shinsen na juusu o tsukuru tame, orenji o ikutsuka kaimashita.	Ashita no choushoku de shinsen na juusu o tsukuru tame, orenji o ikutsu ka kaimashita.	B spacing only	romaji word boundary missing vs Reading	Reading boundaries (aligner)	high
vocabulary	70e320c2-a9c6-4e2a-8de9-edf20af1632e	examples[0].romaji	この方法の他にもいくつか方法があります。	romaji	Kono houhou no hoka ni mo ikutsuka houhou ga arimasu.	Kono houhou no hoka ni mo ikutsu ka houhou ga arimasu.	B spacing only	romaji word boundary missing vs Reading	Reading boundaries (aligner)	high
vocabulary	769ea282-8594-4cc1-ac9c-374a8da3cdb6	examples[0].romaji	市場環境の変化に対応できるよう、いくつかのシナリオを用意しました。	romaji	Shijou kankyou no henka ni taiou dekiru you, ikutsuka no shinario o youi shimashita.	Shijou kankyou no henka ni taiou dekiru you, ikutsu ka no shinario o youi shimashita.	B spacing only	romaji word boundary missing vs Reading	Reading boundaries (aligner)	high
vocabulary	77defde6-f9d7-4f86-b047-16fd25de3a59	examples[0].romaji	このコードはねじれています。	romaji	kono koodo wa nejireteimasu.	kono koodo wa nejirete imasu.	B spacing only	romaji word boundary missing vs Reading	Reading boundaries (aligner)	high
vocabulary	79caf5a7-9258-4c91-b794-779756d87025	examples[0].romaji	センサーが人を感知すると、ドアが一人でに開きます。	romaji	Sensaa ga hito o kanchi suru to, doa ga hitoride ni akimasu.	Sensaa ga hito o kanchi suru to, doa ga hitori de ni akimasu.	B spacing only	romaji word boundary missing vs Reading	Reading boundaries (aligner)	high
vocabulary	7b3c0ce7-b85e-4a8a-abe1-1fbc22c42755	examples[0].romaji	時計の針が十二時を指しています。	romaji	tokei no hari ga juuniji o sashiteimasu.	tokei no hari ga juuniji o sashite imasu.	B spacing only	romaji word boundary missing vs Reading	Reading boundaries (aligner)	high
vocabulary	7b8ac40c-0276-47fd-b7fe-585e23b2370c	examples[0].romaji	足元に気をつけなさい。さもないと手荷物につまずくよ。	romaji	Ashimoto ni ki o tsukenasai. Samonai to tenimotsu ni tsumazuku yo.	Ashimoto ni ki o tsukenasai. Samo nai to tenimotsu ni tsumazuku yo.	B spacing only	romaji word boundary missing vs Reading	Reading boundaries (aligner)	high
vocabulary	8149d52e-ce01-4132-86a1-49f0787080d9	examples[0].romaji	若しかすると電車に間に合わないかもしれない。	romaji	Moshikasuruto densha ni maniawanai kamo shirenai.	Moshi ka suru to densha ni maniawanai kamo shirenai.	B spacing only	romaji word boundary missing vs Reading	Reading boundaries (aligner)	high
vocabulary	816bfc96-a3db-4bcc-8d2f-cb971b9ed02f	examples[0].romaji	このお皿は端が欠けています。	romaji	kono osara wa hashi ga kaketeimasu.	kono osara wa hashi ga kakete imasu.	B spacing only	romaji word boundary missing vs Reading	Reading boundaries (aligner)	high
vocabulary	8199f719-811f-4f0f-97c9-4ff0f139cb78	examples[0].romaji	その外にも確認することがいくつかある。	romaji	Sono hoka ni mo kakunin suru koto ga ikutsuka aru.	Sono hoka ni mo kakunin suru koto ga ikutsu ka aru.	B spacing only	romaji word boundary missing vs Reading	Reading boundaries (aligner)	high
vocabulary	81d06522-9454-4b1f-940e-b0938e6f4681	examples[0].romaji	このドアは鍵が掛かっています。	romaji	kono doa wa kagi ga kakatteimasu.	kono doa wa kagi ga kakatte imasu.	B spacing only	romaji word boundary missing vs Reading	Reading boundaries (aligner)	high
vocabulary	84db300b-e789-4a77-b714-fd9b1af387e3	examples[0].romaji	この部屋は広い。其れに、明るい。	romaji	Kono heya wa hiroi. Soreni, akarui.	Kono heya wa hiroi. Sore ni, akarui.	B spacing only	romaji word boundary missing vs Reading	Reading boundaries (aligner)	high
vocabulary	8516653c-b139-443a-99e7-9a3b1691d08c	examples[0].romaji	その子は答えを考えながら、鉛筆の端を噛っていました。	romaji	Sono ko wa kotae o kangaenagara, enpitsu no hashi o kajitte imashita.	Sono ko wa kotae o kangaenagara, enpitsu no hashi o kaji tte imashita.	B spacing only	romaji word boundary missing vs Reading	Reading boundaries (aligner)	high
vocabulary	8787182e-9a00-48f9-8f7d-5d81e94c454f	examples[0].romaji	あの犬は少しやせています。	romaji	ano inu wa sukoshi yaseteimasu.	ano inu wa sukoshi yasete imasu.	B spacing only	romaji word boundary missing vs Reading	Reading boundaries (aligner)	high
vocabulary	880cf381-fa7c-485a-9a48-f5e83899db1d	examples[0].romaji	仕事が増えたのに給料は変わらないと、彼はずっとぼやいています。	romaji	Shigoto ga fueta noni kyuuryou wa kawaranai to, kare wa zutto boyaite imasu.	Shigoto ga fueta no ni kyuuryou wa kawaranai to, kare wa zutto boyaite imasu.	B spacing only	romaji word boundary missing vs Reading	Reading boundaries (aligner)	high
vocabulary	8a283075-7dd4-4fd2-a09f-26f3f2b014db	examples[0].romaji	柔らかな照明と静かな音楽が、そのレストランに落ち着いたムードを作っています。	romaji	Yawarakana shoumei to shizuka na ongaku ga, sono resutoran ni ochitsuita muudo o tsukutte imasu.	Yawaraka na shoumei to shizuka na ongaku ga, sono resutoran ni ochitsuita muudo o tsukutte imasu.	B spacing only	romaji word boundary missing vs Reading	Reading boundaries (aligner)	high
vocabulary	8d3ee128-94e8-45ec-9f07-62d01969b13e	examples[1].romaji	この都市の面積はどれくらいか。	romaji	Kono toshi no menseki wa dorekurai ka.	Kono toshi no menseki wa dore kurai ka.	B spacing only	romaji word boundary missing vs Reading	Reading boundaries (aligner)	high
vocabulary	8d88cac5-140e-4365-9539-af195cdcdac0	examples[0].romaji	威張る人は好きじゃない。	romaji	Ibaru hito wa suki janai.	Ibaru hito wa suki ja nai.	B spacing only	romaji word boundary missing vs Reading	Reading boundaries (aligner)	high
vocabulary	9110598f-a702-4d19-a12a-6774a661c024	examples[0].romaji	本当は困っているのに、彼は意地を張って助けを求めませんでした。	romaji	Hontou wa komatte iru noni, kare wa iji o hatte tasuke o motomemasen deshita.	Hontou wa komatte iru no ni, kare wa iji o hatte tasuke o motomemasen deshita.	B spacing only	romaji word boundary missing vs Reading	Reading boundaries (aligner)	high
vocabulary	92101a0d-d7ca-4053-a335-b9db37bbb125	examples[0].romaji	子どもの頃から、ギターやピアノなどいくつかの楽器を習っている。	romaji	Kodomo no koro kara, gitaa ya piano nado ikutsuka no gakki o naratte iru.	Kodomo no koro kara, gitaa ya piano nado ikutsu ka no gakki o naratte iru.	B spacing only	romaji word boundary missing vs Reading	Reading boundaries (aligner)	high
vocabulary	928a8a50-137c-4255-9258-1680299f36dd	examples[0].romaji	状況が変わった以上、何時までも古いやり方に頼ることはできません。	romaji	Joukyou ga kawatta ijou, itsumademo furui yarikata ni tayoru koto wa dekimasen.	Joukyou ga kawatta ijou, itsu mademo furui yarikata ni tayoru koto wa dekimasen.	B spacing only	romaji word boundary missing vs Reading	Reading boundaries (aligner)	high
vocabulary	9291d453-69c3-4b07-adb0-3afa23e96d79	examples[0].romaji	初対面なのに馴れ馴れしい態度だった。	romaji	Shotaimen na noni narenareshii taido datta.	Shotaimen na no ni narenareshii taido datta.	B spacing only	romaji word boundary missing vs Reading	Reading boundaries (aligner)	high
vocabulary	96b18bbd-d840-4928-8885-fbd1819f3bd2	examples[0].romaji	その詩集には、今でもよく引用される佳句がいくつかあります。	romaji	Sono shishuu ni wa, ima demo yoku inyou sareru kaku ga ikutsuka arimasu.	Sono shishuu ni wa, ima demo yoku inyou sareru kaku ga ikutsu ka arimasu.	B spacing only	romaji word boundary missing vs Reading	Reading boundaries (aligner)	high
vocabulary	975fa053-0c0b-4ad7-b2d1-970d9068a9ae	examples[0].romaji	一点差で負けたので、本当にくやしかった。	romaji	Ittensa de maketa node, hontou ni kuyashikatta.	Itten sa de maketa node, hontou ni kuyashikatta.	B spacing only	romaji word boundary missing vs Reading	Reading boundaries (aligner)	high
vocabulary	9dfd75ca-3dc1-4eac-b860-411ca30c0fbb	examples[0].romaji	空が暗くなってきたので、家に着く前に雨が降るかも知れません。	romaji	Sora ga kuraku natte kita node, ie ni tsuku mae ni ame ga furu kamoshiremasen.	Sora ga kuraku natte kita node, ie ni tsuku mae ni ame ga furu kamo shiremasen.	B spacing only	romaji word boundary missing vs Reading	Reading boundaries (aligner)	high
vocabulary	9e8c0900-eef3-4d62-bedc-29da483e6a16	examples[0].romaji	彼 は 明るい 性格 なので、よく もてます。	romaji	kare wa akarui seikaku nano de, yoku motemasu.	kare wa akarui seikaku na no de, yoku motemasu.	B spacing only	romaji word boundary missing vs Reading	Reading boundaries (aligner)	high
vocabulary	a0cce07e-ec59-4996-9dbc-eec46e46b61d	examples[0].romaji	宇宙船が月へ向かっています。	romaji	uchuusen ga tsuki e mukatteimasu.	uchuusen ga tsuki e mukatte imasu.	B spacing only	romaji word boundary missing vs Reading	Reading boundaries (aligner)	high
vocabulary	a11f8d0e-4390-40a5-a488-4f04683c0af5	examples[0].romaji	シャツのボタンが一つ取れてしまいました。	romaji	Shatsu no botan ga hitotsu toreteshimaimashita.	Shatsu no botan ga hitotsu torete shimaimashita.	B spacing only	romaji word boundary missing vs Reading	Reading boundaries (aligner)	high
vocabulary	a3201dc9-7f74-4a34-9f8d-f75a9d024c74	examples[0].romaji	其れでは、会議を始めます。	romaji	Soredewa, kaigi o hajimemasu.	Sore dewa, kaigi o hajimemasu.	B spacing only	romaji word boundary missing vs Reading	Reading boundaries (aligner)	high
vocabulary	a669466b-136e-41a2-91e3-b89d27911153	examples[0].romaji	問題が見つかった。其処で、計画を見直すことにした。	romaji	Mondai ga mitsukatta. Sokode, keikaku o minaosu koto ni shita.	Mondai ga mitsukatta. Soko de, keikaku o minaosu koto ni shita.	B spacing only	romaji word boundary missing vs Reading	Reading boundaries (aligner)	high
vocabulary	a6b4b39d-fa0f-4c0e-a117-5ad4a82deba1	examples[0].romaji	卵を半熟にゆでるのって、どれくらい時間がかかる？	romaji	Tamago o hanjuku ni yuderu no tte, dorekurai jikan ga kakaru?	Tamago o hanjuku ni yuderu no tte, dore kurai jikan ga kakaru?	B spacing only	romaji word boundary missing vs Reading	Reading boundaries (aligner)	high
vocabulary	a6c08ca9-8dbf-4004-9163-c176f04f15f9	examples[0].romaji	テレビ番組を見ている途中で、いくつかのコマーシャルが流れました。	romaji	Terebi bangumi o mite iru tochuu de, ikutsuka no komaasharu ga nagaremashita.	Terebi bangumi o mite iru tochuu de, ikutsu ka no komaasharu ga nagaremashita.	B spacing only	romaji word boundary missing vs Reading	Reading boundaries (aligner)	high
vocabulary	a7c209db-4d5e-4d5e-b993-fd1e07141b77	examples[0].romaji	年の暮れは何かと忙しくなります。	romaji	Toshi no kure wa nanikato isogashiku narimasu.	Toshi no kure wa nanika to isogashiku narimasu.	B spacing only	romaji word boundary missing vs Reading	Reading boundaries (aligner)	high
vocabulary	aac43d6d-bcf5-4d0c-959f-a028ca4a2972	examples[0].romaji	食べ物をよくかんでください。	romaji	tabemono o yoku kande kudasai.	tabemono o yoku kan de kudasai.	B spacing only	romaji word boundary missing vs Reading	Reading boundaries (aligner)	high
vocabulary	ad845b6f-9c75-4fd7-a1df-cafa66991184	examples[0].romaji	その計画は完璧に見えましたが、確認すると問題がいくつかありました。	romaji	Sono keikaku wa kanpeki ni miemashita ga, kakunin suru to mondai ga ikutsuka arimashita.	Sono keikaku wa kanpeki ni miemashita ga, kakunin suru to mondai ga ikutsu ka arimashita.	B spacing only	romaji word boundary missing vs Reading	Reading boundaries (aligner)	high
vocabulary	ad8b576a-390f-4087-8f7f-078a5bc6522b	examples[0].romaji	夕食を一緒に食べるため、友人を何人か家に招いた。	romaji	Yuushoku o issho ni taberu tame, yuujin o nanninka ie ni maneita.	Yuushoku o issho ni taberu tame, yuujin o nannin ka ie ni maneita.	B spacing only	romaji word boundary missing vs Reading	Reading boundaries (aligner)	high
vocabulary	ae0fe634-eb87-44ff-9717-cb41ec37768b	examples[0].romaji	この地域では畜産が盛んだ。	romaji	Kono chiiki de wa chikusan ga sakanda.	Kono chiiki de wa chikusan ga sakan da.	B spacing only	romaji word boundary missing vs Reading	Reading boundaries (aligner)	high
vocabulary	ae31ced0-c784-4fe0-b2e2-f16eda836f51	examples[0].romaji	せっかく来たのに、店は休みだった。	romaji	Sekkaku kita noni, mise wa yasumi datta.	Sekkaku kita no ni, mise wa yasumi datta.	B spacing only	romaji word boundary missing vs Reading	Reading boundaries (aligner)	high
vocabulary	b038c6f9-26f0-417b-9472-b6834e2c42ce	examples[0].romaji	数分前まで晴れていたのに、俄かに激しい雨が降り始めました。	romaji	Suufun mae made harete ita noni, niwaka ni hageshii ame ga furihajimemashita.	Suufun mae made harete ita no ni, niwaka ni hageshii ame ga furihajimemashita.	B spacing only	romaji word boundary missing vs Reading	Reading boundaries (aligner)	high
vocabulary	b2bad77d-aca5-4b34-b571-49ea53cd2730	examples[0].romaji	この箱は少しゆがんでいます。	romaji	kono hako wa sukoshi yugandeimasu.	kono hako wa sukoshi yugande imasu.	B spacing only	romaji word boundary missing vs Reading	Reading boundaries (aligner)	high
vocabulary	b5d331e0-5849-45d9-aa16-850e029a917e	examples[0].romaji	このりんごは腐っています。	romaji	kono ringo wa kusatteimasu.	kono ringo wa kusatte imasu.	B spacing only	romaji word boundary missing vs Reading	Reading boundaries (aligner)	high
vocabulary	b8c6edfa-d736-4ebf-9b47-3be860de9164	examples[0].romaji	この針金は曲がっています。	romaji	kono harigane wa magatteimasu.	kono harigane wa magatte imasu.	B spacing only	romaji word boundary missing vs Reading	Reading boundaries (aligner)	high
vocabulary	b9a5de83-e161-4471-9d89-02b46118ed5f	examples[0].romaji	この村はいくつかの字に分かれている。	romaji	Kono mura wa ikutsuka no aza ni wakarete iru.	Kono mura wa ikutsu ka no aza ni wakarete iru.	B spacing only	romaji word boundary missing vs Reading	Reading boundaries (aligner)	high
vocabulary	b9c224a8-28b9-4e74-9ae8-3aa75acff747	examples[0].romaji	駅の近くでホテルを探しています。	romaji	eki no chikaku de hoteru o sagashiteimasu.	eki no chikaku de hoteru o sagashite imasu.	B spacing only	romaji word boundary missing vs Reading	Reading boundaries (aligner)	high
vocabulary	bb609555-f50d-44a7-8170-8756be47664a	examples[0].romaji	いくつかの工場は環境を汚す。	romaji	Ikutsuka no koujou wa kankyou o yogosu.	Ikutsu ka no koujou wa kankyou o yogosu.	B spacing only	romaji word boundary missing vs Reading	Reading boundaries (aligner)	high
vocabulary	bcd3b000-fe0e-4ea8-9907-f9811761d7cc	examples[0].romaji	工場から出る二酸化炭素の放出を減らす。	romaji	Koujou kara deru nisankatanso no houshutsu o herasu.	Koujou kara deru nisanka tanso no houshutsu o herasu.	B spacing only	romaji word boundary missing vs Reading	Reading boundaries (aligner)	high
vocabulary	bda33d07-12dc-4aff-96a6-fc7526fa08c3	examples[0].romaji	その子猫はとてもすばしこく、捕まえようとするとすぐに跳び逃げました。	romaji	Sono koneko wa totemo subashikoku, tsukamaeyou to suru to sugu ni tobinigemashita.	Sono koneko wa totemo subashikoku, tsukamaeyou to suru to sugu ni tobi nigemashita.	B spacing only	romaji word boundary missing vs Reading	Reading boundaries (aligner)	high
vocabulary	c041e40e-4ed5-4d26-b812-c1ef80fe1194	examples[0].romaji	証拠がないのに犯人だと断定してはいけない。	romaji	Shouko ga nai noni hannin da to dantei shite wa ikenai.	Shouko ga nai no ni hannin da to dantei shite wa ikenai.	B spacing only	romaji word boundary missing vs Reading	Reading boundaries (aligner)	high
vocabulary	c19ddce8-b029-4b23-9568-bedffa4e2b94	examples[0].romaji	毎日電車で会社に通っています。	romaji	mainichi densha de kaisha ni kayotteimasu.	mainichi densha de kaisha ni kayotte imasu.	B spacing only	romaji word boundary missing vs Reading	Reading boundaries (aligner)	high
vocabulary	c1b913f3-7009-49e3-8dc4-7df12b6b20b9	examples[0].romaji	この猫は少し太っています。	romaji	kono neko wa sukoshi futotteimasu.	kono neko wa sukoshi futotte imasu.	B spacing only	romaji word boundary missing vs Reading	Reading boundaries (aligner)	high
vocabulary	c2298ba0-f781-49ee-88d0-65b6f9eb05cc	examples[0].romaji	大切なことをメモします。	romaji	taisetsuna koto o memo shimasu.	taisetsu na koto o memo shimasu.	B spacing only	romaji word boundary missing vs Reading	Reading boundaries (aligner)	high
vocabulary	c4db26e9-f535-458e-a6d3-7946f43bae9a	examples[0].romaji	そのレストランは落ち着いた色と柔らかな照明を使った、シックな内装です。	romaji	Sono resutoran wa ochitsuita iro to yawarakana shoumei o tsukatta, shikku na naisou desu.	Sono resutoran wa ochitsuita iro to yawaraka na shoumei o tsukatta, shikku na naisou desu.	B spacing only	romaji word boundary missing vs Reading	Reading boundaries (aligner)	high
vocabulary	c51bd707-1ce5-415e-adde-9de1a7d06345	examples[0].romaji	サーカス に ピエロ が 出てきました。	romaji	saakasu ni piero ga detekimashita.	saakasu ni piero ga dete kimashita.	B spacing only	romaji word boundary missing vs Reading	Reading boundaries (aligner)	high
vocabulary	c5d9d8fe-a240-4965-94b1-0fe4a89efbb1	examples[0].romaji	時間を如何に使うかが重要だ。	romaji	Jikan o ikani tsukau ka ga juuyou da.	Jikan o ika ni tsukau ka ga juuyou da.	B spacing only	romaji word boundary missing vs Reading	Reading boundaries (aligner)	high
vocabulary	c6710d3d-4aa5-4404-b3e9-1997cfd656a4	examples[0].romaji	今日は体が怠くて何もしたくない。	romaji	Kyou wa karada ga darukute nani mo shitakunai.	Kyou wa karada ga darukute nani mo shitaku nai.	B spacing only	romaji word boundary missing vs Reading	Reading boundaries (aligner)	high
vocabulary	ca3e459c-7446-4f52-b0de-b8ab9f168414	examples[0].romaji	食べ物をよくかんでください。	romaji	tabemono o yoku kande kudasai.	tabemono o yoku kan de kudasai.	B spacing only	romaji word boundary missing vs Reading	Reading boundaries (aligner)	high
vocabulary	ca4f9add-f73c-4996-ba5f-88c041fbd9e7	examples[0].romaji	洗濯物はもう乾いています。	romaji	sentakumono wa mou kawaiteimasu.	sentakumono wa mou kawaite imasu.	B spacing only	romaji word boundary missing vs Reading	Reading boundaries (aligner)	high
vocabulary	cb3fc597-4c23-47cd-bca8-2737a0959f29	examples[0].romaji	ここは風通しが良くて、涼むにはもってこいの場所なんだ。	romaji	Koko wa kazetooshi ga yokute, suzumu ni wa mottekoi no basho nan da.	Koko wa kazetooshi ga yokute, suzumu ni wa motte koi no basho nan da.	B spacing only	romaji word boundary missing vs Reading	Reading boundaries (aligner)	high
vocabulary	cc2c3e70-1245-4ed3-b16a-b09379f9ef18	examples[0].romaji	栗を剥くのって、めんどくさっ。	romaji	Kuri o muku no tte, mendokusa.	Kuri o muku no tte, mendoku sa.	B spacing only	romaji word boundary missing vs Reading	Reading boundaries (aligner)	high
vocabulary	ce1ce7d5-16e4-4136-af12-27c22b68268c	examples[0].romaji	皆に食物は足るかい。	romaji	Minna ni shokumotsu wa taru kai.	Minna ni shokumotsu wa taru ka i.	B spacing only	romaji word boundary missing vs Reading	Reading boundaries (aligner)	high
vocabulary	d1cd286f-2aea-40bd-9b78-71212b0ff8d3	examples[1].romaji	トンネルを掘るとしたらどれくらい簡単なのか。	romaji	Tonneru o horu to shitara dorekurai kantan na no ka.	Tonneru o horu to shitara dore kurai kantan na no ka.	B spacing only	romaji word boundary missing vs Reading	Reading boundaries (aligner)	high
vocabulary	d2bec78f-7615-4e37-9f63-bc107987d320	examples[0].romaji	家で犬を飼っています。	romaji	ie de inu o katteimasu.	ie de inu o katte imasu.	B spacing only	romaji word boundary missing vs Reading	Reading boundaries (aligner)	high
vocabulary	d7dade65-654f-40ae-9a17-598802237fc4	examples[0].romaji	事故 なので 救急車 を 呼びました。	romaji	jiko nanode kyuukyuusha o yobimashita.	jiko na node kyuukyuusha o yobimashita.	B spacing only	romaji word boundary missing vs Reading	Reading boundaries (aligner)	high
vocabulary	d960d2ba-2cb8-40ec-8f5d-a9dfc8aba2ab	examples[0].romaji	日本語の表記体系は不満かい？	romaji	Nihongo no hyouki taikei wa fuman kai?	Nihongo no hyouki taikei wa fuman ka i?	B spacing only	romaji word boundary missing vs Reading	Reading boundaries (aligner)	high
vocabulary	dcaade73-7728-4aae-8929-2a491994835a	examples[0].romaji	窓のガラスにひびが入っています。	romaji	mado no garasu ni hibi ga haitteimasu.	mado no garasu ni hibi ga haitte imasu.	B spacing only	romaji word boundary missing vs Reading	Reading boundaries (aligner)	high
vocabulary	dd6be522-afac-4b72-bc5d-876c7fd7b99a	examples[0].romaji	幸い、事故でけがをした人はいませんでした。	romaji	Saiwai, jiko de kega o shita hito wa imasendeshita.	Saiwai, jiko de kega o shita hito wa imasen deshita.	B spacing only	romaji word boundary missing vs Reading	Reading boundaries (aligner)	high
vocabulary	de6816d6-a6e3-4240-a520-2ccf715fbb51	examples[0].romaji	雨で服がぬれています。	romaji	ame de fuku ga nureteimasu.	ame de fuku ga nurete imasu.	B spacing only	romaji word boundary missing vs Reading	Reading boundaries (aligner)	high
vocabulary	e06893e2-39b1-4c76-b4f1-0647f33cefb2	examples[1].romaji	締切に間に合うように死に物狂いでやってるよ。	romaji	Shimekiri ni maniau you ni shinimonogurui de yatteru yo.	Shimekiri ni maniau you ni shini monogurui de yatteru yo.	B spacing only	romaji word boundary missing vs Reading	Reading boundaries (aligner)	high
vocabulary	e0cf359c-1a90-4b9c-957f-5457d4463f0e	examples[0].romaji	あんな 店 に 行きたくない です。	romaji	anna mise ni ikitakunai desu.	anna mise ni ikitaku nai desu.	B spacing only	romaji word boundary missing vs Reading	Reading boundaries (aligner)	high
vocabulary	e10a8a58-c900-44b6-a786-bbfd9237f59e	examples[0].romaji	武士は食わねど高楊枝。	romaji	Bushi wa kuwanedo takayouji.	Bushi wa kuwane do takayouji.	B spacing only	romaji word boundary missing vs Reading	Reading boundaries (aligner)	high
vocabulary	e65ea0ee-42b4-4a60-a429-912c00ccd8a4	examples[0].romaji	車のドアがへこんでいます。	romaji	kuruma no doa ga hekondeimasu.	kuruma no doa ga hekonde imasu.	B spacing only	romaji word boundary missing vs Reading	Reading boundaries (aligner)	high
vocabulary	e922f09d-cc2e-4d4a-9acd-cc69bdd3d0e6	examples[0].romaji	五日間の延べ参加者数は、二万人を超えました。	romaji	Itsukakan no nobe sankashasuu wa, nimannin o koemashita.	Itsukakan no nobe sankasha suu wa, nimannin o koemashita.	B spacing only	romaji word boundary missing vs Reading	Reading boundaries (aligner)	high
vocabulary	e988f4d5-631d-46c8-aa2e-0df04d7f3b3a	examples[0].romaji	明日は一日中晴天になる予報だ。	romaji	Ashita wa ichinichijuu seiten ni naru yohou da.	Ashita wa ichinichi juu seiten ni naru yohou da.	B spacing only	romaji word boundary missing vs Reading	Reading boundaries (aligner)	high
vocabulary	f1e437e7-e0be-435d-a91c-cd0ccaf1c2d4	examples[0].romaji	あと少しだったのに、おしい。	romaji	Ato sukoshi datta noni, oshii.	Ato sukoshi datta no ni, oshii.	B spacing only	romaji word boundary missing vs Reading	Reading boundaries (aligner)	high
vocabulary	f7df3df3-b561-4386-8f94-66d5d63150bc	examples[0].romaji	雨が降っていた。其れでも彼は出かけた。	romaji	Ame ga futte ita. Soredemo kare wa dekaketa.	Ame ga futte ita. Sore demo kare wa dekaketa.	B spacing only	romaji word boundary missing vs Reading	Reading boundaries (aligner)	high
vocabulary	f9396a0c-24be-4995-b91a-473b0b388d42	examples[0].romaji	この本はよく売れています。	romaji	kono hon wa yoku ureteimasu.	kono hon wa yoku urete imasu.	B spacing only	romaji word boundary missing vs Reading	Reading boundaries (aligner)	high
vocabulary	f9826b9c-41ac-4390-8d78-eacb262749c2	examples[1].romaji	「お皿、洗おうっと」「じゃぁ、俺、拭くよ」	romaji	'Osara, araoutto' 'Jaa, ore, fuku yo'	'Osara, araou tto' 'Jaa, ore, fuku yo'	B spacing only	romaji word boundary missing vs Reading	Reading boundaries (aligner)	high
vocabulary	fbcb179a-8ff1-4da0-9be6-44a8a18e74fc	examples[0].romaji	夏 なので 髪 を 丸刈り に しました。	romaji	natsu nanode kami o marugari ni shimashita.	natsu na node kami o marugari ni shimashita.	B spacing only	romaji word boundary missing vs Reading	Reading boundaries (aligner)	high
vocabulary	fcfd0f41-7864-4fcb-b02c-7e35d5dd9094	examples[0].romaji	会社の経営再建で、何人かの社員がリストラされた。	romaji	Kaisha no keiei saiken de, nanninka no shain ga risutora sareta.	Kaisha no keiei saiken de, nannin ka no shain ga risutora sareta.	B spacing only	romaji word boundary missing vs Reading	Reading boundaries (aligner)	high
vocabulary	fe79ba95-5af5-4a22-a361-9c7bddf1918c	examples[0].romaji	僕の水筒、どこかな？	romaji	Boku no suitou, doko kana?	Boku no suitou, doko ka na?	B spacing only	romaji word boundary missing vs Reading	Reading boundaries (aligner)	high
vocabulary	fee473d5-7112-4e36-ac41-e0d1eb5d8796	examples[0].romaji	この部屋にはエアコンが付いています。	romaji	kono heya ni wa eakon ga tsuiteimasu.	kono heya ni wa eakon ga tsuite imasu.	B spacing only	romaji word boundary missing vs Reading	Reading boundaries (aligner)	high
vocabulary_senses	0001bf8f-42d3-4ac1-84dc-8dbac0ea7f32	examples[1].romaji	縄梯子、見っけ。	romaji	Nawabashigo, mikke.	Nawabashigo, mi kke.	B spacing only	romaji word boundary missing vs Reading	Reading boundaries (aligner)	high
vocabulary_senses	008bfa75-d954-48e6-be3b-cf0b28cc484a	examples[0].romaji	ところで、仕事はどうですか。	romaji	Tokoro de, shigoto wa doudesu ka.	Tokoro de, shigoto wa dou desu ka.	B spacing only	romaji word boundary missing vs Reading	Reading boundaries (aligner)	high
vocabulary_senses	0d7e658b-6113-4bbc-b567-169fbffc1a18	examples[0].romaji	神経は抜くのですか。	romaji	Shinkei wa nuku nodesu ka.	Shinkei wa nuku no desu ka.	B spacing only	romaji word boundary missing vs Reading	Reading boundaries (aligner)	high
vocabulary_senses	0f764c61-ecd1-4cad-a6b8-4b982e51073d	examples[1].romaji	我々は暴力に訴えるべきでない。	romaji	Wareware wa bouryoku ni uttaerubekide nai.	Wareware wa bouryoku ni uttaerubeki de nai.	B spacing only	romaji word boundary missing vs Reading	Reading boundaries (aligner)	high
vocabulary_senses	0f774ada-9374-4613-8f68-2f8efff42933	examples[0].romaji	日本人の平均寿命は長いです。	romaji	Nihonjin no heikin jumyou wa nagaidesu.	Nihonjin no heikin jumyou wa nagai desu.	B spacing only	romaji word boundary missing vs Reading	Reading boundaries (aligner)	high
vocabulary_senses	10e8e13f-c7b7-4e9a-a95b-a9c9753a649a	examples[0].romaji	どの程度正式なのですか。	romaji	Dono teido seishiki na nodesu ka.	Dono teido seishiki na no desu ka.	B spacing only	romaji word boundary missing vs Reading	Reading boundaries (aligner)	high
vocabulary_senses	113562dd-1b04-44cd-8e47-4a83771628c7	examples[0].romaji	日本へ行けるなんて、うらやましいです。	romaji	Nihon e ikeru nante, urayamashiidesu.	Nihon e ikeru nante, urayamashii desu.	B spacing only	romaji word boundary missing vs Reading	Reading boundaries (aligner)	high
vocabulary_senses	113f77f4-94c5-4622-b03f-fbb0ddf90fa5	examples[0].romaji	全くですね。	romaji	Mattakudesu ne.	Mattaku desu ne.	B spacing only	romaji word boundary missing vs Reading	Reading boundaries (aligner)	high
vocabulary_senses	12047955-ca67-4f60-9d4c-a45e7fd2dd79	examples[0].romaji	精神分析って何ですか？	romaji	Seishin bunsekitte nan desu ka?	Seishin bunseki tte nan desu ka?	B spacing only	romaji word boundary missing vs Reading	Reading boundaries (aligner)	high
vocabulary_senses	1338df4d-9425-4f52-8bf1-677f47aaa690	examples[1].romaji	コンクリート桟橋なのですが、途中何カ所か崩壊しています。	romaji	Konkuriito sanbashi na nodesu ga, tochuu nan kasho ka houkai shite imasu.	Konkuriito sanbashi na no desu ga, tochuu nan kasho ka houkai shite imasu.	B spacing only	romaji word boundary missing vs Reading	Reading boundaries (aligner)	high
vocabulary_senses	14ea33be-d4e1-4ce6-a7b8-123a2f39a3bd	examples[0].romaji	焼もちは友情の敵だ。	romaji	Yakimochi wa yuujou no tekida.	Yakimochi wa yuujou no teki da.	B spacing only	romaji word boundary missing vs Reading	Reading boundaries (aligner)	high
vocabulary_senses	153a1e16-ca41-4f7e-93a0-63705d9f8a32	examples[1].romaji	残っているのは冒頭の部分だけであった。	romaji	Nokotte iru no wa boutou no bubun dakede atta.	Nokotte iru no wa boutou no bubun dake de atta.	B spacing only	romaji word boundary missing vs Reading	Reading boundaries (aligner)	high
vocabulary_senses	1603ce4d-1db4-4b66-bb4f-39f5e1d7f1e7	examples[0].romaji	これでいいですか。	romaji	Kore de iidesu ka.	Kore de ii desu ka.	B spacing only	romaji word boundary missing vs Reading	Reading boundaries (aligner)	high
vocabulary_senses	19900753-1461-490b-8d0e-191335928011	examples[0].romaji	父はしつけに厳しいです。	romaji	Chichi wa shitsuke ni kibishiidesu.	Chichi wa shitsuke ni kibishii desu.	B spacing only	romaji word boundary missing vs Reading	Reading boundaries (aligner)	high
vocabulary_senses	1f9ac016-5521-4593-ba77-6d6b6fe089b0	examples[0].romaji	それって本物？	romaji	Sorette honmono?	Sore tte honmono?	B spacing only	romaji word boundary missing vs Reading	Reading boundaries (aligner)	high
vocabulary_senses	1fbd777e-eb3c-49f6-9e41-19d3efdf481d	examples[1].romaji	少々自慢なのです。	romaji	Shoushou jiman na nodesu.	Shoushou jiman na no desu.	B spacing only	romaji word boundary missing vs Reading	Reading boundaries (aligner)	high
vocabulary_senses	1fbd7ab3-dbac-42e3-97bc-11ce50a581c3	examples[0].romaji	制限速度ってある？	romaji	Seigen sokudotte aru?	Seigen sokudo tte aru?	B spacing only	romaji word boundary missing vs Reading	Reading boundaries (aligner)	high
vocabulary_senses	23e4f6ec-12c1-4473-9213-c17f7f853018	examples[1].romaji	親は子供たちと充実した時間をすごすべきだ。	romaji	Oya wa kodomotachi to juujitsu shita jikan o sugosubekida.	Oya wa kodomotachi to juujitsu shita jikan o sugosubeki da.	B spacing only	romaji word boundary missing vs Reading	Reading boundaries (aligner)	high
vocabulary_senses	23eabf89-d3ad-4308-af11-ec7e00ad9949	examples[0].romaji	お皿洗って。	romaji	osara aratte.	osara ara tte.	B spacing only	romaji word boundary missing vs Reading	Reading boundaries (aligner)	high
vocabulary_senses	246a2fe7-5392-43a2-95c8-3478ebbdb934	examples[0].romaji	辞めるべきだよ。	romaji	Yamerubekida yo.	Yamerubeki da yo.	B spacing only	romaji word boundary missing vs Reading	Reading boundaries (aligner)	high
vocabulary_senses	2b93a593-9c61-44c3-80f5-b637a2af15c8	examples[0].romaji	機会があれば日本へ行きたいです。	romaji	Kikai ga are ba nihon e ikitaidesu.	Kikai ga are ba nihon e ikitai desu.	B spacing only	romaji word boundary missing vs Reading	Reading boundaries (aligner)	high
vocabulary_senses	2e68281d-0172-4407-b5d4-f2d59b4ddf0a	examples[0].romaji	乗り換えるのですか。	romaji	Norikaeru nodesu ka.	Norikaeru no desu ka.	B spacing only	romaji word boundary missing vs Reading	Reading boundaries (aligner)	high
vocabulary_senses	2eb50234-3cac-4a51-b476-4203dd782b1d	examples[0].romaji	適切なときに適切な措置を講ずるべきです。	romaji	Tekisetsu na toki ni tekisetsu na sochi o kouzurubekidesu.	Tekisetsu na toki ni tekisetsu na sochi o kouzurubeki desu.	B spacing only	romaji word boundary missing vs Reading	Reading boundaries (aligner)	high
vocabulary_senses	2f18f006-9a22-43ad-b5ac-86ccd639302b	examples[1].romaji	貴社に伺うのに便利な場所の部屋を予約できればありがたいのですが。	romaji	Kisha ni ukagau no ni benri na basho no heya o yoyaku dekire ba arigatai nodesu ga.	Kisha ni ukagau no ni benri na basho no heya o yoyaku dekire ba arigatai no desu ga.	B spacing only	romaji word boundary missing vs Reading	Reading boundaries (aligner)	high
vocabulary_senses	30b740b3-7a36-49f0-9681-29fdcf566f92	examples[0].romaji	友達と旅行して、楽しかったです。	romaji	Tomodachi to ryokou shite, tanoshikattadesu.	Tomodachi to ryokou shite, tanoshikatta desu.	B spacing only	romaji word boundary missing vs Reading	Reading boundaries (aligner)	high
vocabulary_senses	31b021a2-d690-4ddc-922e-400632cf29f3	examples[1].romaji	ご注文はお決まりですか？	romaji	Gochuumon wa okimaridesu ka?	Gochuumon wa okimari desu ka?	B spacing only	romaji word boundary missing vs Reading	Reading boundaries (aligner)	high
vocabulary_senses	33ec7d78-0f5b-4521-a742-ab151fb9e5bc	examples[0].romaji	実際幸せなのです。	romaji	Jissai shiawase na nodesu.	Jissai shiawase na no desu.	B spacing only	romaji word boundary missing vs Reading	Reading boundaries (aligner)	high
vocabulary_senses	38be0fbe-255d-4711-a208-e43f5395ebc0	examples[1].romaji	生粋のお嬢様だからな。残念ながら悪戯とかじゃなくてあれで素だ。	romaji	Kissui no ojousama dakara na. Zannen nagara itazura toka janakute are de su da.	Kissui no ojousama dakara na. Zannen nagara itazura to ka ja nakute are de su da.	B spacing only	romaji word boundary missing vs Reading	Reading boundaries (aligner)	high
vocabulary_senses	3a6da2dd-ef8a-4bfa-869b-41525beac1eb	examples[0].romaji	何が起こるだろう。	romaji	Nani ga okorudarou.	Nani ga okoru darou.	B spacing only	romaji word boundary missing vs Reading	Reading boundaries (aligner)	high
vocabulary_senses	3a88a24f-808f-4075-9389-3990c48b86de	examples[0].romaji	邪魔なのです。	romaji	Jama na nodesu.	Jama na no desu.	B spacing only	romaji word boundary missing vs Reading	Reading boundaries (aligner)	high
vocabulary_senses	3d46367d-384d-4f7a-aa2c-a02d03540409	examples[0].romaji	火に油を注ぐだけだ。	romaji	Hi ni abura o sosogu dakeda.	Hi ni abura o sosogu dake da.	B spacing only	romaji word boundary missing vs Reading	Reading boundaries (aligner)	high
vocabulary_senses	3e89f68c-98ad-4b81-b055-262020820b15	examples[1].romaji	私が依頼すべきでしょうね。	romaji	Watashi ga irai subekideshou ne.	Watashi ga irai subeki deshou ne.	B spacing only	romaji word boundary missing vs Reading	Reading boundaries (aligner)	high
vocabulary_senses	3fbbd5b1-cbd8-4b95-b7ca-63d925836dd9	examples[0].romaji	民主主義って何？	romaji	Minshu shugitte nani?	Minshu shugi tte nani?	B spacing only	romaji word boundary missing vs Reading	Reading boundaries (aligner)	high
vocabulary_senses	440d9b76-403c-4e49-84a2-71d4caab46ab	examples[1].romaji	実際幸せなのです。	romaji	Jissai shiawase na nodesu.	Jissai shiawase na no desu.	B spacing only	romaji word boundary missing vs Reading	Reading boundaries (aligner)	high
vocabulary_senses	4500eb6e-6c67-447e-b03a-8d0e946f3035	examples[1].romaji	まもなく彼は誤りに、気付くだろう。	romaji	Ma mo naku kare wa ayamari ni, kizukudarou.	Ma mo naku kare wa ayamari ni, kizuku darou.	B spacing only	romaji word boundary missing vs Reading	Reading boundaries (aligner)	high
vocabulary_senses	454cccc5-8c43-4000-826e-24c66de439b2	examples[0].romaji	山からの景色はすばらしいです。	romaji	Yama kara no keshiki wa subarashiidesu.	Yama kara no keshiki wa subarashii desu.	B spacing only	romaji word boundary missing vs Reading	Reading boundaries (aligner)	high
vocabulary_senses	47328270-8aab-404d-a3cd-2f747a7162e3	examples[0].romaji	失礼ですが、どちらさまでしょうか。	romaji	Shitsurei desu ga, dochirasamadeshou ka.	Shitsurei desu ga, dochirasama deshou ka.	B spacing only	romaji word boundary missing vs Reading	Reading boundaries (aligner)	high
vocabulary_senses	4c5aad83-d1b9-4fc5-a269-8fdc05cf3b9c	examples[0].romaji	すみません、今いいでしょうか。	romaji	Sumimasen, ima iideshou ka.	Sumimasen, ima ii deshou ka.	B spacing only	romaji word boundary missing vs Reading	Reading boundaries (aligner)	high
vocabulary_senses	4c693f25-5586-467b-a6e5-9801dbe58240	examples[0].romaji	諦めるっていうの？	romaji	Akiramerutte iu no?	Akirameru tte iu no?	B spacing only	romaji word boundary missing vs Reading	Reading boundaries (aligner)	high
vocabulary_senses	4faec4ca-b626-4c82-bbc9-ce5047b518a3	examples[1].romaji	調査担当者はどのルートが一番容易に、すなわち一番安上がりに作れるかも、鉄道の推進者にアドバイスしうるであろう。	romaji	Chousa tantousha wa dono ruuto ga ichiban youi ni, sunawachi ichiban yasuagari ni tsukureru ka mo, tetsudou no suishinsha ni adobaisu shi urude arou.	Chousa tantousha wa dono ruuto ga ichiban youi ni, sunawachi ichiban yasuagari ni tsukureru ka mo, tetsudou no suishinsha ni adobaisu shi uru de arou.	B spacing only	romaji word boundary missing vs Reading	Reading boundaries (aligner)	high
vocabulary_senses	5145c17f-2289-47dc-b5c1-743b8e15dbe1	examples[0].romaji	おたまでスープを入れます。	romaji	Otama de suupu o iremasu.	Ota ma de suupu o iremasu.	B spacing only	romaji word boundary missing vs Reading	Reading boundaries (aligner)	high
vocabulary_senses	51e11f76-1e77-47c9-8a0f-fae32d5b9455	examples[1].romaji	ごめんください、山田です。ご主人にお目にかかりたいのですが。	romaji	Gomen kudasai, yamada desu. goshujin ni ome ni kakaritai nodesu ga.	Gomen kudasai, yamada desu. goshujin ni ome ni kakaritai no desu ga.	B spacing only	romaji word boundary missing vs Reading	Reading boundaries (aligner)	high
vocabulary_senses	52a7321d-65b0-4a7c-8f38-a49872d5a967	examples[0].romaji	将来、宇宙飛行士になりたいです。	romaji	Shourai, uchuu hikoushi ni naritaidesu.	Shourai, uchuu hikoushi ni naritai desu.	B spacing only	romaji word boundary missing vs Reading	Reading boundaries (aligner)	high
vocabulary_senses	55ad2644-c453-4fe0-a4c1-e277015c81c3	examples[0].romaji	最後に、ひとことよろしいでしょうか。	romaji	Saigo ni, hitokoto yoroshiideshou ka.	Saigo ni, hitokoto yoroshii deshou ka.	B spacing only	romaji word boundary missing vs Reading	Reading boundaries (aligner)	high
vocabulary_senses	57444698-2a99-4119-b0de-9722437290ea	examples[0].romaji	今夜は雨が降るでしょう。	romaji	Konya wa ame ga furudeshou.	Konya wa ame ga furu deshou.	B spacing only	romaji word boundary missing vs Reading	Reading boundaries (aligner)	high
vocabulary_senses	57aefdac-e1ac-4353-8bea-ccb9986cf287	examples[0].romaji	窓を開けても宜しいですか。	romaji	Mado o akete mo yoroshiidesu ka.	Mado o akete mo yoroshii desu ka.	B spacing only	romaji word boundary missing vs Reading	Reading boundaries (aligner)	high
vocabulary_senses	57aefdac-e1ac-4353-8bea-ccb9986cf287	examples[1].romaji	ナイフを借りても宜しいでしょうか。	romaji	Naifu o karite mo yoroshiideshou ka.	Naifu o karite mo yoroshii deshou ka.	B spacing only	romaji word boundary missing vs Reading	Reading boundaries (aligner)	high
vocabulary_senses	5a6ebe4c-9d50-482a-ab3f-3604013d37a4	examples[1].romaji	彼って手の掛かる人だね。	romaji	Karette te no kakaru hito da ne.	Kare tte te no kakaru hito da ne.	B spacing only	romaji word boundary missing vs Reading	Reading boundaries (aligner)	high
vocabulary_senses	5c00f5de-e20b-4fe8-999f-e318c600e835	examples[1].romaji	トムが車に酔うことってあるの？	romaji	Tomu ga kuruma ni you kototte aru no?	Tomu ga kuruma ni you koto tte aru no?	B spacing only	romaji word boundary missing vs Reading	Reading boundaries (aligner)	high
vocabulary_senses	5c967993-c59e-49f3-9322-deb9d96967d6	examples[0].romaji	結果はどうですか。	romaji	Kekka wa doudesu ka.	Kekka wa dou desu ka.	B spacing only	romaji word boundary missing vs Reading	Reading boundaries (aligner)	high
vocabulary_senses	5cad8559-f290-4983-bb20-5f5091abbb9a	examples[0].romaji	この薬は苦いです。	romaji	Kono kusuri wa nigaidesu.	Kono kusuri wa nigai desu.	B spacing only	romaji word boundary missing vs Reading	Reading boundaries (aligner)	high
vocabulary_senses	5fd0e179-4cee-4d4b-a314-ede6ce7648ce	examples[0].romaji	朕は国家なり。	romaji	Chin wa kokkanari.	Chin wa kokka nari.	B spacing only	romaji word boundary missing vs Reading	Reading boundaries (aligner)	high
vocabulary_senses	60999bf6-1e72-4d1f-9309-1c85ee7533f4	examples[0].romaji	エジプトのピラミッドを見たいです。	romaji	Ejiputo no piramiddo o mitaidesu.	Ejiputo no piramiddo o mitai desu.	B spacing only	romaji word boundary missing vs Reading	Reading boundaries (aligner)	high
vocabulary_senses	6281f2c7-e5b4-429a-8d58-7ccce7f113c4	examples[0].romaji	新しい仕事を探しています。	romaji	atarashii shigoto o sagashiteimasu.	atarashii shigoto o sagashite imasu.	B spacing only	romaji word boundary missing vs Reading	Reading boundaries (aligner)	high
vocabulary_senses	698c8f4c-db1b-4091-8b42-b2b4d74287e0	examples[1].romaji	あれって、消防車？	romaji	Arette, shoubousha?	Are tte, shoubousha?	B spacing only	romaji word boundary missing vs Reading	Reading boundaries (aligner)	high
vocabulary_senses	69ccb893-7749-4a8b-98e2-895b1234ddd8	examples[0].romaji	この言葉の発音は難しいです。	romaji	Kono kotoba no hatsuon wa muzukashiidesu.	Kono kotoba no hatsuon wa muzukashii desu.	B spacing only	romaji word boundary missing vs Reading	Reading boundaries (aligner)	high
vocabulary_senses	6d04cfc4-c205-4843-a5e0-88479fbc5805	examples[0].romaji	ここなら安全なのですか。	romaji	Koko nara anzen na nodesu ka.	Koko nara anzen na no desu ka.	B spacing only	romaji word boundary missing vs Reading	Reading boundaries (aligner)	high
vocabulary_senses	6fa09418-de14-4e5e-b216-e1c33ea48cb0	examples[0].romaji	この靴の大きさはちょうどいいです。	romaji	Kono kutsu no ookisa wa choudo iidesu.	Kono kutsu no ookisa wa choudo ii desu.	B spacing only	romaji word boundary missing vs Reading	Reading boundaries (aligner)	high
vocabulary_senses	7065b05a-0dbf-4fad-a60f-a8349fd80592	examples[0].romaji	友達が帰国して、悲しいです。	romaji	Tomodachi ga kikoku shite, kanashiidesu.	Tomodachi ga kikoku shite, kanashii desu.	B spacing only	romaji word boundary missing vs Reading	Reading boundaries (aligner)	high
vocabulary_senses	70ffd9ea-ba94-411f-a408-00c5638d94d4	examples[0].romaji	若者は老人に席を譲るべきだ。	romaji	Wakamono wa roujin ni seki o yuzurubekida.	Wakamono wa roujin ni seki o yuzurubeki da.	B spacing only	romaji word boundary missing vs Reading	Reading boundaries (aligner)	high
vocabulary_senses	71fd6951-aeff-45ff-af04-0c89478e30b9	examples[1].romaji	幸福って何？	romaji	Koufukutte nani?	Koufuku tte nani?	B spacing only	romaji word boundary missing vs Reading	Reading boundaries (aligner)	high
vocabulary_senses	72cfb139-5da2-4fb9-804e-76dff37f3b44	examples[0].romaji	物理って得意？	romaji	Butsuritte tokui?	Butsuri tte tokui?	B spacing only	romaji word boundary missing vs Reading	Reading boundaries (aligner)	high
vocabulary_senses	75d71ffc-8384-4db8-bc97-61e44ca1245f	examples[0].romaji	多分そうだよ。	romaji	Tabun souda yo.	Tabun sou da yo.	B spacing only	romaji word boundary missing vs Reading	Reading boundaries (aligner)	high
vocabulary_senses	76ea5736-c738-4ede-985c-84c9fdd9b9f8	examples[0].romaji	午後は晴れるでしょう。	romaji	Gogo wa harerudeshou.	Gogo wa hareru deshou.	B spacing only	romaji word boundary missing vs Reading	Reading boundaries (aligner)	high
vocabulary_senses	788e208a-d27c-494a-993d-4fa79782a061	examples[1].romaji	親は無くとも子は育つ。	romaji	Oya wa nakutomo ko wa sodatsu.	Oya wa naku tomo ko wa sodatsu.	B spacing only	romaji word boundary missing vs Reading	Reading boundaries (aligner)	high
vocabulary_senses	79b3659c-4ebb-4c68-b616-c5f2d8a671aa	examples[0].romaji	先生はとても優しいです。	romaji	Sensei wa totemo yasashiidesu.	Sensei wa totemo yasashii desu.	B spacing only	romaji word boundary missing vs Reading	Reading boundaries (aligner)	high
vocabulary_senses	79cc224b-967a-4208-b377-a9ebbbc1dadc	examples[0].romaji	私は地震が怖いです。	romaji	Watashi wa jishin ga kowaidesu.	Watashi wa jishin ga kowai desu.	B spacing only	romaji word boundary missing vs Reading	Reading boundaries (aligner)	high
vocabulary_senses	7dad5ecf-b926-46e4-8394-f5bb82657eaa	examples[1].romaji	制限速度ってある？	romaji	Seigen sokudotte aru?	Seigen sokudo tte aru?	B spacing only	romaji word boundary missing vs Reading	Reading boundaries (aligner)	high
vocabulary_senses	821d6c38-16ab-4532-a385-5402870aaadd	examples[1].romaji	私達は火災に備えるべきだ。	romaji	Watashitachi wa kasai ni sonaerubekida.	Watashitachi wa kasai ni sonaerubeki da.	B spacing only	romaji word boundary missing vs Reading	Reading boundaries (aligner)	high
vocabulary_senses	83a6fa05-a8b8-4fc6-a054-6092b64696af	examples[0].romaji	きりんは首が長いです。	romaji	Kirin wa kubi ga nagaidesu.	Kirin wa kubi ga nagai desu.	B spacing only	romaji word boundary missing vs Reading	Reading boundaries (aligner)	high
vocabulary_senses	88985279-2a76-4f38-973e-13dc4dacc23e	examples[1].romaji	故郷はどうだった？	romaji	Kokyou wa doudatta?	Kokyou wa dou datta?	B spacing only	romaji word boundary missing vs Reading	Reading boundaries (aligner)	high
vocabulary_senses	8bb63b7a-3e81-42a0-8b15-52b71e4711f5	examples[1].romaji	両親には従うべきだ。	romaji	Ryoushin ni wa shitagaubekida.	Ryoushin ni wa shitagaubeki da.	B spacing only	romaji word boundary missing vs Reading	Reading boundaries (aligner)	high
vocabulary_senses	8f43902c-4d26-46a0-8472-ca5249aa447f	examples[0].romaji	髪の長さはこれでよろしいでしょうか。	romaji	Kami no nagasa wa kore de yoroshiideshou ka.	Kami no nagasa wa kore de yoroshii deshou ka.	B spacing only	romaji word boundary missing vs Reading	Reading boundaries (aligner)	high
vocabulary_senses	903e4e9a-b516-4d64-9767-d92f68cb1990	examples[1].romaji	独裁者を倒すのだ！	romaji	Dokusaisha o taosu noda!	Dokusaisha o taosu no da!	B spacing only	romaji word boundary missing vs Reading	Reading boundaries (aligner)	high
vocabulary_senses	914c3a72-a302-4553-a95a-4f0031ef8a1e	examples[0].romaji	待ちくたびれているか全速力で飛び出すかだ。	romaji	Machikutabirete iru ka zensokuryoku de tobidasu kada.	Machikutabirete iru ka zensokuryoku de tobidasu ka da.	B spacing only	romaji word boundary missing vs Reading	Reading boundaries (aligner)	high
vocabulary_senses	918e4e5d-12d7-4df4-b85e-c3217310d36f	examples[1].romaji	続きがあるのだ。	romaji	Tsuzuki ga aru noda.	Tsuzuki ga aru no da.	B spacing only	romaji word boundary missing vs Reading	Reading boundaries (aligner)	high
vocabulary_senses	93677dcf-0590-40e8-b109-7a75b548d0b8	examples[0].romaji	夢は広がるばかりです！	romaji	Yume wa hirogaru bakaridesu!	Yume wa hirogaru bakari desu!	B spacing only	romaji word boundary missing vs Reading	Reading boundaries (aligner)	high
vocabulary_senses	93ec1cdf-5660-453e-ad71-d76d202fd1bd	examples[1].romaji	彼女は怒りで気も狂うほどだった。	romaji	Kanojo wa ikari de ki mo kuruu hododatta.	Kanojo wa ikari de ki mo kuruu hodo datta.	B spacing only	romaji word boundary missing vs Reading	Reading boundaries (aligner)	high
vocabulary_senses	950b9a72-3f86-456a-a98b-d060468c61ce	examples[1].romaji	体育祭はどうでしたか？	romaji	Taiikusai wa doudeshita ka?	Taiikusai wa dou deshita ka?	B spacing only	romaji word boundary missing vs Reading	Reading boundaries (aligner)	high
vocabulary_senses	976603fa-0b91-4e67-be33-dbd6a165cb34	examples[0].romaji	今月は電話代が高かったです。	romaji	Kongetsu wa denwadai ga takakattadesu.	Kongetsu wa denwadai ga takakatta desu.	B spacing only	romaji word boundary missing vs Reading	Reading boundaries (aligner)	high
vocabulary_senses	981916c2-d8dc-47ee-b2f7-dea2b779d6dc	examples[0].romaji	みんなの前で間違えて、恥ずかしかったです。	romaji	Minna no mae de machigaete, hazukashikattadesu.	Minna no mae de machigaete, hazukashikatta desu.	B spacing only	romaji word boundary missing vs Reading	Reading boundaries (aligner)	high
vocabulary_senses	9babd553-944e-4b8d-bce5-e97521006668	examples[1].romaji	重要だと思える事は何でも書き留めるべきです。	romaji	Juuyou da to omoeru koto wa nan de mo kakitomerubekidesu.	Juuyou da to omoeru koto wa nan de mo kakitomerubeki desu.	B spacing only	romaji word boundary missing vs Reading	Reading boundaries (aligner)	high
vocabulary_senses	9d7cf0e9-5da8-4c64-8902-aaf2cf490b9f	examples[0].romaji	この音はおかしいです。	romaji	Kono oto wa okashiidesu.	Kono oto wa okashii desu.	B spacing only	romaji word boundary missing vs Reading	Reading boundaries (aligner)	high
vocabulary_senses	9da5e13c-4129-4a7e-a1d5-21593e6af4eb	examples[0].romaji	風が気持ちいいです。	romaji	Kaze ga kimochi iidesu.	Kaze ga kimochi ii desu.	B spacing only	romaji word boundary missing vs Reading	Reading boundaries (aligner)	high
vocabulary_senses	9ea65124-e71b-4f43-b58f-360da954ffec	examples[0].romaji	それは我々に危害を及ぼすだろう。	romaji	Sore wa wareware ni kigai o oyobosudarou.	Sore wa wareware ni kigai o oyobosu darou.	B spacing only	romaji word boundary missing vs Reading	Reading boundaries (aligner)	high
vocabulary_senses	9fbf32f7-490c-493d-8e27-b46dd515c406	examples[0].romaji	うんざりだわ！	romaji	Unzarida wa!	Unzari da wa!	B spacing only	romaji word boundary missing vs Reading	Reading boundaries (aligner)	high
vocabulary_senses	9fbf32f7-490c-493d-8e27-b46dd515c406	examples[1].romaji	魚はうんざりだよ。	romaji	Sakana wa unzarida yo.	Sakana wa unzari da yo.	B spacing only	romaji word boundary missing vs Reading	Reading boundaries (aligner)	high
vocabulary_senses	9fe56035-a393-4caa-b86f-80eace3af247	examples[1].romaji	荷物を整理したいのですが。	romaji	Nimotsu o seiri shitai nodesu ga.	Nimotsu o seiri shitai no desu ga.	B spacing only	romaji word boundary missing vs Reading	Reading boundaries (aligner)	high
vocabulary_senses	a0d57564-de76-4abc-814e-1c087f5f513a	examples[1].romaji	彼は必ず私達を叱るだろう。	romaji	Kare wa kanarazu watashitachi o shikarudarou.	Kare wa kanarazu watashitachi o shikaru darou.	B spacing only	romaji word boundary missing vs Reading	Reading boundaries (aligner)	high
vocabulary_senses	a2a5e162-29ba-4e56-8c7c-a3b89859f149	examples[1].romaji	そんな余裕ないって。	romaji	Sonna yoyuu naitte.	Sonna yoyuu nai tte.	B spacing only	romaji word boundary missing vs Reading	Reading boundaries (aligner)	high
vocabulary_senses	a3feee76-826f-473e-a628-5e6803d6fd2b	examples[1].romaji	全くですね。	romaji	Mattakudesu ne.	Mattaku desu ne.	B spacing only	romaji word boundary missing vs Reading	Reading boundaries (aligner)	high
vocabulary_senses	a7e2eaf9-4bc7-40df-a3f8-31795e85a963	examples[0].romaji	それでもよかった。	romaji	Soredemo yokatta.	Sore demo yokatta.	B spacing only	romaji word boundary missing vs Reading	Reading boundaries (aligner)	high
vocabulary_senses	a7e2eaf9-4bc7-40df-a3f8-31795e85a963	examples[1].romaji	それでも地球は動く！	romaji	Soredemo chikyuu wa ugoku!	Sore demo chikyuu wa ugoku!	B spacing only	romaji word boundary missing vs Reading	Reading boundaries (aligner)	high
vocabulary_senses	a9654535-76d2-4932-8e3f-df97e58c3221	examples[1].romaji	僕的にはもっと地味ってか渋い服が欲しいんですけどね。	romaji	Bokuteki ni wa motto jimitte ka shibui fuku ga hoshii ndesu kedo ne.	Bokuteki ni wa motto jimi tte ka shibui fuku ga hoshii ndesu kedo ne.	B spacing only	romaji word boundary missing vs Reading	Reading boundaries (aligner)	high
vocabulary_senses	b37ab7c9-4ed6-474a-9d5c-eb6cd6f14272	examples[0].romaji	冗談だろう！	romaji	Joudandarou!	Joudan darou!	B spacing only	romaji word boundary missing vs Reading	Reading boundaries (aligner)	high
vocabulary_senses	b60eb620-3195-45c4-bf9e-6146ee3345fc	examples[1].romaji	トムって外交的だよね。	romaji	Tomutte gaikouteki da yo ne.	Tomu tte gaikouteki da yo ne.	B spacing only	romaji word boundary missing vs Reading	Reading boundaries (aligner)	high
vocabulary_senses	b6b1ffc7-943b-421f-9536-01ca7f17361e	examples[0].romaji	悪友は避けるべきだ。	romaji	Akuyuu wa sakerubekida.	Akuyuu wa sakerubeki da.	B spacing only	romaji word boundary missing vs Reading	Reading boundaries (aligner)	high
vocabulary_senses	b787acdd-93ac-4757-a008-6c0dd0566451	examples[0].romaji	胎動が激しいです。	romaji	Taidou ga hageshiidesu.	Taidou ga hageshii desu.	B spacing only	romaji word boundary missing vs Reading	Reading boundaries (aligner)	high
vocabulary_senses	b7b4c824-63bc-4e30-a2b8-19aaac54b7dc	examples[1].romaji	悲しむことなんてないでしょう。	romaji	Kanashimu koto nante naideshou.	Kanashimu koto nante nai deshou.	B spacing only	romaji word boundary missing vs Reading	Reading boundaries (aligner)	high
vocabulary_senses	b882016c-57fd-4047-ae03-feb2d3e0a55a	examples[0].romaji	どんな場合でも嘘は罪でしょうか？	romaji	Donna baai de mo uso wa tsumideshou ka?	Donna baai de mo uso wa tsumi deshou ka?	B spacing only	romaji word boundary missing vs Reading	Reading boundaries (aligner)	high
vocabulary_senses	b8f6db04-6514-49bc-b0c8-c501766fbe45	examples[1].romaji	パトリシアがそのトーナメントを組むでしょう。	romaji	Patorishia ga sono toonamento o kumudeshou.	Patorishia ga sono toonamento o kumu deshou.	B spacing only	romaji word boundary missing vs Reading	Reading boundaries (aligner)	high
vocabulary_senses	b94e53cc-94c1-4fc5-9f13-adf880984013	examples[0].romaji	症状は軽いですよ。	romaji	Shoujou wa karuidesu yo.	Shoujou wa karui desu yo.	B spacing only	romaji word boundary missing vs Reading	Reading boundaries (aligner)	high
vocabulary_senses	ba27bd28-f8aa-49a6-9fd6-9c082526f994	examples[0].romaji	善は急げだ。	romaji	Zen wa isogeda.	Zen wa isoge da.	B spacing only	romaji word boundary missing vs Reading	Reading boundaries (aligner)	high
vocabulary_senses	bbfc8949-805e-4d6d-9ff9-abcbdc540a5f	examples[1].romaji	私は永久に生きたいのです。	romaji	Watashi wa eikyuu ni ikitai nodesu.	Watashi wa eikyuu ni ikitai no desu.	B spacing only	romaji word boundary missing vs Reading	Reading boundaries (aligner)	high
vocabulary_senses	bc23a84e-5705-4304-a954-bd99f1b3ec29	examples[0].romaji	少々自慢なのです。	romaji	Shoushou jiman na nodesu.	Shoushou jiman na no desu.	B spacing only	romaji word boundary missing vs Reading	Reading boundaries (aligner)	high
vocabulary_senses	bc2d0bc5-71b0-4054-b8a8-ba81bea12899	examples[0].romaji	教室では帽子を被るべきではない。	romaji	Kyoushitsu de wa boushi o kaburubekide wa nai.	Kyoushitsu de wa boushi o kaburubeki de wa nai.	B spacing only	romaji word boundary missing vs Reading	Reading boundaries (aligner)	high
vocabulary_senses	be598ef1-73fc-44f1-aacf-dc4c7edc8faf	examples[0].romaji	肌寒いです。	romaji	Hadasamuidesu.	Hadasamui desu.	B spacing only	romaji word boundary missing vs Reading	Reading boundaries (aligner)	high
vocabulary_senses	bf0c7639-cd43-4186-a04d-07122d51db9f	examples[0].romaji	そのチームはすぐに計画を進めるだろう。	romaji	Sono chiimu wa sugu ni keikaku o susumerudarou.	Sono chiimu wa sugu ni keikaku o susumeru darou.	B spacing only	romaji word boundary missing vs Reading	Reading boundaries (aligner)	high
vocabulary_senses	bf209e25-781c-4bec-b8b9-5ff75dba84ad	examples[0].romaji	彼らは出資を切り詰めるでしょう。	romaji	Karera wa shusshi o kiritsumerudeshou.	Karera wa shusshi o kiritsumeru deshou.	B spacing only	romaji word boundary missing vs Reading	Reading boundaries (aligner)	high
vocabulary_senses	c7ba1d91-9a32-4c54-8296-fa35bb58715d	examples[0].romaji	彼を重視しているのですか。	romaji	Kare o juushi shite iru nodesu ka.	Kare o juushi shite iru no desu ka.	B spacing only	romaji word boundary missing vs Reading	Reading boundaries (aligner)	high
vocabulary_senses	cae9d7ef-7e37-45d6-962f-e56350b312e9	examples[0].romaji	今日は体の具合が悪いです。	romaji	Kyou wa karada no guai ga waruidesu.	Kyou wa karada no guai ga warui desu.	B spacing only	romaji word boundary missing vs Reading	Reading boundaries (aligner)	high
vocabulary_senses	cdf9e4d4-0b0c-41fb-b011-cd587a8d3dc4	examples[1].romaji	すごいですね。	romaji	Sugoidesu ne.	Sugoi desu ne.	B spacing only	romaji word boundary missing vs Reading	Reading boundaries (aligner)	high
vocabulary_senses	ce5d6b4a-ef31-4f15-b264-e39b8aa8e21b	examples[0].romaji	民主主義って何？	romaji	Minshu shugitte nani?	Minshu shugi tte nani?	B spacing only	romaji word boundary missing vs Reading	Reading boundaries (aligner)	high
vocabulary_senses	d1252a14-7681-47a8-90a5-dc4fdb4e8414	examples[0].romaji	申し訳ありませんでした。	romaji	Moushiwake arimasendeshita.	Moushiwake arimasen deshita.	B spacing only	romaji word boundary missing vs Reading	Reading boundaries (aligner)	high
vocabulary_senses	d24a17fe-3b37-45e5-84a1-28d70e6aa5aa	examples[0].romaji	神経は抜くのですか。	romaji	Shinkei wa nuku nodesu ka.	Shinkei wa nuku no desu ka.	B spacing only	romaji word boundary missing vs Reading	Reading boundaries (aligner)	high
vocabulary_senses	d35c6ef1-6bfe-47e8-a4af-d99076e40212	examples[1].romaji	その若者はこの仕事で成功を収めるであろう。	romaji	Sono wakamono wa kono shigoto de seikou o osamerude arou.	Sono wakamono wa kono shigoto de seikou o osameru de arou.	B spacing only	romaji word boundary missing vs Reading	Reading boundaries (aligner)	high
vocabulary_senses	d46ca2bb-1f40-4483-b62a-d3ce4afc424b	examples[1].romaji	あなたって、最低。	romaji	Anatatte, saitei.	Anata tte, saitei.	B spacing only	romaji word boundary missing vs Reading	Reading boundaries (aligner)	high
vocabulary_senses	d5b87b9b-3610-4d14-8f8c-e6652570fb22	examples[0].romaji	このスープは少しまずいです。	romaji	Kono suupu wa sukoshi mazuidesu.	Kono suupu wa sukoshi mazui desu.	B spacing only	romaji word boundary missing vs Reading	Reading boundaries (aligner)	high
vocabulary_senses	d651ab44-7f65-46ea-bcb8-53cb593178ed	examples[0].romaji	文は人なり。	romaji	Bun wa hitonari.	Bun wa hito nari.	B spacing only	romaji word boundary missing vs Reading	Reading boundaries (aligner)	high
vocabulary_senses	d79682c7-baba-4764-9975-05d159dde118	examples[1].romaji	時間は最大限に活用すべきだ。	romaji	Jikan wa saidaigen ni katsuyou subekida.	Jikan wa saidaigen ni katsuyou subeki da.	B spacing only	romaji word boundary missing vs Reading	Reading boundaries (aligner)	high
vocabulary_senses	d8f3b608-ffea-45a4-b6a4-09a140775685	examples[0].romaji	歩きましょう。そのほうが健康にいいです。	romaji	Arukimashou. Sono hou ga kenkou ni iidesu.	Arukimashou. Sono hou ga kenkou ni ii desu.	B spacing only	romaji word boundary missing vs Reading	Reading boundaries (aligner)	high
vocabulary_senses	da8e7091-7df0-43e7-a80e-ea504b372b52	examples[1].romaji	要するに私は首になったのだ。	romaji	Yousuru ni watashi wa kubi ni natta noda.	Yousuru ni watashi wa kubi ni natta no da.	B spacing only	romaji word boundary missing vs Reading	Reading boundaries (aligner)	high
vocabulary_senses	df02f94a-0d63-4a12-b704-bedc95cf44e4	examples[0].romaji	嫌ならやめてもいいですよ。	romaji	Iya nara yamete mo iidesu yo.	Iya nara yamete mo ii desu yo.	B spacing only	romaji word boundary missing vs Reading	Reading boundaries (aligner)	high
vocabulary_senses	e27dff43-d042-473c-916e-61fd7d031e49	examples[0].romaji	あんな人になりたいです。	romaji	Anna hito ni naritaidesu.	Anna hito ni naritai desu.	B spacing only	romaji word boundary missing vs Reading	Reading boundaries (aligner)	high
vocabulary_senses	e39a917f-5509-401e-87fa-c2e646222017	examples[1].romaji	あなたはその秘密を漏らすべきではなかったのに。	romaji	Anata wa sono himitsu o morasubekide wa nakatta no ni.	Anata wa sono himitsu o morasubeki de wa nakatta no ni.	B spacing only	romaji word boundary missing vs Reading	Reading boundaries (aligner)	high
vocabulary_senses	e445dfce-f355-4fea-8967-9d236a866623	examples[0].romaji	胃が痛いです。	romaji	I ga itaidesu.	I ga itai desu.	B spacing only	romaji word boundary missing vs Reading	Reading boundaries (aligner)	high
vocabulary_senses	e722706b-2bb0-4e08-b413-631c4f2ebbc4	examples[1].romaji	年上の人には敬意を払うべきだ。	romaji	Toshiue no hito ni wa keii o haraubekida.	Toshiue no hito ni wa keii o haraubeki da.	B spacing only	romaji word boundary missing vs Reading	Reading boundaries (aligner)	high
vocabulary_senses	e7af4907-3be2-4ebd-8092-c41dd542d67d	examples[1].romaji	要するに彼は何にでも飽きるのだ。	romaji	Yousuru ni kare wa nanni de mo akiru noda.	Yousuru ni kare wa nanni de mo akiru no da.	B spacing only	romaji word boundary missing vs Reading	Reading boundaries (aligner)	high
vocabulary_senses	e9902e3f-f6c2-4243-a6f2-b10297068a2d	examples[1].romaji	警察に捕まるような恐れがあるのですか。	romaji	Keisatsu ni tsukamaru you na osore ga aru nodesu ka.	Keisatsu ni tsukamaru you na osore ga aru no desu ka.	B spacing only	romaji word boundary missing vs Reading	Reading boundaries (aligner)	high
vocabulary_senses	e9936e96-e00b-4445-8287-6bc0f81edaba	examples[0].romaji	窓からの景色はすばらしいです。	romaji	Mado kara no keshiki wa subarashiidesu.	Mado kara no keshiki wa subarashii desu.	B spacing only	romaji word boundary missing vs Reading	Reading boundaries (aligner)	high
vocabulary_senses	eac01e28-abdb-4bc5-8027-1d8348779787	examples[0].romaji	いつかアフリカへ行きたいです。	romaji	Itsu ka afurika e ikitaidesu.	Itsu ka afurika e ikitai desu.	B spacing only	romaji word boundary missing vs Reading	Reading boundaries (aligner)	high
vocabulary_senses	eb93aa9e-4726-4643-82e0-894ab7afc388	examples[1].romaji	何といって良いか分からず、彼女はただ微笑むだけだった。	romaji	Nan to itte yoi ka wakarazu, kanojo wa tada hohoemu dakedatta.	Nan to itte yoi ka wakarazu, kanojo wa tada hohoemu dake datta.	B spacing only	romaji word boundary missing vs Reading	Reading boundaries (aligner)	high
vocabulary_senses	ebb91331-5125-4c8a-a34d-14b112fdc427	examples[0].romaji	宿泊したいのですが。	romaji	Shukuhaku shitai nodesu ga.	Shukuhaku shitai no desu ga.	B spacing only	romaji word boundary missing vs Reading	Reading boundaries (aligner)	high
vocabulary_senses	ec3114b5-46df-4b54-8c62-6c1e6c535374	examples[1].romaji	言語って難しい。	romaji	Gengotte muzukashii.	Gengo tte muzukashii.	B spacing only	romaji word boundary missing vs Reading	Reading boundaries (aligner)	high
vocabulary_senses	ed4c544b-0b52-4f9d-9f35-7abc9a878e6d	examples[0].romaji	時間がたつのは早いです。	romaji	Jikan ga tatsu no wa hayaidesu.	Jikan ga tatsu no wa hayai desu.	B spacing only	romaji word boundary missing vs Reading	Reading boundaries (aligner)	high
vocabulary_senses	f04317f4-4532-4558-968e-ef80f4143db4	examples[1].romaji	それは町の繁栄を脅かすだろう。	romaji	Sore wa machi no hanei o obiyakasudarou.	Sore wa machi no hanei o obiyakasu darou.	B spacing only	romaji word boundary missing vs Reading	Reading boundaries (aligner)	high
vocabulary_senses	f1f80ae5-1c40-4761-8d98-d5d2d7c0122a	examples[0].romaji	将来、医者になりたいです。	romaji	Shourai, isha ni naritaidesu.	Shourai, isha ni naritai desu.	B spacing only	romaji word boundary missing vs Reading	Reading boundaries (aligner)	high
vocabulary_senses	f20db9dd-c721-405d-9f33-7824e13e3fac	examples[0].romaji	明日は曇るでしょう。	romaji	Asu wa kumorudeshou.	Asu wa kumoru deshou.	B spacing only	romaji word boundary missing vs Reading	Reading boundaries (aligner)	high
vocabulary_senses	f360fbce-3598-4b8d-8c7d-f77cb8cdfd49	examples[0].romaji	東京は人口が多いです。	romaji	Toukyou wa jinkou ga ooidesu.	Toukyou wa jinkou ga ooi desu.	B spacing only	romaji word boundary missing vs Reading	Reading boundaries (aligner)	high
vocabulary_senses	f4b133a5-ef8e-4286-a51e-452b86503e00	examples[0].romaji	祖母には長生きしてほしいです。	romaji	Sobo ni wa nagaiki shite hoshiidesu.	Sobo ni wa nagaiki shite hoshii desu.	B spacing only	romaji word boundary missing vs Reading	Reading boundaries (aligner)	high
vocabulary_senses	f4bb46fe-66a8-4ee1-aa92-f7f973ef6e60	examples[1].romaji	出かける前にそれを確かめるべきだ。	romaji	Dekakeru mae ni sore o tashikamerubekida.	Dekakeru mae ni sore o tashikamerubeki da.	B spacing only	romaji word boundary missing vs Reading	Reading boundaries (aligner)	high
vocabulary_senses	f716d025-a389-4d0d-ba5c-ce7ad23dcdf0	examples[0].romaji	兄は新聞社に勤めています。	romaji	ani wa shinbunsha ni tsutometeimasu.	ani wa shinbunsha ni tsutomete imasu.	B spacing only	romaji word boundary missing vs Reading	Reading boundaries (aligner)	high
vocabulary_senses	f8409e46-fb4a-4736-9e4b-a1626969d59f	examples[0].romaji	渋滞はないです。	romaji	Juutai wa naidesu.	Juutai wa nai desu.	B spacing only	romaji word boundary missing vs Reading	Reading boundaries (aligner)	high
vocabulary_senses	f8cb7bd7-7155-441a-9066-efa43e2a59e1	examples[1].romaji	これって、全部請求書？	romaji	Korette, zenbu seikyuusho?	Kore tte, zenbu seikyuusho?	B spacing only	romaji word boundary missing vs Reading	Reading boundaries (aligner)	high
vocabulary_senses	fc1a2f6b-6629-4869-8f75-3cbfbf7472eb	examples[0].romaji	外がうるさいです。	romaji	Soto ga urusaidesu.	Soto ga urusai desu.	B spacing only	romaji word boundary missing vs Reading	Reading boundaries (aligner)	high
vocabulary_senses	fd3feda3-8ae5-486d-a86f-3d1b2daf856e	examples[0].romaji	罪に比例して罰するべきだ。	romaji	Tsumi ni hirei shite bassurubekida.	Tsumi ni hirei shite bassurubeki da.	B spacing only	romaji word boundary missing vs Reading	Reading boundaries (aligner)	high
grammar_points	07460f5a-b7b5-42f9-b30d-99bdfe510da3	examples[2].romaji	時の流れを川になぞらえている。	romaji	toki no nagare o kawa ni nazoraeteiru.	toki no nagare o kawa ni nazoraete iru.	B spacing only	romaji word boundary missing vs Reading	Reading boundaries (aligner)	high
grammar_points	07cdf7d3-38ab-40a9-9043-9278f28a3068	examples[2].romaji	山本さんはいい人だ。だが、恋人にはしたくない。	romaji	Yamamoto-san wa ii hito da. Da ga, koibito ni wa shitakunai.	Yamamoto-san wa ii hito da. Da ga, koibito ni wa shitaku nai.	B spacing only	romaji word boundary missing vs Reading	Reading boundaries (aligner)	high
grammar_points	09becb74-cdf7-460b-a22e-25da3e608be4	examples[2].romaji	彼は当時の発言に至るまで覚えていた。	romaji	kare wa touji no hatsugen ni itaru made oboeteita.	kare wa touji no hatsugen ni itaru made oboete ita.	B spacing only	romaji word boundary missing vs Reading	Reading boundaries (aligner)	high
grammar_points	0bd2adf0-f791-444b-8c4f-e69981b5f0c1	examples[0].romaji	コーヒーにしますか。それとも紅茶にしますか。	romaji	Koohii ni shimasu ka. Soretomo koucha ni shimasu ka.	Koohii ni shimasu ka. Sore tomo koucha ni shimasu ka.	B spacing only	romaji word boundary missing vs Reading	Reading boundaries (aligner)	high
grammar_points	0bd2adf0-f791-444b-8c4f-e69981b5f0c1	examples[1].romaji	来週にしましょうか。それとも再来週がいいですか。	romaji	Raishuu ni shimashou ka. Soretomo saraishuu ga ii desu ka.	Raishuu ni shimashou ka. Sore tomo saraishuu ga ii desu ka.	B spacing only	romaji word boundary missing vs Reading	Reading boundaries (aligner)	high
grammar_points	0bd2adf0-f791-444b-8c4f-e69981b5f0c1	examples[2].romaji	話し合って決めましょうか。それとも私が決めてしまってもいいですか。	romaji	Hanashiatte kimemashou ka. Soretomo watashi ga kimete shimatte mo ii desu ka.	Hanashiatte kimemashou ka. Sore tomo watashi ga kimete shimatte mo ii desu ka.	B spacing only	romaji word boundary missing vs Reading	Reading boundaries (aligner)	high
grammar_points	0e66cc5f-93aa-47d9-8996-e0bdf81a08d3	examples[1].romaji	挨拶を兼ねて、お土産を持っていった。	romaji	aisatsu o kanete, omiyage o motteitta.	aisatsu o kanete, omiyage o motte itta.	B spacing only	romaji word boundary missing vs Reading	Reading boundaries (aligner)	high
grammar_points	10e114ed-4d5d-4a00-89cd-c469d9836b0a	examples[0].romaji	昨日のパーティー、楽しかったよ。君も行けばよかったのに。	romaji	Kinou no paatii, tanoshikatta yo. Kimi mo ikeba yokatta noni.	Kinou no paatii, tanoshikatta yo. Kimi mo ikeba yokatta no ni.	B spacing only	romaji word boundary missing vs Reading	Reading boundaries (aligner)	high
grammar_points	10e114ed-4d5d-4a00-89cd-c469d9836b0a	examples[1].romaji	あの時、頑張って彼女に好きって言えばよかったのに。	romaji	Ano toki, ganbatte kanojo ni suki tte ieba yokatta noni.	Ano toki, ganbatte kanojo ni suki tte ieba yokatta no ni.	B spacing only	romaji word boundary missing vs Reading	Reading boundaries (aligner)	high
grammar_points	11fef1ee-86e7-4872-8ddb-6028cab42a31	examples[0].romaji	今夜の花火大会は、雨で中止だとか。	romaji	Konya no hanabi taikai wa, ame de chuushi da toka.	Konya no hanabi taikai wa, ame de chuushi da to ka.	B spacing only	romaji word boundary missing vs Reading	Reading boundaries (aligner)	high
grammar_points	11fef1ee-86e7-4872-8ddb-6028cab42a31	examples[1].romaji	今、インフルエンザが流行っているとか。	romaji	Ima, infuruenza ga hayatte iru toka.	Ima, infuruenza ga hayatte iru to ka.	B spacing only	romaji word boundary missing vs Reading	Reading boundaries (aligner)	high
grammar_points	11fef1ee-86e7-4872-8ddb-6028cab42a31	examples[2].romaji	田中さんは来月結婚するとか。	romaji	Tanaka-san wa raigetsu kekkon suru toka.	Tanaka-san wa raigetsu kekkon suru to ka.	B spacing only	romaji word boundary missing vs Reading	Reading boundaries (aligner)	high
grammar_points	13e87f84-42fc-4e08-99b8-f2b56d1537ed	examples[1].romaji	記者とおぼしき人々が集まっていた。	romaji	kisha to oboshiki hitobito ga atsumatteita.	kisha to oboshiki hitobito ga atsumatte ita.	B spacing only	romaji word boundary missing vs Reading	Reading boundaries (aligner)	high
grammar_points	1712f513-61fe-4879-83a0-38dc1b6c2c9e	examples[0].romaji	子供 じゃ あるまいし、そんな こと で 泣かないで。	romaji	kodomo ja arumaishi, sonna koto de nakanaide.	kodomo ja arumai shi, sonna koto de nakanaide.	B spacing only	romaji word boundary missing vs Reading	Reading boundaries (aligner)	high
grammar_points	1712f513-61fe-4879-83a0-38dc1b6c2c9e	examples[1].romaji	初めて じゃ あるまいし、もう 慣れた でしょう。	romaji	hajimete ja arumaishi, mou nareta deshou.	hajimete ja arumai shi, mou nareta deshou.	B spacing only	romaji word boundary missing vs Reading	Reading boundaries (aligner)	high
grammar_points	1712f513-61fe-4879-83a0-38dc1b6c2c9e	examples[2].romaji	プロ じゃ あるまいし、そんなに 完璧 を 求めるな。	romaji	puro ja arumaishi, sonnani kanpeki o motomeru na.	puro ja arumai shi, sonnani kanpeki o motomeru na.	B spacing only	romaji word boundary missing vs Reading	Reading boundaries (aligner)	high
grammar_points	1746a754-3c6a-4986-b6a2-7b32ef8118e7	examples[1].romaji	田中さんが入院したことを知っていますか。	romaji	Tanaka-san ga nyuuin shita koto o shitteimasu ka.	Tanaka-san ga nyuuin shita koto o shitte imasu ka.	B spacing only	romaji word boundary missing vs Reading	Reading boundaries (aligner)	high
grammar_points	1941ce5f-49be-4bb9-8cca-a842013436e1	examples[0].romaji	できるものなら、やってみろ。	romaji	dekiru mono nara, yattemiro.	dekiru mono nara, yatte miro.	B spacing only	romaji word boundary missing vs Reading	Reading boundaries (aligner)	high
grammar_points	19443576-60e9-428a-ac5c-b8e66f17e652	examples[2].romaji	家に着くなり、すぐ寝てしまった。	romaji	ie ni tsuku nari, sugu neteshimatta.	ie ni tsuku nari, sugu nete shimatta.	B spacing only	romaji word boundary missing vs Reading	Reading boundaries (aligner)	high
grammar_points	1985aaec-de0f-4c04-9aa3-6e1ba475c7be	examples[0].romaji	成功を目指すべく、日夜努力している。	romaji	seikou o mezasu beku, nichiya doryoku shiteiru.	seikou o mezasu beku, nichiya doryoku shite iru.	B spacing only	romaji word boundary missing vs Reading	Reading boundaries (aligner)	high
grammar_points	1dfcf083-824f-4c89-af32-3f91e2fce385	examples[1].romaji	これから日本語を勉強していきます。	romaji	Korekara nihongo o benkyou shite ikimasu.	Kore kara nihongo o benkyou shite ikimasu.	B spacing only	romaji word boundary missing vs Reading	Reading boundaries (aligner)	high
grammar_points	1f09775e-64ae-4c42-985e-eaee8fd3c2cc	examples[2].romaji	現場は混乱を極めていた。	romaji	genba wa konran o kiwameteita.	genba wa konran o kiwamete ita.	B spacing only	romaji word boundary missing vs Reading	Reading boundaries (aligner)	high
grammar_points	201b9490-1edf-4f72-9d4b-5dc5f0c4bafa	examples[1].romaji	毎食後、歯をみがくようにしています。	romaji	Maishokugo, ha o migaku you ni shiteimasu.	Maishokugo, ha o migaku you ni shite imasu.	B spacing only	romaji word boundary missing vs Reading	Reading boundaries (aligner)	high
grammar_points	21b5beea-d79b-4452-9403-a556b6a1cb12	examples[0].romaji	彼は英語を使いこなしている。	romaji	kare wa eigo o tsukaikonashiteiru.	kare wa eigo o tsukaikonashite iru.	B spacing only	romaji word boundary missing vs Reading	Reading boundaries (aligner)	high
grammar_points	21b5beea-d79b-4452-9403-a556b6a1cb12	examples[2].romaji	彼女は着物を美しく着こなしている。	romaji	kanojo wa kimono o utsukushiku kikonashiteiru.	kanojo wa kimono o utsukushiku kikonashite iru.	B spacing only	romaji word boundary missing vs Reading	Reading boundaries (aligner)	high
grammar_points	22153da8-5d66-4a02-9658-89a319fb9b92	examples[1].romaji	夢を実現せんがため、努力している。	romaji	yume o jitsugen sen ga tame, doryoku shiteiru.	yume o jitsugen sen ga tame, doryoku shite iru.	B spacing only	romaji word boundary missing vs Reading	Reading boundaries (aligner)	high
grammar_points	2691d443-2b2d-439f-bd10-dd0bf113b7df	examples[0].romaji	今日の授業、おもしろかったね。うん、すごくためになった。それはそうと、今度の試験いつだっけ？	romaji	Kyou no jugyou, omoshirokatta ne. Un, sugoku tame ni natta. Sore wa sou to, kondo no shiken itsu dakke?	Kyou no jugyou, omoshirokatta ne. Un, sugoku tame ni natta. Sore wa sou to, kondo no shiken itsu da kke?	B spacing only	romaji word boundary missing vs Reading	Reading boundaries (aligner)	high
grammar_points	2822ea7d-329c-48f9-9085-b3ca4a815ffd	examples[0].romaji	家を買うために貯金をしている。	romaji	Ie o kau tame ni chokin o shiteiru.	Ie o kau tame ni chokin o shite iru.	B spacing only	romaji word boundary missing vs Reading	Reading boundaries (aligner)	high
grammar_points	2a255e15-734c-4283-915b-acda25500a4b	examples[0].romaji	当の本人は全く気にしていない。	romaji	tou no honnin wa mattaku ki ni shiteinai.	tou no honnin wa mattaku ki ni shite inai.	B spacing only	romaji word boundary missing vs Reading	Reading boundaries (aligner)	high
grammar_points	2a255e15-734c-4283-915b-acda25500a4b	examples[1].romaji	当の先生が最も驚いていた。	romaji	tou no sensei ga mottomo odoroiteita.	tou no sensei ga mottomo odoroite ita.	B spacing only	romaji word boundary missing vs Reading	Reading boundaries (aligner)	high
grammar_points	2a255e15-734c-4283-915b-acda25500a4b	examples[2].romaji	当の犯人はまだ捕まっていない。	romaji	tou no hannin wa mada tsukamatteinai.	tou no hannin wa mada tsukamatte inai.	B spacing only	romaji word boundary missing vs Reading	Reading boundaries (aligner)	high
grammar_points	3067cacd-4785-4cb0-9bf8-97a7e980d431	examples[2].romaji	洗ったの？それにしてはきれいじゃないね。	romaji	Aratta no? Sore ni shite wa kirei janai ne.	Aratta no? Sore ni shite wa kirei ja nai ne.	B spacing only	romaji word boundary missing vs Reading	Reading boundaries (aligner)	high
grammar_points	35a6b4eb-2561-4dfd-8cfb-8fbee630347e	examples[2].romaji	いくつかの小さなミスを除いて、報告書はよくできている。	romaji	ikutsuka no chiisana misu o nozoite, houkokusho wa yoku dekite iru.	ikutsu ka no chiisana misu o nozoite, houkokusho wa yoku dekite iru.	B spacing only	romaji word boundary missing vs Reading	Reading boundaries (aligner)	high
grammar_points	38c9afaf-74a6-4515-a521-f88e0a9ebf5f	examples[0].romaji	褒められて、彼はまんざらでもない顔をしていた。	romaji	homerarete, kare wa manzara de mo nai kao o shiteita.	homerarete, kare wa manzara de mo nai kao o shite ita.	B spacing only	romaji word boundary missing vs Reading	Reading boundaries (aligner)	high
grammar_points	38c9afaf-74a6-4515-a521-f88e0a9ebf5f	examples[1].romaji	嫌がっていたが、まんざらでもなさそうだ。	romaji	iyagatteita ga, manzara de mo nasasou da.	iyagatte ita ga, manzara de mo nasasou da.	B spacing only	romaji word boundary missing vs Reading	Reading boundaries (aligner)	high
grammar_points	3b4c07a0-7d24-4bf7-98c9-671fc63b912a	examples[0].romaji	彼 は 学者 ぶっている けれど、実は よく 知らない。	romaji	kare wa gakusha butteiru keredo, jitsuwa yoku shiranai.	kare wa gakusha butte iru keredo, jitsu wa yoku shiranai.	B spacing only	romaji word boundary missing vs Reading	Reading boundaries (aligner)	high
grammar_points	3b4c07a0-7d24-4bf7-98c9-671fc63b912a	examples[1].romaji	いい 子 ぶる のは やめなさい。	romaji	ii ko buru nowa yamenasai.	ii ko buru no wa yamenasai.	B spacing only	romaji word boundary missing vs Reading	Reading boundaries (aligner)	high
grammar_points	3b4c07a0-7d24-4bf7-98c9-671fc63b912a	examples[2].romaji	彼女 は いつも 上品 ぶっている。	romaji	kanojo wa itsumo jouhin butteiru.	kanojo wa itsumo jouhin butte iru.	B spacing only	romaji word boundary missing vs Reading	Reading boundaries (aligner)	high
grammar_points	42c9c785-9190-4a65-9b86-f102fcd1c801	examples[2].romaji	寒くて、外に出たくないです。	romaji	Samukute, soto ni detakunai desu.	Samukute, soto ni detaku nai desu.	B spacing only	romaji word boundary missing vs Reading	Reading boundaries (aligner)	high
grammar_points	434171fe-1669-4b90-b718-53e8b1b69436	examples[2].romaji	困難があろうとも、乗り越えてみせる。	romaji	konnan ga arou tomo, norikoetemiseru.	konnan ga arou tomo, norikoete miseru.	B spacing only	romaji word boundary missing vs Reading	Reading boundaries (aligner)	high
grammar_points	439a7a3a-0d43-4fa1-b793-ff3ba45e23d1	examples[0].romaji	ワサビ抜きで、お願いします。	romaji	wasabi nuki de, onegai shimasu.	wa sabi nuki de, onegai shimasu.	B spacing only	romaji word boundary missing vs Reading	Reading boundaries (aligner)	high
grammar_points	439a7a3a-0d43-4fa1-b793-ff3ba45e23d1	examples[1].romaji	冗談抜きで、本当に困っている。	romaji	joudan nuki de, hontou ni komatteiru.	joudan nuki de, hontou ni komatte iru.	B spacing only	romaji word boundary missing vs Reading	Reading boundaries (aligner)	high
grammar_points	47c21edf-a437-4c48-b954-17ba37900ada	examples[1].romaji	太陽が沈まんとしている。	romaji	taiyou ga shizuman to shiteiru.	taiyou ga shizuman to shite iru.	B spacing only	romaji word boundary missing vs Reading	Reading boundaries (aligner)	high
grammar_points	47c21edf-a437-4c48-b954-17ba37900ada	examples[2].romaji	新たな時代が始まらんとしている。	romaji	arata na jidai ga hajimaran to shiteiru.	arata na jidai ga hajimaran to shite iru.	B spacing only	romaji word boundary missing vs Reading	Reading boundaries (aligner)	high
grammar_points	481baa0e-1eb7-4a97-915e-7b4125b2ab2f	examples[1].romaji	晴れると思いきや、雨が降ってきた。	romaji	hareru to omoikiya, ame ga futtekita.	hareru to omoikiya, ame ga futte kita.	B spacing only	romaji word boundary missing vs Reading	Reading boundaries (aligner)	high
grammar_points	481baa0e-1eb7-4a97-915e-7b4125b2ab2f	examples[2].romaji	勝てると思いきや、逆転負けしてしまった。	romaji	kateru to omoikiya, gyakutenmake shiteshimatta.	kateru to omoikiya, gyakutenmake shite shimatta.	B spacing only	romaji word boundary missing vs Reading	Reading boundaries (aligner)	high
grammar_points	495f0820-ac32-433d-9257-253c77c09700	examples[1].romaji	今日はこれで全員かな。あと、田中さんが来ると思います。	romaji	Kyou wa kore de zenin kana. Ato, Tanaka-san ga kuru to omoimasu.	Kyou wa kore de zenin ka na. Ato, Tanaka-san ga kuru to omoimasu.	B spacing only	romaji word boundary missing vs Reading	Reading boundaries (aligner)	high
grammar_points	4a4e8c41-8668-4c82-ba51-f99c1e05fd6f	examples[0].romaji	東京へ行くのに二時間かかります。	romaji	Toukyou e iku noni nijikan kakarimasu.	Toukyou e iku no ni nijikan kakarimasu.	B spacing only	romaji word boundary missing vs Reading	Reading boundaries (aligner)	high
grammar_points	4a4e8c41-8668-4c82-ba51-f99c1e05fd6f	examples[1].romaji	この本を読むのに三日かかりました。	romaji	Kono hon o yomu noni mikka kakarimashita.	Kono hon o yomu no ni mikka kakarimashita.	B spacing only	romaji word boundary missing vs Reading	Reading boundaries (aligner)	high
grammar_points	4a4e8c41-8668-4c82-ba51-f99c1e05fd6f	examples[2].romaji	車を修理するのに五万円かかります。	romaji	Kuruma o shuuri suru noni goman-en kakarimasu.	Kuruma o shuuri suru no ni goman-en kakarimasu.	B spacing only	romaji word boundary missing vs Reading	Reading boundaries (aligner)	high
grammar_points	50323599-2728-413a-b9a7-3dc18a1fef52	examples[0].romaji	使いようによっては、この道具は便利だ。	romaji	tsukaiyou ni yotte wa, kono dougu wa benri da.	tsukai you ni yotte wa, kono dougu wa benri da.	B spacing only	romaji word boundary missing vs Reading	Reading boundaries (aligner)	high
grammar_points	50323599-2728-413a-b9a7-3dc18a1fef52	examples[1].romaji	考えようによっては、彼も正しい。	romaji	kangaeyou ni yotte wa, kare mo tadashii.	kangae you ni yotte wa, kare mo tadashii.	B spacing only	romaji word boundary missing vs Reading	Reading boundaries (aligner)	high
grammar_points	507ba97e-8679-4c73-8aa4-a51ca97b963e	examples[0].romaji	どうしたんですか。	romaji	Doushita n desu ka.	Dou shita n desu ka.	B spacing only	romaji word boundary missing vs Reading	Reading boundaries (aligner)	high
grammar_points	50e3a9d3-2418-4760-94b9-e5a3880c8e13	examples[1].romaji	何を怒ってるの？だって、約束を破ったじゃないか。	romaji	Nani o okotteru no? Datte, yakusoku o yabutta janai ka.	Nani o okotteru no? Datte, yakusoku o yabutta ja nai ka.	B spacing only	romaji word boundary missing vs Reading	Reading boundaries (aligner)	high
grammar_points	520910a7-6041-4793-95f2-b2760be88214	examples[0].romaji	彼に秘密を話したら最後、きっとほかの人にも話してしまうだろう。	romaji	kare ni himitsu o hanashitara saigo, kitto hoka no hito ni mo hanashiteshimau darou.	kare ni himitsu o hanashitara saigo, kitto hoka no hito ni mo hanashite shimau darou.	B spacing only	romaji word boundary missing vs Reading	Reading boundaries (aligner)	high
grammar_points	520910a7-6041-4793-95f2-b2760be88214	examples[1].romaji	あの店に入ったら最後、何時間も出てこない。	romaji	ano mise ni haittara saigo, nanjikan mo detekonai.	ano mise ni haittara saigo, nanjikan mo dete konai.	B spacing only	romaji word boundary missing vs Reading	Reading boundaries (aligner)	high
grammar_points	52aba095-8857-415a-9c26-43933a182ddb	examples[0].romaji	スポーツとか音楽とかが好きです。	romaji	Supootsu toka ongaku toka ga suki desu.	Supootsu to ka ongaku to ka ga suki desu.	B spacing only	romaji word boundary missing vs Reading	Reading boundaries (aligner)	high
grammar_points	52aba095-8857-415a-9c26-43933a182ddb	examples[1].romaji	映画を見るとか、買い物するとかしましょう。	romaji	Eiga o miru toka, kaimono suru toka shimashou.	Eiga o miru to ka, kaimono suru to ka shimashou.	B spacing only	romaji word boundary missing vs Reading	Reading boundaries (aligner)	high
grammar_points	52aba095-8857-415a-9c26-43933a182ddb	examples[2].romaji	りんごとかバナナとかを買いました。	romaji	Ringo toka banana toka o kaimashita.	Ringo to ka banana to ka o kaimashita.	B spacing only	romaji word boundary missing vs Reading	Reading boundaries (aligner)	high
grammar_points	53be560f-8f19-490c-831f-75268b1ba37f	examples[1].romaji	嫌いだの苦手だのと、文句ばかり言う。	romaji	kirai dano nigate dano to, monku bakari iu.	kirai da no nigate da no to, monku bakari iu.	B spacing only	romaji word boundary missing vs Reading	Reading boundaries (aligner)	high
grammar_points	53be560f-8f19-490c-831f-75268b1ba37f	examples[2].romaji	暑いだの寒いだの、いつも不満ばかりだ。	romaji	atsui dano samui dano, itsumo fuman bakari da.	atsui da no samui da no, itsumo fuman bakari da.	B spacing only	romaji word boundary missing vs Reading	Reading boundaries (aligner)	high
grammar_points	5482c680-9dc9-4612-b8c0-1d323ab8b165	examples[1].romaji	今、それ、やりたくない。それなら、やらなくていいよ。	romaji	Ima, sore, yaritakunai. Sore nara, yaranakute ii yo.	Ima, sore, yaritaku nai. Sore nara, yaranakute ii yo.	B spacing only	romaji word boundary missing vs Reading	Reading boundaries (aligner)	high
grammar_points	59614c4c-2ec9-4256-8228-429685894bfe	examples[0].romaji	テストで間違ったところを、ノートに書いとこう。	romaji	Tesuto de machigatta tokoro o, nooto ni kaitokou.	Tesuto de machigatta tokoro o, nooto ni kai to kou.	B spacing only	romaji word boundary missing vs Reading	Reading boundaries (aligner)	high
grammar_points	5c5143e5-8ba6-418b-86a2-f44ee93c57e7	examples[1].romaji	言ってしまったら最後、もう戻れない。	romaji	itteshimattara saigo, mou modorenai.	itte shimattara saigo, mou modorenai.	B spacing only	romaji word boundary missing vs Reading	Reading boundaries (aligner)	high
grammar_points	654a6bd8-cae4-43b6-b988-13648896e548	examples[0].romaji	薬を飲んだのに、まだ熱があります。	romaji	Kusuri o nonda noni, mada netsu ga arimasu.	Kusuri o nonda no ni, mada netsu ga arimasu.	B spacing only	romaji word boundary missing vs Reading	Reading boundaries (aligner)	high
grammar_points	654a6bd8-cae4-43b6-b988-13648896e548	examples[1].romaji	日曜日なのに、仕事があります。	romaji	Nichiyoubi na noni, shigoto ga arimasu.	Nichiyoubi na no ni, shigoto ga arimasu.	B spacing only	romaji word boundary missing vs Reading	Reading boundaries (aligner)	high
grammar_points	654a6bd8-cae4-43b6-b988-13648896e548	examples[2].romaji	この部屋は静かなのに、家賃が安いです。	romaji	Kono heya wa shizuka na noni, yachin ga yasui desu.	Kono heya wa shizuka na no ni, yachin ga yasui desu.	B spacing only	romaji word boundary missing vs Reading	Reading boundaries (aligner)	high
grammar_points	6a0df2c8-9254-44e4-b4ea-4874c3b013c4	examples[1].romaji	なにしろ初めてのことなので、不安だ。	romaji	nanishiro hajimete no koto nanode, fuan da.	nanishiro hajimete no koto na node, fuan da.	B spacing only	romaji word boundary missing vs Reading	Reading boundaries (aligner)	high
grammar_points	6a816660-32a4-4d78-a709-4007c64e1bf1	examples[2].romaji	忘れようにも忘れられない。	romaji	wasureyou ni mo wasurerarenai.	wasure you ni mo wasurerarenai.	B spacing only	romaji word boundary missing vs Reading	Reading boundaries (aligner)	high
grammar_points	6a8d7a2d-bdcc-4493-9060-c36d2419dbdd	examples[0].romaji	彼は天才とされている。	romaji	kare wa tensai to sareteiru.	kare wa tensai to sarete iru.	B spacing only	romaji word boundary missing vs Reading	Reading boundaries (aligner)	high
grammar_points	6a8d7a2d-bdcc-4493-9060-c36d2419dbdd	examples[1].romaji	この薬は安全だとされている。	romaji	kono kusuri wa anzen da to sareteiru.	kono kusuri wa anzen da to sarete iru.	B spacing only	romaji word boundary missing vs Reading	Reading boundaries (aligner)	high
grammar_points	6dddd5ac-8acb-406c-a4c2-5014c14cd2cf	examples[1].romaji	彼 が 来ない のは、寂しい 限り だ。	romaji	kare ga konai nowa, sabishii kagiri da.	kare ga konai no wa, sabishii kagiri da.	B spacing only	romaji word boundary missing vs Reading	Reading boundaries (aligner)	high
grammar_points	71656c3a-34aa-43a7-9966-11fcd494d05e	examples[0].romaji	田中さんの強みは、2ヵ国語が話せるということです。	romaji	Tanaka-san no tsuyomi wa, nikakokugo ga hanaseru to iu koto desu.	Tanaka-san no tsuyomi wa, nikakoku go ga hanaseru to iu koto desu.	B spacing only	romaji word boundary missing vs Reading	Reading boundaries (aligner)	high
grammar_points	78e90b01-9bd4-4b2b-b7c9-ca11d8b607be	examples[1].romaji	子供ながらも、しっかりしている。	romaji	kodomo nagara mo, shikkari shiteiru.	kodomo nagara mo, shikkari shite iru.	B spacing only	romaji word boundary missing vs Reading	Reading boundaries (aligner)	high
grammar_points	78e90b01-9bd4-4b2b-b7c9-ca11d8b607be	examples[2].romaji	貧しいながらも、幸せに暮らしている。	romaji	mazushii nagara mo, shiawase ni kurashiteiru.	mazushii nagara mo, shiawase ni kurashite iru.	B spacing only	romaji word boundary missing vs Reading	Reading boundaries (aligner)	high
grammar_points	7ccb27e3-8155-4eb6-ba75-791327b2a138	examples[2].romaji	なにせ初めてなので、ドキドキします。	romaji	nanise hajimete nanode, dokidoki shimasu.	nanise hajimete na node, dokidoki shimasu.	B spacing only	romaji word boundary missing vs Reading	Reading boundaries (aligner)	high
grammar_points	7ce97f59-7274-4381-b54c-747cedb79648	examples[1].romaji	天気図の上では春なのに、実際はまだ寒いです。	romaji	Tenkizu no ue de wa haru na noni, jissai wa mada samui desu.	Tenkizu no ue de wa haru na no ni, jissai wa mada samui desu.	B spacing only	romaji word boundary missing vs Reading	Reading boundaries (aligner)	high
grammar_points	7dffad2e-da98-40c5-9bab-49b61e6d5e47	examples[2].romaji	もしも地震が起きても、この家、丈夫だから倒れないでしょう。	romaji	Moshimo jishin ga okitemo, kono ie, joubu dakara taorenai deshou.	Moshimo jishin ga okite mo, kono ie, joubu dakara taorenai deshou.	B spacing only	romaji word boundary missing vs Reading	Reading boundaries (aligner)	high
grammar_points	82c6dbf4-bc98-44f9-aaa5-1d699d726eee	examples[1].romaji	親にうそをついてまで遊びに行きたくない。	romaji	Oya ni uso o tsuite made asobi ni ikitakunai.	Oya ni uso o tsuite made asobi ni ikitaku nai.	B spacing only	romaji word boundary missing vs Reading	Reading boundaries (aligner)	high
grammar_points	83237843-b64b-465d-9b51-dc5877c59bbd	examples[2].romaji	ここの電気は人が通るとつくようになっています。	romaji	Koko no denki wa hito ga tooru to tsuku you ni natteimasu.	Koko no denki wa hito ga tooru to tsuku you ni natte imasu.	B spacing only	romaji word boundary missing vs Reading	Reading boundaries (aligner)	high
grammar_points	84993c28-7b2f-423e-8c49-bf31d66fcc27	examples[0].romaji	彼は親切そのものだ。	romaji	kare wa shinsetsu sonomono da.	kare wa shinsetsu sono mono da.	B spacing only	romaji word boundary missing vs Reading	Reading boundaries (aligner)	high
grammar_points	84993c28-7b2f-423e-8c49-bf31d66fcc27	examples[1].romaji	彼女は健康そのものだ。	romaji	kanojo wa kenkou sonomono da.	kanojo wa kenkou sono mono da.	B spacing only	romaji word boundary missing vs Reading	Reading boundaries (aligner)	high
grammar_points	84993c28-7b2f-423e-8c49-bf31d66fcc27	examples[2].romaji	その景色は美しさそのものだった。	romaji	sono keshiki wa utsukushisa sonomono datta.	sono keshiki wa utsukushisa sono mono datta.	B spacing only	romaji word boundary missing vs Reading	Reading boundaries (aligner)	high
grammar_points	8ce9de7f-15f4-4d5e-b38f-d4f6aa736017	examples[0].romaji	たとえ反対されても留学します。	romaji	Tatoe hantai saretemo ryuugaku shimasu.	Tatoe hantai sarete mo ryuugaku shimasu.	B spacing only	romaji word boundary missing vs Reading	Reading boundaries (aligner)	high
grammar_points	8ce9de7f-15f4-4d5e-b38f-d4f6aa736017	examples[1].romaji	たとえ元気じゃなくても、家族への手紙には元気だと書きます。	romaji	Tatoe genki janakutemo, kazoku e no tegami ni wa genki da to kakimasu.	Tatoe genki ja nakute mo, kazoku e no tegami ni wa genki da to kakimasu.	B spacing only	romaji word boundary missing vs Reading	Reading boundaries (aligner)	high
grammar_points	8ce9de7f-15f4-4d5e-b38f-d4f6aa736017	examples[2].romaji	たとえ雨が降っても、行きます。	romaji	Tatoe ame ga futtemo, ikimasu.	Tatoe ame ga futte mo, ikimasu.	B spacing only	romaji word boundary missing vs Reading	Reading boundaries (aligner)	high
grammar_points	8f07af5d-5c82-4a78-a1c1-9fc225c09570	examples[0].romaji	新入社員 は 緊張 気味 の 顔 を していた。	romaji	shinnyuu shain wa kinchou gimi no kao o shiteita.	shinnyuu shain wa kinchou gimi no kao o shite ita.	B spacing only	romaji word boundary missing vs Reading	Reading boundaries (aligner)	high
grammar_points	8f550758-6f78-4513-b315-005faa827a3b	examples[2].romaji	程度の差こそあれ、みんな同じ問題を抱えている。	romaji	teido no sa koso are, minna onaji mondai o kakaeteiru.	teido no sa koso are, minna onaji mondai o kakaete iru.	B spacing only	romaji word boundary missing vs Reading	Reading boundaries (aligner)	high
grammar_points	8f927bee-31b2-480c-acf5-3ee39131705c	examples[0].romaji	バス、早く来ないかなあ。	romaji	Basu, hayaku konai kanaa.	Basu, hayaku konai ka naa.	B spacing only	romaji word boundary missing vs Reading	Reading boundaries (aligner)	high
grammar_points	8f927bee-31b2-480c-acf5-3ee39131705c	examples[1].romaji	今日、富士山が見えるかなあ。	romaji	Kyou, Fujisan ga mieru kanaa.	Kyou, Fujisan ga mieru ka naa.	B spacing only	romaji word boundary missing vs Reading	Reading boundaries (aligner)	high
grammar_points	8f927bee-31b2-480c-acf5-3ee39131705c	examples[2].romaji	この実験、うまくいくかな。	romaji	Kono jikken, umaku iku kana.	Kono jikken, umaku iku ka na.	B spacing only	romaji word boundary missing vs Reading	Reading boundaries (aligner)	high
grammar_points	910242ac-2874-444e-855e-f7ae45281d57	examples[1].romaji	しょうがないよ。子どもなんだもん。	romaji	Shouganai yo. Kodomo nan da mon.	Shou ga nai yo. Kodomo nan da mon.	B spacing only	romaji word boundary missing vs Reading	Reading boundaries (aligner)	high
grammar_points	910242ac-2874-444e-855e-f7ae45281d57	examples[2].romaji	今日は行きたくない。疲れているんだもん。	romaji	Kyou wa ikitakunai. Tsukarete iru n da mon.	Kyou wa ikitaku nai. Tsukarete iru n da mon.	B spacing only	romaji word boundary missing vs Reading	Reading boundaries (aligner)	high
grammar_points	95148ac1-1c39-46b2-81c8-0b52ecc8e15c	examples[2].romaji	彼の親ですら驚いた。	romaji	kare no oya desura odoroita.	kare no oya de sura odoroita.	B spacing only	romaji word boundary missing vs Reading	Reading boundaries (aligner)	high
grammar_points	962aa7a2-f036-4fbd-921a-c3b7e3fcf097	examples[0].romaji	矢のごとく、時間が過ぎていく。	romaji	ya no gotoku, jikan ga sugiteiku.	ya no gotoku, jikan ga sugite iku.	B spacing only	romaji word boundary missing vs Reading	Reading boundaries (aligner)	high
grammar_points	96d3af62-119e-4fb4-9b4f-f3a6a8549179	examples[0].romaji	やりたいが、いかんせん、時間がない。	romaji	yaritai ga, ikansen, jikan ga nai.	yaritai ga, ikan sen, jikan ga nai.	B spacing only	romaji word boundary missing vs Reading	Reading boundaries (aligner)	high
grammar_points	96d3af62-119e-4fb4-9b4f-f3a6a8549179	examples[1].romaji	いかんせん、予算が足りない。	romaji	ikansen, yosan ga tarinai.	ikan sen, yosan ga tarinai.	B spacing only	romaji word boundary missing vs Reading	Reading boundaries (aligner)	high
grammar_points	96d3af62-119e-4fb4-9b4f-f3a6a8549179	examples[2].romaji	努力はしたが、いかんせん、結果が出なかった。	romaji	doryoku wa shita ga, ikansen, kekka ga denakatta.	doryoku wa shita ga, ikan sen, kekka ga denakatta.	B spacing only	romaji word boundary missing vs Reading	Reading boundaries (aligner)	high
grammar_points	98a6659d-8dd8-4082-a882-2c846b01e821	examples[2].romaji	彼は生まれながらにして才能に恵まれている。	romaji	kare wa umarenagara ni shite sainou ni megumareteiru.	kare wa umarenagara ni shite sainou ni megumarete iru.	B spacing only	romaji word boundary missing vs Reading	Reading boundaries (aligner)	high
grammar_points	9b25110b-b0e8-4ffd-bcad-7aba08da8c81	examples[0].romaji	試験を前にして、緊張している。	romaji	shiken o mae ni shite, kinchou shiteiru.	shiken o mae ni shite, kinchou shite iru.	B spacing only	romaji word boundary missing vs Reading	Reading boundaries (aligner)	high
grammar_points	a4463a43-89a7-4902-bdaa-404dbc3a3f36	examples[2].romaji	「出口」は「でぐち」と読みます。	romaji	Deguchi wa deguchi to yomimasu.	Deguchi wa de guchi to yomimasu.	B spacing only	romaji word boundary missing vs Reading	Reading boundaries (aligner)	high
grammar_points	a5c43bd5-2e7e-45c9-aa94-6b730d0a63f4	examples[0].romaji	本業のかたわら、小説を書いている。	romaji	hongyou no katawara, shousetsu o kaiteiru.	hongyou no katawara, shousetsu o kaite iru.	B spacing only	romaji word boundary missing vs Reading	Reading boundaries (aligner)	high
grammar_points	a5c43bd5-2e7e-45c9-aa94-6b730d0a63f4	examples[1].romaji	仕事のかたわら、ボランティアをしている。	romaji	shigoto no katawara, borantia o shiteiru.	shigoto no katawara, borantia o shite iru.	B spacing only	romaji word boundary missing vs Reading	Reading boundaries (aligner)	high
grammar_points	a5c43bd5-2e7e-45c9-aa94-6b730d0a63f4	examples[2].romaji	妻は家事のかたわら、ボランティアをしている。	romaji	tsuma wa kaji no katawara, borantia o shiteiru.	tsuma wa kaji no katawara, borantia o shite iru.	B spacing only	romaji word boundary missing vs Reading	Reading boundaries (aligner)	high
grammar_points	a5c43bd5-2e7e-45c9-aa94-6b730d0a63f4	examples[3].romaji	彼は会社で働くかたわら、夜は大学で学んでいる。	romaji	kare wa kaisha de hataraku katawara, yoru wa daigaku de manandeiru.	kare wa kaisha de hataraku katawara, yoru wa daigaku de manande iru.	B spacing only	romaji word boundary missing vs Reading	Reading boundaries (aligner)	high
grammar_points	a5c43bd5-2e7e-45c9-aa94-6b730d0a63f4	examples[4].romaji	子育てのかたわら、趣味を続けている。	romaji	kosodate no katawara, shumi o tsuzuketeiru.	kosodate no katawara, shumi o tsuzukete iru.	B spacing only	romaji word boundary missing vs Reading	Reading boundaries (aligner)	high
grammar_points	a64e0585-e322-4301-9623-b543080eb758	examples[2].romaji	言葉とは裏腹に、心の中では悲しんでいた。	romaji	kotoba to wa urahara ni, kokoro no naka de wa kanashindeita.	kotoba to wa urahara ni, kokoro no naka de wa kanashinde ita.	B spacing only	romaji word boundary missing vs Reading	Reading boundaries (aligner)	high
grammar_points	aae08dc9-69db-4c8e-899a-f1a9f8a542ce	examples[0].romaji	単なる言い間違いにすぎません。	romaji	Tannaru iimachigai ni sugimasen.	Tannaru ii machigai ni sugimasen.	B spacing only	romaji word boundary missing vs Reading	Reading boundaries (aligner)	high
grammar_points	b2648c10-4ba5-433b-97fb-806103023efa	examples[2].romaji	初心者なりに、工夫してみた。	romaji	shoshinsha nari ni, kufuu shitemita.	shoshinsha nari ni, kufuu shite mita.	B spacing only	romaji word boundary missing vs Reading	Reading boundaries (aligner)	high
grammar_points	b84a64ef-7db4-4da8-9252-f1d35fe3e9b5	examples[2].romaji	子供といわず大人といわず、みんな楽しんでいた。	romaji	kodomo to iwazu otona to iwazu, minna tanoshindeita.	kodomo to iwazu otona to iwazu, minna tanoshinde ita.	B spacing only	romaji word boundary missing vs Reading	Reading boundaries (aligner)	high
grammar_points	b95a7cc9-0018-4524-b4c6-dd97a05ed403	examples[0].romaji	及ばずながら、お手伝いさせていただきます。	romaji	oyobazu nagara, otetsudai saseteitadakimasu.	oyobazu nagara, otetsudai sasete itadakimasu.	B spacing only	romaji word boundary missing vs Reading	Reading boundaries (aligner)	high
grammar_points	ba9aa09d-76ba-4ec5-a6fe-2a91e7e2aca3	examples[1].romaji	子供すら知っている。	romaji	kodomo sura shitteiru.	kodomo sura shitte iru.	B spacing only	romaji word boundary missing vs Reading	Reading boundaries (aligner)	high
grammar_points	bb020b09-2375-427d-af29-02567d65abc2	examples[2].romaji	あと少しで合格するところだったのに。	romaji	Ato sukoshi de goukaku suru tokoro datta noni.	Ato sukoshi de goukaku suru tokoro datta no ni.	B spacing only	romaji word boundary missing vs Reading	Reading boundaries (aligner)	high
grammar_points	bea19bba-ee47-4ad3-a394-8df55a6e63c3	examples[1].romaji	だれもやらないなら、僕がやってみようじゃないか。	romaji	Dare mo yaranai nara, boku ga yatte miyou janai ka.	Dare mo yaranai nara, boku ga yatte miyou ja nai ka.	B spacing only	romaji word boundary missing vs Reading	Reading boundaries (aligner)	high
grammar_points	bea19bba-ee47-4ad3-a394-8df55a6e63c3	examples[2].romaji	この問題について、みんなで考えようではありませんか。	romaji	Kono mondai ni tsuite, minna de kangaeyou dewa arimasen ka.	Kono mondai ni tsuite, minna de kangae you dewa arimasen ka.	B spacing only	romaji word boundary missing vs Reading	Reading boundaries (aligner)	high
grammar_points	beb938f6-6f28-4a64-8fc0-30be372c4357	examples[2].romaji	時間さえあれば、手伝えるのに。	romaji	jikan sae areba, tetsudaeru noni.	jikan sae areba, tetsudaeru no ni.	B spacing only	romaji word boundary missing vs Reading	Reading boundaries (aligner)	high
grammar_points	bfa40809-1ea5-49a4-8099-0d1b703549b7	examples[2].romaji	聞くまでもなく、理由は分かっている。	romaji	kiku made mo naku, riyuu wa wakatteiru.	kiku made mo naku, riyuu wa wakatte iru.	B spacing only	romaji word boundary missing vs Reading	Reading boundaries (aligner)	high
grammar_points	c2288520-05b9-45fa-80c7-6f54afb7e2ed	examples[1].romaji	今週は忙しい、といっても先週ほどじゃない。	romaji	Konshuu wa isogashii, to itte mo senshuu hodo janai.	Konshuu wa isogashii, to itte mo senshuu hodo ja nai.	B spacing only	romaji word boundary missing vs Reading	Reading boundaries (aligner)	high
grammar_points	c2b2c0f2-399d-4f46-b885-bf5ecc7780e6	examples[0].romaji	絶対に合格してみせる。	romaji	zettai ni goukaku shitemiseru.	zettai ni goukaku shite miseru.	B spacing only	romaji word boundary missing vs Reading	Reading boundaries (aligner)	high
grammar_points	c2b2c0f2-399d-4f46-b885-bf5ecc7780e6	examples[1].romaji	必ず成功してみせます。	romaji	kanarazu seikou shitemisemasu.	kanarazu seikou shite misemasu.	B spacing only	romaji word boundary missing vs Reading	Reading boundaries (aligner)	high
grammar_points	c2b2c0f2-399d-4f46-b885-bf5ecc7780e6	examples[2].romaji	この困難を乗り越えてみせる。	romaji	kono konnan o norikoetemiseru.	kono konnan o norikoete miseru.	B spacing only	romaji word boundary missing vs Reading	Reading boundaries (aligner)	high
grammar_points	c696fee8-c04e-4eba-8ca8-52485794fe4f	examples[1].romaji	そう結論づけざるを得ない。	romaji	sou ketsuronzukezaru o enai.	sou ketsuron zukezaru o enai.	B spacing only	romaji word boundary missing vs Reading	Reading boundaries (aligner)	high
grammar_points	cc80d650-1646-493c-b590-ef5937372a8a	examples[2].romaji	旅行では、お金は多めに持っていくに越したことはない。	romaji	ryokou de wa, okane wa oome ni motteiku ni koshita koto wa nai.	ryokou de wa, okane wa oome ni motte iku ni koshita koto wa nai.	B spacing only	romaji word boundary missing vs Reading	Reading boundaries (aligner)	high
grammar_points	d5fafbeb-0dea-4b7e-b123-99be48e3652d	examples[0].romaji	この店は昔ながらの味を守っている。	romaji	kono mise wa mukashinagara no aji o mamotteiru.	kono mise wa mukashinagara no aji o mamotte iru.	B spacing only	romaji word boundary missing vs Reading	Reading boundaries (aligner)	high
grammar_points	d5fafbeb-0dea-4b7e-b123-99be48e3652d	examples[2].romaji	昔ながらの風景が残っている。	romaji	mukashinagara no fuukei ga nokotteiru.	mukashinagara no fuukei ga nokotte iru.	B spacing only	romaji word boundary missing vs Reading	Reading boundaries (aligner)	high
grammar_points	d843af87-ad30-4eed-8e67-0136d3d043b3	examples[0].romaji	田中さんに電話するのをすっかり忘れていました。	romaji	Tanaka-san ni denwa suru no o sukkari wasureteimashita.	Tanaka-san ni denwa suru no o sukkari wasurete imashita.	B spacing only	romaji word boundary missing vs Reading	Reading boundaries (aligner)	high
grammar_points	d8c45607-5c0c-404f-a8aa-21d231ce1571	examples[1].romaji	彼の協力なくしては、成功は不可能だった。	romaji	kare no kyouryoku nakushite wa, seikou wa fukanou datta.	kare no kyouryoku naku shite wa, seikou wa fukanou datta.	B spacing only	romaji word boundary missing vs Reading	Reading boundaries (aligner)	high
grammar_points	d8c45607-5c0c-404f-a8aa-21d231ce1571	examples[2].romaji	努力なくして、目標は達成できない。	romaji	doryoku nakushite, mokuhyou wa tassei dekinai.	doryoku naku shite, mokuhyou wa tassei dekinai.	B spacing only	romaji word boundary missing vs Reading	Reading boundaries (aligner)	high
grammar_points	da54613a-b315-48b1-b66e-4d17bb65f482	examples[2].romaji	これまでの経験を踏まえて、対応していく。	romaji	koremade no keiken o fumaete, taiou shiteiku.	kore made no keiken o fumaete, taiou shite iku.	B spacing only	romaji word boundary missing vs Reading	Reading boundaries (aligner)	high
grammar_points	e13bef57-2d93-4613-ae6f-c5b6a763b762	examples[2].romaji	少し休めばよかったものを、無理してしまった。	romaji	sukoshi yasumeba yokatta mono o, muri shiteshimatta.	sukoshi yasumeba yokatta mono o, muri shite shimatta.	B spacing only	romaji word boundary missing vs Reading	Reading boundaries (aligner)	high
grammar_points	e4a54e1e-d932-4f84-830f-2d295e75de3a	examples[2].romaji	誰にもまして、彼女が頑張っている。	romaji	dare nimo mashite, kanojo ga ganbatteiru.	dare nimo mashite, kanojo ga ganbatte iru.	B spacing only	romaji word boundary missing vs Reading	Reading boundaries (aligner)	high
grammar_points	ed1bf3f9-9645-4059-bbb2-a67479758e66	examples[1].romaji	彼は元気じゃない。	romaji	Kare wa genki janai.	Kare wa genki ja nai.	B spacing only	romaji word boundary missing vs Reading	Reading boundaries (aligner)	high
grammar_points	ed1bf3f9-9645-4059-bbb2-a67479758e66	examples[2].romaji	今日は休みじゃない。	romaji	Kyou wa yasumi janai.	Kyou wa yasumi ja nai.	B spacing only	romaji word boundary missing vs Reading	Reading boundaries (aligner)	high
grammar_points	edacdc89-5608-4ade-8874-edce366ce5e5	examples[1].romaji	彼が知っているのではあるまいか。	romaji	kare ga shitteiru no de wa arumai ka.	kare ga shitte iru no de wa arumai ka.	B spacing only	romaji word boundary missing vs Reading	Reading boundaries (aligner)	high
grammar_points	eea1ab54-47e7-4e6d-b3de-8c823c51c8f5	examples[1].romaji	そういえば、田中君、元気かな？	romaji	Sou ieba, Tanaka-kun, genki kana?	Sou ieba, Tanaka-kun, genki ka na?	B spacing only	romaji word boundary missing vs Reading	Reading boundaries (aligner)	high
grammar_points	ef5ad25d-be35-49fe-87f7-4024753b550b	examples[0].romaji	今さら謝ったところで、許してもらえない。	romaji	imasara ayamatta tokorode, yurushite moraenai.	imasara ayamatta tokoro de, yurushite moraenai.	B spacing only	romaji word boundary missing vs Reading	Reading boundaries (aligner)	high
grammar_points	ef5ad25d-be35-49fe-87f7-4024753b550b	examples[1].romaji	走ったところで、もう間に合わない。	romaji	hashitta tokorode, mou maniawanai.	hashitta tokoro de, mou maniawanai.	B spacing only	romaji word boundary missing vs Reading	Reading boundaries (aligner)	high
grammar_points	ef5ad25d-be35-49fe-87f7-4024753b550b	examples[2].romaji	言ったところで、どうにもならない。	romaji	itta tokorode, dounimo naranai.	itta tokoro de, dou nimo naranai.	B spacing only	romaji word boundary missing vs Reading	Reading boundaries (aligner)	high
grammar_points	f082adab-4ad0-4c89-abda-64dfa905ff09	examples[1].romaji	教室に誰もいません。	romaji	Kyoushitsu ni daremo imasen.	Kyoushitsu ni dare mo imasen.	B spacing only	romaji word boundary missing vs Reading	Reading boundaries (aligner)	high
grammar_points	f2a82a3c-40e3-48ed-aa6d-6d7feb8ae50c	examples[2].romaji	成功するに相違ないと信じている。	romaji	seikou suru ni soui nai to shinjiteiru.	seikou suru ni soui nai to shinjite iru.	B spacing only	romaji word boundary missing vs Reading	Reading boundaries (aligner)	high
grammar_points	f7be0b57-e4af-4189-bd54-d08a9fd74971	examples[0].romaji	このはさみは紙を切るのに使います。	romaji	Kono hasami wa kami o kiru noni tsukaimasu.	Kono hasami wa kami o kiru no ni tsukaimasu.	B spacing only	romaji word boundary missing vs Reading	Reading boundaries (aligner)	high
grammar_points	f7be0b57-e4af-4189-bd54-d08a9fd74971	examples[1].romaji	この辞書は日本語を勉強するのに便利です。	romaji	Kono jisho wa Nihongo o benkyou suru noni benri desu.	Kono jisho wa Nihongo o benkyou suru no ni benri desu.	B spacing only	romaji word boundary missing vs Reading	Reading boundaries (aligner)	high
grammar_points	f7be0b57-e4af-4189-bd54-d08a9fd74971	examples[2].romaji	この道具は缶を開けるのに必要です。	romaji	Kono dougu wa kan o akeru noni hitsuyou desu.	Kono dougu wa kan o akeru no ni hitsuyou desu.	B spacing only	romaji word boundary missing vs Reading	Reading boundaries (aligner)	high
grammar_points	f891b66e-b014-4e8a-83f6-8205c9becd25	examples[0].romaji	英語 に 加えて、フランス語 も 勉強 している。	romaji	eigo ni kuwaete, furansugo mo benkyou shiteiru.	eigo ni kuwaete, furansugo mo benkyou shite iru.	B spacing only	romaji word boundary missing vs Reading	Reading boundaries (aligner)	high
grammar_points	f891b66e-b014-4e8a-83f6-8205c9becd25	examples[2].romaji	雨 に 加えて、風 も 強く なってきた。	romaji	ame ni kuwaete, kaze mo tsuyoku nattekita.	ame ni kuwaete, kaze mo tsuyoku natte kita.	B spacing only	romaji word boundary missing vs Reading	Reading boundaries (aligner)	high
grammar_points	fc85e572-b6c2-49c2-ab07-82ca8e586ef5	examples[0].romaji	家族ぐるみで付き合っている。	romaji	kazoku gurumi de tsukiatteiru.	kazoku gurumi de tsukiatte iru.	B spacing only	romaji word boundary missing vs Reading	Reading boundaries (aligner)	high
grammar_points	fc85e572-b6c2-49c2-ab07-82ca8e586ef5	examples[1].romaji	地域ぐるみで、この問題に取り組んでいる。	romaji	chiiki gurumi de, kono mondai ni torikundeiru.	chiiki gurumi de, kono mondai ni torikunde iru.	B spacing only	romaji word boundary missing vs Reading	Reading boundaries (aligner)	high
grammar_points	fc85e572-b6c2-49c2-ab07-82ca8e586ef5	examples[2].romaji	会社ぐるみで不正をしていた。	romaji	kaisha gurumi de fusei o shiteita.	kaisha gurumi de fusei o shite ita.	B spacing only	romaji word boundary missing vs Reading	Reading boundaries (aligner)	high
grammar_points	fdb8fc2f-7352-44c7-8385-2c1f89be3004	examples[2].romaji	この問題に至っては、専門家でも意見が分かれている。	romaji	kono mondai ni itatte wa, senmonka demo iken ga wakareteiru.	kono mondai ni itatte wa, senmonka demo iken ga wakarete iru.	B spacing only	romaji word boundary missing vs Reading	Reading boundaries (aligner)	high
vocabulary_senses	0050cd4d-3250-4379-943d-55b5be416c83	examples[0].reading	田中さんは三〇二号室にいます。	reading		たなかさん は さんまるにごうしつ に います。	missing-reading recovered	Reading recovered from Japanese (Sudachi+ENO lexicon/conj) + manual review; segmented by final ENO rules	Japanese + ENO vocab term/reading + Sudachi + manual review	high
vocabulary_senses	0050cd4d-3250-4379-943d-55b5be416c83	examples[0].romaji	田中さんは三〇二号室にいます。	romaji		Tanakasan wa sanmarunigoushitsu ni imasu.	missing-reading recovered	romaji generated from recovered Reading in ENO style	gen(Reading)	high
vocabulary_senses	02429dd2-94dc-4ea4-a26f-33b299a895e6	examples[1].reading	灯りが点いた。	reading		あかり が ついた。	missing-reading recovered	Reading recovered from Japanese (Sudachi+ENO lexicon/conj) + manual review; segmented by final ENO rules	Japanese + ENO vocab term/reading + Sudachi + manual review	high
vocabulary_senses	02429dd2-94dc-4ea4-a26f-33b299a895e6	examples[1].romaji	灯りが点いた。	romaji		Akari ga tsuita.	missing-reading recovered	romaji generated from recovered Reading in ENO style	gen(Reading)	high
vocabulary_senses	02429dd2-94dc-4ea4-a26f-33b299a895e6	examples[1].id	灯りが点いた。	id		Lampunya menyala.	A-empty arti filled	arti translated from Japanese; en field cross-check	Japanese (primary) + existing en	medium-high
vocabulary_senses	02bae7cc-fe7f-4328-83fc-469d3fb3c4e4	examples[0].reading	箱の容積を計算します。	reading		はこ の ようせき を けいさんします。	missing-reading recovered	Reading recovered from Japanese (Sudachi+ENO lexicon/conj) + manual review; segmented by final ENO rules	Japanese + ENO vocab term/reading + Sudachi + manual review	high
vocabulary_senses	02bae7cc-fe7f-4328-83fc-469d3fb3c4e4	examples[0].romaji	箱の容積を計算します。	romaji		Hako no youseki o keisanshimasu.	missing-reading recovered	romaji generated from recovered Reading in ENO style	gen(Reading)	high
vocabulary_senses	0649631b-33c1-409d-87f3-380b42773625	examples[0].reading	他にご用は？	reading		ほか に ごよう は？	missing-reading recovered	Reading recovered from Japanese (Sudachi+ENO lexicon/conj) + manual review; segmented by final ENO rules	Japanese + ENO vocab term/reading + Sudachi + manual review	high
vocabulary_senses	0649631b-33c1-409d-87f3-380b42773625	examples[0].romaji	他にご用は？	romaji		Hoka ni goyou wa?	missing-reading recovered	romaji generated from recovered Reading in ENO style	gen(Reading)	high
vocabulary_senses	0649631b-33c1-409d-87f3-380b42773625	examples[0].id	他にご用は？	id		Apakah ada keperluan lain?	A-empty arti filled	arti translated from Japanese; en field cross-check	Japanese (primary) + existing en	medium-high
vocabulary_senses	0649631b-33c1-409d-87f3-380b42773625	examples[1].reading	他のをくれ。	reading		ほか の を くれ。	missing-reading recovered	Reading recovered from Japanese (Sudachi+ENO lexicon/conj) + manual review; segmented by final ENO rules	Japanese + ENO vocab term/reading + Sudachi + manual review	high
vocabulary_senses	0649631b-33c1-409d-87f3-380b42773625	examples[1].romaji	他のをくれ。	romaji		Hoka no o kure.	missing-reading recovered	romaji generated from recovered Reading in ENO style	gen(Reading)	high
vocabulary_senses	0649631b-33c1-409d-87f3-380b42773625	examples[1].id	他のをくれ。	id		Beri aku yang lain.	A-empty arti filled	arti translated from Japanese; en field cross-check	Japanese (primary) + existing en	medium-high
vocabulary_senses	0867a651-d15c-4fa2-b826-793e117782be	examples[0].reading	僕は忙しい。	reading		ぼく は いそがしい。	missing-reading recovered	Reading recovered from Japanese (Sudachi+ENO lexicon/conj) + manual review; segmented by final ENO rules	Japanese + ENO vocab term/reading + Sudachi + manual review	high
vocabulary_senses	0867a651-d15c-4fa2-b826-793e117782be	examples[0].romaji	僕は忙しい。	romaji		Boku wa isogashii.	missing-reading recovered	romaji generated from recovered Reading in ENO style	gen(Reading)	high
vocabulary_senses	0867a651-d15c-4fa2-b826-793e117782be	examples[0].id	僕は忙しい。	id		Aku sibuk.	A-empty arti filled	arti translated from Japanese; en field cross-check	Japanese (primary) + existing en	medium-high
vocabulary_senses	0867a651-d15c-4fa2-b826-793e117782be	examples[1].reading	僕は猫背だ。	reading		ぼく は ねこぜ だ。	missing-reading recovered	Reading recovered from Japanese (Sudachi+ENO lexicon/conj) + manual review; segmented by final ENO rules	Japanese + ENO vocab term/reading + Sudachi + manual review	high
vocabulary_senses	0867a651-d15c-4fa2-b826-793e117782be	examples[1].romaji	僕は猫背だ。	romaji		Boku wa nekoze da.	missing-reading recovered	romaji generated from recovered Reading in ENO style	gen(Reading)	high
vocabulary_senses	0867a651-d15c-4fa2-b826-793e117782be	examples[1].id	僕は猫背だ。	id		Punggungku bungkuk.	A-empty arti filled	arti translated from Japanese; en field cross-check	Japanese (primary) + existing en	medium-high
vocabulary_senses	08812429-564a-4875-99cf-86ad9713d7e8	examples[1].reading	私は更に５０ページ読んだ。	reading		わたし は さらに ごじゅうページ よんだ。	missing-reading recovered	Reading recovered from Japanese (Sudachi+ENO lexicon/conj) + manual review; segmented by final ENO rules	Japanese + ENO vocab term/reading + Sudachi + manual review	medium
vocabulary_senses	08812429-564a-4875-99cf-86ad9713d7e8	examples[1].romaji	私は更に５０ページ読んだ。	romaji		Watashi wa sarani gojuupeeji yonda.	missing-reading recovered	romaji generated from recovered Reading in ENO style	gen(Reading)	high
vocabulary_senses	08812429-564a-4875-99cf-86ad9713d7e8	examples[1].id	私は更に５０ページ読んだ。	id		Saya membaca lima puluh halaman lagi.	A-empty arti filled	arti translated from Japanese; en field cross-check	Japanese (primary) + existing en	medium-high
vocabulary_senses	09174933-3bcf-4179-b195-a34ca9e437f0	examples[0].reading	彼は二言三言述べると行ってしまった。	reading		かれ は ふたことみこと のべる と いって しまった。	missing-reading recovered	Reading recovered from Japanese (Sudachi+ENO lexicon/conj) + manual review; segmented by final ENO rules	Japanese + ENO vocab term/reading + Sudachi + manual review	high
vocabulary_senses	09174933-3bcf-4179-b195-a34ca9e437f0	examples[0].romaji	彼は二言三言述べると行ってしまった。	romaji		Kare wa futakotomikoto noberu to itte shimatta.	missing-reading recovered	romaji generated from recovered Reading in ENO style	gen(Reading)	high
vocabulary_senses	09174933-3bcf-4179-b195-a34ca9e437f0	examples[0].id	彼は二言三言述べると行ってしまった。	id		Dia mengucapkan beberapa patah kata lalu pergi.	A-empty arti filled	arti translated from Japanese; en field cross-check	Japanese (primary) + existing en	medium-high
vocabulary_senses	0b1a5504-a135-4ba9-9620-982155eb3308	examples[0].reading	大家族なの？	reading		だいかぞく な の？	missing-reading recovered	Reading recovered from Japanese (Sudachi+ENO lexicon/conj) + manual review; segmented by final ENO rules	Japanese + ENO vocab term/reading + Sudachi + manual review	high
vocabulary_senses	0b1a5504-a135-4ba9-9620-982155eb3308	examples[0].romaji	大家族なの？	romaji		Daikazoku na no?	missing-reading recovered	romaji generated from recovered Reading in ENO style	gen(Reading)	high
vocabulary_senses	0b1a5504-a135-4ba9-9620-982155eb3308	examples[0].id	大家族なの？	id		Apakah keluargamu besar?	A-empty arti filled	arti translated from Japanese; en field cross-check	Japanese (primary) + existing en	medium-high
vocabulary_senses	0b1a5504-a135-4ba9-9620-982155eb3308	examples[1].reading	彼は大家族だ。	reading		かれ は だいかぞく だ。	missing-reading recovered	Reading recovered from Japanese (Sudachi+ENO lexicon/conj) + manual review; segmented by final ENO rules	Japanese + ENO vocab term/reading + Sudachi + manual review	high
vocabulary_senses	0b1a5504-a135-4ba9-9620-982155eb3308	examples[1].romaji	彼は大家族だ。	romaji		Kare wa daikazoku da.	missing-reading recovered	romaji generated from recovered Reading in ENO style	gen(Reading)	high
vocabulary_senses	0b1a5504-a135-4ba9-9620-982155eb3308	examples[1].id	彼は大家族だ。	id		Dia berasal dari keluarga besar.	A-empty arti filled	arti translated from Japanese; en field cross-check	Japanese (primary) + existing en	medium-high
vocabulary_senses	0dca2434-5b67-4588-b8b8-4f5e96816e00	examples[0].reading	お菓子を一ついかがですか？	reading		おかし を ひとつ いかが です か？	missing-reading recovered	Reading recovered from Japanese (Sudachi+ENO lexicon/conj) + manual review; segmented by final ENO rules	Japanese + ENO vocab term/reading + Sudachi + manual review	high
vocabulary_senses	0dca2434-5b67-4588-b8b8-4f5e96816e00	examples[0].romaji	お菓子を一ついかがですか？	romaji		Okashi o hitotsu ikaga desu ka?	missing-reading recovered	romaji generated from recovered Reading in ENO style	gen(Reading)	high
vocabulary_senses	0f6758b6-d332-4336-a278-f827631fd563	examples[0].reading	彼の家は２軒先です。	reading		かれ の いえ は にけんさき です。	missing-reading recovered	Reading recovered from Japanese (Sudachi+ENO lexicon/conj) + manual review; segmented by final ENO rules	Japanese + ENO vocab term/reading + Sudachi + manual review	medium
vocabulary_senses	0f6758b6-d332-4336-a278-f827631fd563	examples[0].romaji	彼の家は２軒先です。	romaji		Kare no ie wa nikensaki desu.	missing-reading recovered	romaji generated from recovered Reading in ENO style	gen(Reading)	high
vocabulary_senses	0f6758b6-d332-4336-a278-f827631fd563	examples[0].id	彼の家は２軒先です。	id		Rumahnya berjarak dua rumah dari sini.	A-empty arti filled	arti translated from Japanese; en field cross-check	Japanese (primary) + existing en	medium-high
vocabulary_senses	0f6758b6-d332-4336-a278-f827631fd563	examples[1].reading	森の近くに一軒家がある。	reading		もり の ちかく に いっけんや が ある。	missing-reading recovered	Reading recovered from Japanese (Sudachi+ENO lexicon/conj) + manual review; segmented by final ENO rules	Japanese + ENO vocab term/reading + Sudachi + manual review	high
vocabulary_senses	0f6758b6-d332-4336-a278-f827631fd563	examples[1].romaji	森の近くに一軒家がある。	romaji		Mori no chikaku ni ikken'ya ga aru.	missing-reading recovered	romaji generated from recovered Reading in ENO style	gen(Reading)	high
vocabulary_senses	0f6758b6-d332-4336-a278-f827631fd563	examples[1].id	森の近くに一軒家がある。	id		Ada sebuah rumah terpisah di dekat hutan.	A-empty arti filled	arti translated from Japanese; en field cross-check	Japanese (primary) + existing en	medium-high
vocabulary_senses	0f6b6fe7-b2f4-4dae-8a13-7c1427f00c87	examples[0].reading	日本に三年間住みました。	reading		にほん に さんねんかん すみました。	missing-reading recovered	Reading recovered from Japanese (Sudachi+ENO lexicon/conj) + manual review; segmented by final ENO rules	Japanese + ENO vocab term/reading + Sudachi + manual review	high
vocabulary_senses	0f6b6fe7-b2f4-4dae-8a13-7c1427f00c87	examples[0].romaji	日本に三年間住みました。	romaji		Nihon ni sannenkan sumimashita.	missing-reading recovered	romaji generated from recovered Reading in ENO style	gen(Reading)	high
vocabulary_senses	0fa7987f-318e-4308-af59-25abd59a6385	examples[1].reading	彼は大金持ちだ。	reading		かれ は おおがねもち だ。	missing-reading recovered	Reading recovered from Japanese (Sudachi+ENO lexicon/conj) + manual review; segmented by final ENO rules	Japanese + ENO vocab term/reading + Sudachi + manual review	high
vocabulary_senses	0fa7987f-318e-4308-af59-25abd59a6385	examples[1].romaji	彼は大金持ちだ。	romaji		Kare wa ooganemochi da.	missing-reading recovered	romaji generated from recovered Reading in ENO style	gen(Reading)	high
vocabulary_senses	0fa7987f-318e-4308-af59-25abd59a6385	examples[1].id	彼は大金持ちだ。	id		Dia sangat kaya.	A-empty arti filled	arti translated from Japanese; en field cross-check	Japanese (primary) + existing en	medium-high
vocabulary_senses	114da12a-d6f8-4188-87e9-275a1d7874f7	examples[0].reading	闘志を燃やせ！	reading		とうし を もやせ！	missing-reading recovered	Reading recovered from Japanese (Sudachi+ENO lexicon/conj) + manual review; segmented by final ENO rules	Japanese + ENO vocab term/reading + Sudachi + manual review	high
vocabulary_senses	114da12a-d6f8-4188-87e9-275a1d7874f7	examples[0].romaji	闘志を燃やせ！	romaji		Toushi o moyase!	missing-reading recovered	romaji generated from recovered Reading in ENO style	gen(Reading)	high
vocabulary_senses	114da12a-d6f8-4188-87e9-275a1d7874f7	examples[0].id	闘志を燃やせ！	id		Kobarkan semangat juangmu!	A-empty arti filled	arti translated from Japanese; en field cross-check	Japanese (primary) + existing en	medium-high
vocabulary_senses	114da12a-d6f8-4188-87e9-275a1d7874f7	examples[1].reading	彼は意志が弱い。	reading		かれ は いし が よわい。	missing-reading recovered	Reading recovered from Japanese (Sudachi+ENO lexicon/conj) + manual review; segmented by final ENO rules	Japanese + ENO vocab term/reading + Sudachi + manual review	high
vocabulary_senses	114da12a-d6f8-4188-87e9-275a1d7874f7	examples[1].romaji	彼は意志が弱い。	romaji		Kare wa ishi ga yowai.	missing-reading recovered	romaji generated from recovered Reading in ENO style	gen(Reading)	high
vocabulary_senses	114da12a-d6f8-4188-87e9-275a1d7874f7	examples[1].id	彼は意志が弱い。	id		Dia berkemauan lemah.	A-empty arti filled	arti translated from Japanese; en field cross-check	Japanese (primary) + existing en	medium-high
vocabulary_senses	11fbfeed-9ad4-45fb-9ae2-0786f5298323	examples[1].reading	沖縄は１年中よい気候だ。	reading		おきなわ は いちねんじゅう よい きこう だ。	missing-reading recovered	Reading recovered from Japanese (Sudachi+ENO lexicon/conj) + manual review; segmented by final ENO rules	Japanese + ENO vocab term/reading + Sudachi + manual review	medium
vocabulary_senses	11fbfeed-9ad4-45fb-9ae2-0786f5298323	examples[1].romaji	沖縄は１年中よい気候だ。	romaji		Okinawa wa ichinenjuu yoi kikou da.	missing-reading recovered	romaji generated from recovered Reading in ENO style	gen(Reading)	high
vocabulary_senses	11fbfeed-9ad4-45fb-9ae2-0786f5298323	examples[1].id	沖縄は１年中よい気候だ。	id		Okinawa beriklim baik sepanjang tahun.	A-empty arti filled	arti translated from Japanese; en field cross-check	Japanese (primary) + existing en	medium-high
vocabulary_senses	1441477b-155b-452c-8c5e-70d7f1cedef4	examples[0].reading	十二わる三は四です。	reading		じゅうにわる さん は よん です。	missing-reading recovered	Reading recovered from Japanese (Sudachi+ENO lexicon/conj) + manual review; segmented by final ENO rules	Japanese + ENO vocab term/reading + Sudachi + manual review	high
vocabulary_senses	1441477b-155b-452c-8c5e-70d7f1cedef4	examples[0].romaji	十二わる三は四です。	romaji		Juuniwaru san wa yon desu.	missing-reading recovered	romaji generated from recovered Reading in ENO style	gen(Reading)	high
vocabulary_senses	15215324-8250-4bd9-bcb7-dd06550750f7	examples[1].reading	夜を徹するか否か。	reading		よる を てっする か いな か。	missing-reading recovered	Reading recovered from Japanese (Sudachi+ENO lexicon/conj) + manual review; segmented by final ENO rules	Japanese + ENO vocab term/reading + Sudachi + manual review	high
vocabulary_senses	15215324-8250-4bd9-bcb7-dd06550750f7	examples[1].romaji	夜を徹するか否か。	romaji		Yoru o tessuru ka ina ka.	missing-reading recovered	romaji generated from recovered Reading in ENO style	gen(Reading)	high
vocabulary_senses	15215324-8250-4bd9-bcb7-dd06550750f7	examples[1].id	夜を徹するか否か。	id		Begadang semalaman atau tidak.	A-empty arti filled	arti translated from Japanese; en field cross-check	Japanese (primary) + existing en	medium-high
vocabulary_senses	16c770b1-5b2d-4f6a-ba7a-d02bc7f3936a	examples[0].reading	五の五倍は二十五。	reading		ご の ごばい は にじゅうご。	missing-reading recovered	Reading recovered from Japanese (Sudachi+ENO lexicon/conj) + manual review; segmented by final ENO rules	Japanese + ENO vocab term/reading + Sudachi + manual review	high
vocabulary_senses	16c770b1-5b2d-4f6a-ba7a-d02bc7f3936a	examples[0].romaji	五の五倍は二十五。	romaji		Go no gobai wa nijuugo.	missing-reading recovered	romaji generated from recovered Reading in ENO style	gen(Reading)	high
vocabulary_senses	16c770b1-5b2d-4f6a-ba7a-d02bc7f3936a	examples[0].id	五の五倍は二十五。	id		Lima kali lima adalah dua puluh lima.	A-empty arti filled	arti translated from Japanese; en field cross-check	Japanese (primary) + existing en	medium-high
vocabulary_senses	16c770b1-5b2d-4f6a-ba7a-d02bc7f3936a	examples[1].reading	ローリーは二十歳だ。	reading		ローリー は はたち だ。	missing-reading recovered	Reading recovered from Japanese (Sudachi+ENO lexicon/conj) + manual review; segmented by final ENO rules	Japanese + ENO vocab term/reading + Sudachi + manual review	high
vocabulary_senses	16c770b1-5b2d-4f6a-ba7a-d02bc7f3936a	examples[1].romaji	ローリーは二十歳だ。	romaji		Roorii wa hatachi da.	missing-reading recovered	romaji generated from recovered Reading in ENO style	gen(Reading)	high
vocabulary_senses	16c770b1-5b2d-4f6a-ba7a-d02bc7f3936a	examples[1].id	ローリーは二十歳だ。	id		Laurie berusia dua puluh tahun.	A-empty arti filled	arti translated from Japanese; en field cross-check	Japanese (primary) + existing en	medium-high
vocabulary_senses	17255bf9-3935-49cb-ad9a-17f53a8ebe4f	examples[0].reading	トムは直ちに事態を掌握した。	reading		トム は ただちに じたい を しょうあくした。	missing-reading recovered	Reading recovered from Japanese (Sudachi+ENO lexicon/conj) + manual review; segmented by final ENO rules	Japanese + ENO vocab term/reading + Sudachi + manual review	high
vocabulary_senses	17255bf9-3935-49cb-ad9a-17f53a8ebe4f	examples[0].romaji	トムは直ちに事態を掌握した。	romaji		Tomu wa tadachini jitai o shouakushita.	missing-reading recovered	romaji generated from recovered Reading in ENO style	gen(Reading)	high
vocabulary_senses	17255bf9-3935-49cb-ad9a-17f53a8ebe4f	examples[0].id	トムは直ちに事態を掌握した。	id		Tom segera menguasai keadaan.	A-empty arti filled	arti translated from Japanese; en field cross-check	Japanese (primary) + existing en	medium-high
vocabulary_senses	17a8db8c-99bc-4981-9866-96c5588bc87f	examples[1].reading	柳の下の泥鰌。	reading		やなぎ の した の どじょう。	missing-reading recovered	Reading recovered from Japanese (Sudachi+ENO lexicon/conj) + manual review; segmented by final ENO rules	Japanese + ENO vocab term/reading + Sudachi + manual review	high
vocabulary_senses	17a8db8c-99bc-4981-9866-96c5588bc87f	examples[1].romaji	柳の下の泥鰌。	romaji		Yanagi no shita no dojou.	missing-reading recovered	romaji generated from recovered Reading in ENO style	gen(Reading)	high
vocabulary_senses	17a8db8c-99bc-4981-9866-96c5588bc87f	examples[1].id	柳の下の泥鰌。	id		Belut di bawah pohon willow (jangan berharap keberuntungan yang sama datang dua kali).	A-empty arti filled	arti translated from Japanese; en field cross-check	Japanese (primary) + existing en	medium-high
vocabulary_senses	1832cd0e-6657-4de8-b680-cb56fdb89bd8	examples[0].reading	足で三日月を踏んでいる。	reading		あし で みかづき を ふんで いる。	missing-reading recovered	Reading recovered from Japanese (Sudachi+ENO lexicon/conj) + manual review; segmented by final ENO rules	Japanese + ENO vocab term/reading + Sudachi + manual review	high
vocabulary_senses	1832cd0e-6657-4de8-b680-cb56fdb89bd8	examples[0].romaji	足で三日月を踏んでいる。	romaji		Ashi de mikazuki o funde iru.	missing-reading recovered	romaji generated from recovered Reading in ENO style	gen(Reading)	high
vocabulary_senses	1832cd0e-6657-4de8-b680-cb56fdb89bd8	examples[0].id	足で三日月を踏んでいる。	id		Saya menginjak bulan sabit dengan kaki saya.	A-empty arti filled	arti translated from Japanese; en field cross-check	Japanese (primary) + existing en	medium-high
vocabulary_senses	18fd4e32-62aa-4cd8-9010-15fe822a40d2	examples[0].reading	海岸に行ったよ。	reading		かいがん に いった よ。	missing-reading recovered	Reading recovered from Japanese (Sudachi+ENO lexicon/conj) + manual review; segmented by final ENO rules	Japanese + ENO vocab term/reading + Sudachi + manual review	high
vocabulary_senses	18fd4e32-62aa-4cd8-9010-15fe822a40d2	examples[0].romaji	海岸に行ったよ。	romaji		Kaigan ni itta yo.	missing-reading recovered	romaji generated from recovered Reading in ENO style	gen(Reading)	high
vocabulary_senses	18fd4e32-62aa-4cd8-9010-15fe822a40d2	examples[0].id	海岸に行ったよ。	id		Mereka pergi ke pantai.	A-empty arti filled	arti translated from Japanese; en field cross-check	Japanese (primary) + existing en	medium-high
vocabulary_senses	18fd4e32-62aa-4cd8-9010-15fe822a40d2	examples[1].reading	海岸に行こうよ。	reading		かいがん に いこう よ。	missing-reading recovered	Reading recovered from Japanese (Sudachi+ENO lexicon/conj) + manual review; segmented by final ENO rules	Japanese + ENO vocab term/reading + Sudachi + manual review	high
vocabulary_senses	18fd4e32-62aa-4cd8-9010-15fe822a40d2	examples[1].romaji	海岸に行こうよ。	romaji		Kaigan ni ikou yo.	missing-reading recovered	romaji generated from recovered Reading in ENO style	gen(Reading)	high
vocabulary_senses	18fd4e32-62aa-4cd8-9010-15fe822a40d2	examples[1].id	海岸に行こうよ。	id		Ayo kita pergi ke pantai.	A-empty arti filled	arti translated from Japanese; en field cross-check	Japanese (primary) + existing en	medium-high
vocabulary_senses	1b47c052-22da-4ac9-9901-26f761346964	examples[1].reading	彼は脱兎のごとく逃げた。	reading		かれ は だっと の ごとく にげた。	missing-reading recovered	Reading recovered from Japanese (Sudachi+ENO lexicon/conj) + manual review; segmented by final ENO rules	Japanese + ENO vocab term/reading + Sudachi + manual review	high
vocabulary_senses	1b47c052-22da-4ac9-9901-26f761346964	examples[1].romaji	彼は脱兎のごとく逃げた。	romaji		Kare wa datto no gotoku nigeta.	missing-reading recovered	romaji generated from recovered Reading in ENO style	gen(Reading)	high
vocabulary_senses	1b47c052-22da-4ac9-9901-26f761346964	examples[1].id	彼は脱兎のごとく逃げた。	id		Dia kabur secepat kelinci yang ketakutan.	A-empty arti filled	arti translated from Japanese; en field cross-check	Japanese (primary) + existing en	medium-high
vocabulary_senses	1e754513-18bc-4012-8e54-381ae5346f87	examples[0].reading	僕は猫背だ。	reading		ぼく は ねこぜ だ。	missing-reading recovered	Reading recovered from Japanese (Sudachi+ENO lexicon/conj) + manual review; segmented by final ENO rules	Japanese + ENO vocab term/reading + Sudachi + manual review	high
vocabulary_senses	1e754513-18bc-4012-8e54-381ae5346f87	examples[0].romaji	僕は猫背だ。	romaji		Boku wa nekoze da.	missing-reading recovered	romaji generated from recovered Reading in ENO style	gen(Reading)	high
vocabulary_senses	1e754513-18bc-4012-8e54-381ae5346f87	examples[0].id	僕は猫背だ。	id		Punggungku bungkuk.	A-empty arti filled	arti translated from Japanese; en field cross-check	Japanese (primary) + existing en	medium-high
vocabulary_senses	1e754513-18bc-4012-8e54-381ae5346f87	examples[1].reading	背中が痛い。	reading		せなか が いたい。	missing-reading recovered	Reading recovered from Japanese (Sudachi+ENO lexicon/conj) + manual review; segmented by final ENO rules	Japanese + ENO vocab term/reading + Sudachi + manual review	high
vocabulary_senses	1e754513-18bc-4012-8e54-381ae5346f87	examples[1].romaji	背中が痛い。	romaji		Senaka ga itai.	missing-reading recovered	romaji generated from recovered Reading in ENO style	gen(Reading)	high
vocabulary_senses	1e754513-18bc-4012-8e54-381ae5346f87	examples[1].id	背中が痛い。	id		Punggungku sakit.	A-empty arti filled	arti translated from Japanese; en field cross-check	Japanese (primary) + existing en	medium-high
vocabulary_senses	1fa57772-f3e1-4a46-ab1b-43f22e57fc20	examples[0].reading	君はギター弾く？	reading		きみ は ギター ひく？	missing-reading recovered	Reading recovered from Japanese (Sudachi+ENO lexicon/conj) + manual review; segmented by final ENO rules	Japanese + ENO vocab term/reading + Sudachi + manual review	high
vocabulary_senses	1fa57772-f3e1-4a46-ab1b-43f22e57fc20	examples[0].romaji	君はギター弾く？	romaji		Kimi wa gitaa hiku?	missing-reading recovered	romaji generated from recovered Reading in ENO style	gen(Reading)	high
vocabulary_senses	1fa57772-f3e1-4a46-ab1b-43f22e57fc20	examples[0].id	君はギター弾く？	id		Apakah kamu bermain gitar?	A-empty arti filled	arti translated from Japanese; en field cross-check	Japanese (primary) + existing en	medium-high
vocabulary_senses	1fa57772-f3e1-4a46-ab1b-43f22e57fc20	examples[1].reading	どんな曲を弾くの？	reading		どんな きょく を ひく の？	missing-reading recovered	Reading recovered from Japanese (Sudachi+ENO lexicon/conj) + manual review; segmented by final ENO rules	Japanese + ENO vocab term/reading + Sudachi + manual review	high
vocabulary_senses	1fa57772-f3e1-4a46-ab1b-43f22e57fc20	examples[1].romaji	どんな曲を弾くの？	romaji		Donna kyoku o hiku no?	missing-reading recovered	romaji generated from recovered Reading in ENO style	gen(Reading)	high
vocabulary_senses	1fa57772-f3e1-4a46-ab1b-43f22e57fc20	examples[1].id	どんな曲を弾くの？	id		Lagu seperti apa yang kamu mainkan?	A-empty arti filled	arti translated from Japanese; en field cross-check	Japanese (primary) + existing en	medium-high
vocabulary_senses	20d5c46b-9504-4e8a-b830-d3bee0008c14	examples[1].reading	値札を見て。	reading		ねふだ を みて。	missing-reading recovered	Reading recovered from Japanese (Sudachi+ENO lexicon/conj) + manual review; segmented by final ENO rules	Japanese + ENO vocab term/reading + Sudachi + manual review	high
vocabulary_senses	20d5c46b-9504-4e8a-b830-d3bee0008c14	examples[1].romaji	値札を見て。	romaji		Nefuda o mite.	missing-reading recovered	romaji generated from recovered Reading in ENO style	gen(Reading)	high
vocabulary_senses	20d5c46b-9504-4e8a-b830-d3bee0008c14	examples[1].id	値札を見て。	id		Lihat label harganya.	A-empty arti filled	arti translated from Japanese; en field cross-check	Japanese (primary) + existing en	medium-high
vocabulary_senses	213e70c2-8281-4700-b2ae-c751f6dd31fa	examples[0].reading	潮を吹いたぞ。	reading		しお を ふいた ぞ。	missing-reading recovered	Reading recovered from Japanese (Sudachi+ENO lexicon/conj) + manual review; segmented by final ENO rules	Japanese + ENO vocab term/reading + Sudachi + manual review	high
vocabulary_senses	213e70c2-8281-4700-b2ae-c751f6dd31fa	examples[0].romaji	潮を吹いたぞ。	romaji		Shio o fuita zo.	missing-reading recovered	romaji generated from recovered Reading in ENO style	gen(Reading)	high
vocabulary_senses	213e70c2-8281-4700-b2ae-c751f6dd31fa	examples[0].id	潮を吹いたぞ。	id		Dia menyemburkan air!	A-empty arti filled	arti translated from Japanese; en field cross-check	Japanese (primary) + existing en	medium-high
vocabulary_senses	21adccb2-4248-4f09-95d7-86b4933249f7	examples[0].reading	彼は次の角に居る。	reading		かれ は つぎ の かど に いる。	missing-reading recovered	Reading recovered from Japanese (Sudachi+ENO lexicon/conj) + manual review; segmented by final ENO rules	Japanese + ENO vocab term/reading + Sudachi + manual review	high
vocabulary_senses	21adccb2-4248-4f09-95d7-86b4933249f7	examples[0].romaji	彼は次の角に居る。	romaji		Kare wa tsugi no kado ni iru.	missing-reading recovered	romaji generated from recovered Reading in ENO style	gen(Reading)	high
vocabulary_senses	21adccb2-4248-4f09-95d7-86b4933249f7	examples[0].id	彼は次の角に居る。	id		Dia ada di sudut jalan berikutnya.	A-empty arti filled	arti translated from Japanese; en field cross-check	Japanese (primary) + existing en	medium-high
vocabulary_senses	21adccb2-4248-4f09-95d7-86b4933249f7	examples[1].reading	奴ら、中に居るの？	reading		やつら、なか に いる の？	missing-reading recovered	Reading recovered from Japanese (Sudachi+ENO lexicon/conj) + manual review; segmented by final ENO rules	Japanese + ENO vocab term/reading + Sudachi + manual review	high
vocabulary_senses	21adccb2-4248-4f09-95d7-86b4933249f7	examples[1].romaji	奴ら、中に居るの？	romaji		Yatsura, naka ni iru no?	missing-reading recovered	romaji generated from recovered Reading in ENO style	gen(Reading)	high
vocabulary_senses	21adccb2-4248-4f09-95d7-86b4933249f7	examples[1].id	奴ら、中に居るの？	id		Mereka ada di dalam?	A-empty arti filled	arti translated from Japanese; en field cross-check	Japanese (primary) + existing en	medium-high
vocabulary_senses	22ffacb0-71ac-4a79-ac81-6e882a045b6a	examples[0].reading	この部屋は前の部屋の二倍広いです。	reading		この へや は まえ の へや の にばい ひろい です。	missing-reading recovered	Reading recovered from Japanese (Sudachi+ENO lexicon/conj) + manual review; segmented by final ENO rules	Japanese + ENO vocab term/reading + Sudachi + manual review	high
vocabulary_senses	22ffacb0-71ac-4a79-ac81-6e882a045b6a	examples[0].romaji	この部屋は前の部屋の二倍広いです。	romaji		Kono heya wa mae no heya no nibai hiroi desu.	missing-reading recovered	romaji generated from recovered Reading in ENO style	gen(Reading)	high
vocabulary_senses	23eabf89-d3ad-4308-af11-ec7e00ad9949	examples[1].reading	灰皿を下さい。	reading		はいざら を ください。	missing-reading recovered	Reading recovered from Japanese (Sudachi+ENO lexicon/conj) + manual review; segmented by final ENO rules	Japanese + ENO vocab term/reading + Sudachi + manual review	high
vocabulary_senses	23eabf89-d3ad-4308-af11-ec7e00ad9949	examples[1].romaji	灰皿を下さい。	romaji		Haizara o kudasai.	missing-reading recovered	romaji generated from recovered Reading in ENO style	gen(Reading)	high
vocabulary_senses	23eabf89-d3ad-4308-af11-ec7e00ad9949	examples[1].id	灰皿を下さい。	id		Tolong beri saya asbak.	A-empty arti filled	arti translated from Japanese; en field cross-check	Japanese (primary) + existing en	medium-high
vocabulary_senses	251a03b1-6251-4e73-a095-dafbf88deadd	examples[0].reading	彼女は少なくとも３０歳だ。	reading		かのじょ は すくなくとも さんじゅうさい だ。	missing-reading recovered	Reading recovered from Japanese (Sudachi+ENO lexicon/conj) + manual review; segmented by final ENO rules	Japanese + ENO vocab term/reading + Sudachi + manual review	medium
vocabulary_senses	251a03b1-6251-4e73-a095-dafbf88deadd	examples[0].romaji	彼女は少なくとも３０歳だ。	romaji		Kanojo wa sukunakutomo sanjuusai da.	missing-reading recovered	romaji generated from recovered Reading in ENO style	gen(Reading)	high
vocabulary_senses	253ad474-7931-4c6c-a381-dbe22b3f6c84	examples[0].reading	それもあり得る。	reading		それ も ありうる。	missing-reading recovered	Reading recovered from Japanese (Sudachi+ENO lexicon/conj) + manual review; segmented by final ENO rules	Japanese + ENO vocab term/reading + Sudachi + manual review	high
vocabulary_senses	253ad474-7931-4c6c-a381-dbe22b3f6c84	examples[0].romaji	それもあり得る。	romaji		Sore mo ariuru.	missing-reading recovered	romaji generated from recovered Reading in ENO style	gen(Reading)	high
vocabulary_senses	253ad474-7931-4c6c-a381-dbe22b3f6c84	examples[0].id	それもあり得る。	id		Itu juga mungkin saja terjadi.	A-empty arti filled	arti translated from Japanese; en field cross-check	Japanese (primary) + existing en	medium-high
vocabulary_senses	253ad474-7931-4c6c-a381-dbe22b3f6c84	examples[1].reading	私はコマンドを得る。	reading		わたし は コマンド を える。	missing-reading recovered	Reading recovered from Japanese (Sudachi+ENO lexicon/conj) + manual review; segmented by final ENO rules	Japanese + ENO vocab term/reading + Sudachi + manual review	high
vocabulary_senses	253ad474-7931-4c6c-a381-dbe22b3f6c84	examples[1].romaji	私はコマンドを得る。	romaji		Watashi wa komando o eru.	missing-reading recovered	romaji generated from recovered Reading in ENO style	gen(Reading)	high
vocabulary_senses	253ad474-7931-4c6c-a381-dbe22b3f6c84	examples[1].id	私はコマンドを得る。	id		Saya mengambil alih komando.	A-empty arti filled	arti translated from Japanese; en field cross-check	Japanese (primary) + existing en	medium-high
vocabulary_senses	255eda7d-7f46-4166-a738-226c5b2cc5b7	examples[0].reading	鉛筆を三本買いました。	reading		えんぴつ を さんぽん かいました。	missing-reading recovered	Reading recovered from Japanese (Sudachi+ENO lexicon/conj) + manual review; segmented by final ENO rules	Japanese + ENO vocab term/reading + Sudachi + manual review	high
vocabulary_senses	255eda7d-7f46-4166-a738-226c5b2cc5b7	examples[0].romaji	鉛筆を三本買いました。	romaji		Enpitsu o sanpon kaimashita.	missing-reading recovered	romaji generated from recovered Reading in ENO style	gen(Reading)	high
vocabulary_senses	25bdc3b0-956d-4020-80c2-18415d972382	examples[1].reading	無言は承諾。	reading		むごん は しょうだく。	missing-reading recovered	Reading recovered from Japanese (Sudachi+ENO lexicon/conj) + manual review; segmented by final ENO rules	Japanese + ENO vocab term/reading + Sudachi + manual review	high
vocabulary_senses	25bdc3b0-956d-4020-80c2-18415d972382	examples[1].romaji	無言は承諾。	romaji		Mugon wa shoudaku.	missing-reading recovered	romaji generated from recovered Reading in ENO style	gen(Reading)	high
vocabulary_senses	25bdc3b0-956d-4020-80c2-18415d972382	examples[1].id	無言は承諾。	id		Diam berarti setuju.	A-empty arti filled	arti translated from Japanese; en field cross-check	Japanese (primary) + existing en	medium-high
vocabulary_senses	26ac1ad5-f04e-4140-a601-5f38faf9bed1	examples[1].reading	保証は一年間です。	reading		ほしょう は いちねんかん です。	missing-reading recovered	Reading recovered from Japanese (Sudachi+ENO lexicon/conj) + manual review; segmented by final ENO rules	Japanese + ENO vocab term/reading + Sudachi + manual review	high
vocabulary_senses	26ac1ad5-f04e-4140-a601-5f38faf9bed1	examples[1].romaji	保証は一年間です。	romaji		Hoshou wa ichinenkan desu.	missing-reading recovered	romaji generated from recovered Reading in ENO style	gen(Reading)	high
vocabulary_senses	26ac1ad5-f04e-4140-a601-5f38faf9bed1	examples[1].id	保証は一年間です。	id		Garansinya satu tahun.	A-empty arti filled	arti translated from Japanese; en field cross-check	Japanese (primary) + existing en	medium-high
vocabulary_senses	279e0b0c-dc07-4db1-9027-5dacb318003e	examples[0].reading	十二歳以下は無料です。	reading		じゅうにさい いか は むりょう です。	missing-reading recovered	Reading recovered from Japanese (Sudachi+ENO lexicon/conj) + manual review; segmented by final ENO rules	Japanese + ENO vocab term/reading + Sudachi + manual review	high
vocabulary_senses	279e0b0c-dc07-4db1-9027-5dacb318003e	examples[0].romaji	十二歳以下は無料です。	romaji		Juunisai ika wa muryou desu.	missing-reading recovered	romaji generated from recovered Reading in ENO style	gen(Reading)	high
vocabulary_senses	27c964ce-17a2-419e-b608-e22fc252f25c	examples[0].reading	返品お断り。	reading		へんぴん おことわり。	missing-reading recovered	Reading recovered from Japanese (Sudachi+ENO lexicon/conj) + manual review; segmented by final ENO rules	Japanese + ENO vocab term/reading + Sudachi + manual review	high
vocabulary_senses	27c964ce-17a2-419e-b608-e22fc252f25c	examples[0].romaji	返品お断り。	romaji		Henpin okotowari.	missing-reading recovered	romaji generated from recovered Reading in ENO style	gen(Reading)	high
vocabulary_senses	27c964ce-17a2-419e-b608-e22fc252f25c	examples[0].id	返品お断り。	id		Barang yang sudah dibeli tidak dapat dikembalikan.	A-empty arti filled	arti translated from Japanese; en field cross-check	Japanese (primary) + existing en	medium-high
vocabulary_senses	28a24cd3-35e7-4b0b-8ac5-54e0aa238ed5	examples[0].reading	3桁の数字です。	reading		さんけた の すうじ です。	missing-reading recovered	Reading recovered from Japanese (Sudachi+ENO lexicon/conj) + manual review; segmented by final ENO rules	Japanese + ENO vocab term/reading + Sudachi + manual review	medium
vocabulary_senses	28a24cd3-35e7-4b0b-8ac5-54e0aa238ed5	examples[0].romaji	3桁の数字です。	romaji		Sanketa no suuji desu.	missing-reading recovered	romaji generated from recovered Reading in ENO style	gen(Reading)	high
vocabulary_senses	29ef4d46-d456-4799-99aa-1fdffcf35bb5	examples[1].reading	明後日は火曜日です。	reading		あさって は かようび です。	missing-reading recovered	Reading recovered from Japanese (Sudachi+ENO lexicon/conj) + manual review; segmented by final ENO rules	Japanese + ENO vocab term/reading + Sudachi + manual review	high
vocabulary_senses	29ef4d46-d456-4799-99aa-1fdffcf35bb5	examples[1].romaji	明後日は火曜日です。	romaji		Asatte wa kayoubi desu.	missing-reading recovered	romaji generated from recovered Reading in ENO style	gen(Reading)	high
vocabulary_senses	29ef4d46-d456-4799-99aa-1fdffcf35bb5	examples[1].id	明後日は火曜日です。	id		Lusa adalah hari Selasa.	A-empty arti filled	arti translated from Japanese; en field cross-check	Japanese (primary) + existing en	medium-high
vocabulary_senses	2a383cde-cdf1-4342-b97e-afe8329bf902	examples[0].reading	後味が悪い。	reading		あとあじ が わるい。	missing-reading recovered	Reading recovered from Japanese (Sudachi+ENO lexicon/conj) + manual review; segmented by final ENO rules	Japanese + ENO vocab term/reading + Sudachi + manual review	high
vocabulary_senses	2a383cde-cdf1-4342-b97e-afe8329bf902	examples[0].romaji	後味が悪い。	romaji		Atoaji ga warui.	missing-reading recovered	romaji generated from recovered Reading in ENO style	gen(Reading)	high
vocabulary_senses	2a383cde-cdf1-4342-b97e-afe8329bf902	examples[0].id	後味が悪い。	id		Meninggalkan rasa yang tidak enak.	A-empty arti filled	arti translated from Japanese; en field cross-check	Japanese (primary) + existing en	medium-high
vocabulary_senses	2a383cde-cdf1-4342-b97e-afe8329bf902	examples[1].reading	後をつけろ。	reading		あと を つけろ。	missing-reading recovered	Reading recovered from Japanese (Sudachi+ENO lexicon/conj) + manual review; segmented by final ENO rules	Japanese + ENO vocab term/reading + Sudachi + manual review	high
vocabulary_senses	2a383cde-cdf1-4342-b97e-afe8329bf902	examples[1].romaji	後をつけろ。	romaji		Ato o tsukero.	missing-reading recovered	romaji generated from recovered Reading in ENO style	gen(Reading)	high
vocabulary_senses	2a383cde-cdf1-4342-b97e-afe8329bf902	examples[1].id	後をつけろ。	id		Ikuti dia diam-diam.	A-empty arti filled	arti translated from Japanese; en field cross-check	Japanese (primary) + existing en	medium-high
vocabulary_senses	2bd9fd94-ca23-421e-b644-f861bae74a0d	examples[1].reading	健康が第一だ。	reading		けんこう が だいいち だ。	missing-reading recovered	Reading recovered from Japanese (Sudachi+ENO lexicon/conj) + manual review; segmented by final ENO rules	Japanese + ENO vocab term/reading + Sudachi + manual review	high
vocabulary_senses	2bd9fd94-ca23-421e-b644-f861bae74a0d	examples[1].romaji	健康が第一だ。	romaji		Kenkou ga daiichi da.	missing-reading recovered	romaji generated from recovered Reading in ENO style	gen(Reading)	high
vocabulary_senses	2bd9fd94-ca23-421e-b644-f861bae74a0d	examples[1].id	健康が第一だ。	id		Kesehatan adalah yang paling utama.	A-empty arti filled	arti translated from Japanese; en field cross-check	Japanese (primary) + existing en	medium-high
vocabulary_senses	2bfacf5f-d590-46d4-9110-27bf12edaed3	examples[0].reading	縦列駐車が苦手なのよ。	reading		じゅうれつちゅうしゃ が にがて な の よ。	missing-reading recovered	Reading recovered from Japanese (Sudachi+ENO lexicon/conj) + manual review; segmented by final ENO rules	Japanese + ENO vocab term/reading + Sudachi + manual review	high
vocabulary_senses	2bfacf5f-d590-46d4-9110-27bf12edaed3	examples[0].romaji	縦列駐車が苦手なのよ。	romaji		Juuretsuchuusha ga nigate na no yo.	missing-reading recovered	romaji generated from recovered Reading in ENO style	gen(Reading)	high
vocabulary_senses	2bfacf5f-d590-46d4-9110-27bf12edaed3	examples[0].id	縦列駐車が苦手なのよ。	id		Aku tidak jago parkir paralel.	A-empty arti filled	arti translated from Japanese; en field cross-check	Japanese (primary) + existing en	medium-high
vocabulary_senses	2bfacf5f-d590-46d4-9110-27bf12edaed3	examples[1].reading	プールを縦に二回泳いだ。	reading		プール を たて に にかい およいだ。	missing-reading recovered	Reading recovered from Japanese (Sudachi+ENO lexicon/conj) + manual review; segmented by final ENO rules	Japanese + ENO vocab term/reading + Sudachi + manual review	high
vocabulary_senses	2bfacf5f-d590-46d4-9110-27bf12edaed3	examples[1].romaji	プールを縦に二回泳いだ。	romaji		Puuru o tate ni nikai oyoida.	missing-reading recovered	romaji generated from recovered Reading in ENO style	gen(Reading)	high
vocabulary_senses	2bfacf5f-d590-46d4-9110-27bf12edaed3	examples[1].id	プールを縦に二回泳いだ。	id		Saya berenang sepanjang kolam sebanyak dua kali.	A-empty arti filled	arti translated from Japanese; en field cross-check	Japanese (primary) + existing en	medium-high
vocabulary_senses	2c5b1be0-7408-444a-bb00-ceaa0ff590cd	examples[0].reading	皆が笑った。	reading		みな が わらった。	missing-reading recovered	Reading recovered from Japanese (Sudachi+ENO lexicon/conj) + manual review; segmented by final ENO rules	Japanese + ENO vocab term/reading + Sudachi + manual review	high
vocabulary_senses	2c5b1be0-7408-444a-bb00-ceaa0ff590cd	examples[0].romaji	皆が笑った。	romaji		Mina ga waratta.	missing-reading recovered	romaji generated from recovered Reading in ENO style	gen(Reading)	high
vocabulary_senses	2c5b1be0-7408-444a-bb00-ceaa0ff590cd	examples[0].id	皆が笑った。	id		Semua orang tertawa.	A-empty arti filled	arti translated from Japanese; en field cross-check	Japanese (primary) + existing en	medium-high
vocabulary_senses	2f32e422-7dcb-4fc7-b42f-c2ec0b4242c4	examples[1].reading	妻は潔癖症だ。	reading		つま は けっぺきしょう だ。	missing-reading recovered	Reading recovered from Japanese (Sudachi+ENO lexicon/conj) + manual review; segmented by final ENO rules	Japanese + ENO vocab term/reading + Sudachi + manual review	high
vocabulary_senses	2f32e422-7dcb-4fc7-b42f-c2ec0b4242c4	examples[1].romaji	妻は潔癖症だ。	romaji		Tsuma wa keppekishou da.	missing-reading recovered	romaji generated from recovered Reading in ENO style	gen(Reading)	high
vocabulary_senses	2f32e422-7dcb-4fc7-b42f-c2ec0b4242c4	examples[1].id	妻は潔癖症だ。	id		Istri saya sangat terobsesi dengan kebersihan.	A-empty arti filled	arti translated from Japanese; en field cross-check	Japanese (primary) + existing en	medium-high
vocabulary_senses	31bf4d5e-4789-4bee-9d0b-e6603abb26b8	examples[0].reading	金属は燃えないごみに出します。	reading		きんぞく は もえないごみ に だします。	missing-reading recovered	Reading recovered from Japanese (Sudachi+ENO lexicon/conj) + manual review; segmented by final ENO rules	Japanese + ENO vocab term/reading + Sudachi + manual review	high
vocabulary_senses	31bf4d5e-4789-4bee-9d0b-e6603abb26b8	examples[0].romaji	金属は燃えないごみに出します。	romaji		Kinzoku wa moenaigomi ni dashimasu.	missing-reading recovered	romaji generated from recovered Reading in ENO style	gen(Reading)	high
vocabulary_senses	3235c559-b37c-41fe-ada5-0fcfec0c0908	examples[0].reading	合計は100だ。	reading		ごうけい は ひゃく だ。	missing-reading recovered	Reading recovered from Japanese (Sudachi+ENO lexicon/conj) + manual review; segmented by final ENO rules	Japanese + ENO vocab term/reading + Sudachi + manual review	medium
vocabulary_senses	3235c559-b37c-41fe-ada5-0fcfec0c0908	examples[0].romaji	合計は100だ。	romaji		Goukei wa hyaku da.	missing-reading recovered	romaji generated from recovered Reading in ENO style	gen(Reading)	high
vocabulary_senses	3235c559-b37c-41fe-ada5-0fcfec0c0908	examples[0].id	合計は100だ。	id		Totalnya seratus.	A-empty arti filled	arti translated from Japanese; en field cross-check	Japanese (primary) + existing en	medium-high
vocabulary_senses	32b96a97-a1ed-430c-9758-e9a0205637a2	examples[0].reading	鶏肉を小さく切ります。	reading		とりにく を ちいさく きります。	missing-reading recovered	Reading recovered from Japanese (Sudachi+ENO lexicon/conj) + manual review; segmented by final ENO rules	Japanese + ENO vocab term/reading + Sudachi + manual review	high
vocabulary_senses	32b96a97-a1ed-430c-9758-e9a0205637a2	examples[0].romaji	鶏肉を小さく切ります。	romaji		Toriniku o chiisaku kirimasu.	missing-reading recovered	romaji generated from recovered Reading in ENO style	gen(Reading)	high
vocabulary_senses	345fcb54-e112-4142-836d-d79d5a2f547f	examples[0].reading	これは二十世紀の建物です。	reading		これ は にじゅうせいき の たてもの です。	missing-reading recovered	Reading recovered from Japanese (Sudachi+ENO lexicon/conj) + manual review; segmented by final ENO rules	Japanese + ENO vocab term/reading + Sudachi + manual review	high
vocabulary_senses	345fcb54-e112-4142-836d-d79d5a2f547f	examples[0].romaji	これは二十世紀の建物です。	romaji		Kore wa nijuuseiki no tatemono desu.	missing-reading recovered	romaji generated from recovered Reading in ENO style	gen(Reading)	high
vocabulary_senses	35743b2b-a862-43dd-bfb4-67807cd9f7ae	examples[1].reading	収入が１０％減った。	reading		しゅうにゅう が じゅうパーセント へった。	missing-reading recovered	Reading recovered from Japanese (Sudachi+ENO lexicon/conj) + manual review; segmented by final ENO rules	Japanese + ENO vocab term/reading + Sudachi + manual review	medium
vocabulary_senses	35743b2b-a862-43dd-bfb4-67807cd9f7ae	examples[1].romaji	収入が１０％減った。	romaji		Shuunyuu ga juupaasento hetta.	missing-reading recovered	romaji generated from recovered Reading in ENO style	gen(Reading)	high
vocabulary_senses	35743b2b-a862-43dd-bfb4-67807cd9f7ae	examples[1].id	収入が１０％減った。	id		Pendapatan saya turun 10 persen.	A-empty arti filled	arti translated from Japanese; en field cross-check	Japanese (primary) + existing en	medium-high
vocabulary_senses	36e05e4d-32dc-408f-82d5-323bcb6422ac	examples[0].reading	審判の判定は絶対だ。	reading		しんぱん の はんてい は ぜったい だ。	missing-reading recovered	Reading recovered from Japanese (Sudachi+ENO lexicon/conj) + manual review; segmented by final ENO rules	Japanese + ENO vocab term/reading + Sudachi + manual review	high
vocabulary_senses	36e05e4d-32dc-408f-82d5-323bcb6422ac	examples[0].romaji	審判の判定は絶対だ。	romaji		Shinpan no hantei wa zettai da.	missing-reading recovered	romaji generated from recovered Reading in ENO style	gen(Reading)	high
vocabulary_senses	36e05e4d-32dc-408f-82d5-323bcb6422ac	examples[0].id	審判の判定は絶対だ。	id		Keputusan wasit bersifat mutlak.	A-empty arti filled	arti translated from Japanese; en field cross-check	Japanese (primary) + existing en	medium-high
vocabulary_senses	36e05e4d-32dc-408f-82d5-323bcb6422ac	examples[1].reading	審判は彼を勝者と認めた。	reading		しんぱん は かれ を しょうしゃ と みとめた。	missing-reading recovered	Reading recovered from Japanese (Sudachi+ENO lexicon/conj) + manual review; segmented by final ENO rules	Japanese + ENO vocab term/reading + Sudachi + manual review	high
vocabulary_senses	36e05e4d-32dc-408f-82d5-323bcb6422ac	examples[1].romaji	審判は彼を勝者と認めた。	romaji		Shinpan wa kare o shousha to mitometa.	missing-reading recovered	romaji generated from recovered Reading in ENO style	gen(Reading)	high
vocabulary_senses	36e05e4d-32dc-408f-82d5-323bcb6422ac	examples[1].id	審判は彼を勝者と認めた。	id		Wasit menyatakan dia sebagai pemenang.	A-empty arti filled	arti translated from Japanese; en field cross-check	Japanese (primary) + existing en	medium-high
vocabulary_senses	36ee9621-7b05-4a86-a38b-34f80c720cbd	examples[0].reading	二たす三は五です。	reading		に たす さん は ご です。	missing-reading recovered	Reading recovered from Japanese (Sudachi+ENO lexicon/conj) + manual review; segmented by final ENO rules	Japanese + ENO vocab term/reading + Sudachi + manual review	high
vocabulary_senses	36ee9621-7b05-4a86-a38b-34f80c720cbd	examples[0].romaji	二たす三は五です。	romaji		Ni tasu san wa go desu.	missing-reading recovered	romaji generated from recovered Reading in ENO style	gen(Reading)	high
vocabulary_senses	3722bcdc-cf7c-45c9-ade3-62e3250a08f1	examples[0].reading	部屋は二十平方メートルです。	reading		へや は にじゅうへいほう メートル です。	missing-reading recovered	Reading recovered from Japanese (Sudachi+ENO lexicon/conj) + manual review; segmented by final ENO rules	Japanese + ENO vocab term/reading + Sudachi + manual review	high
vocabulary_senses	3722bcdc-cf7c-45c9-ade3-62e3250a08f1	examples[0].romaji	部屋は二十平方メートルです。	romaji		Heya wa nijuuheihou meetoru desu.	missing-reading recovered	romaji generated from recovered Reading in ENO style	gen(Reading)	high
vocabulary_senses	38e82173-efd6-4e13-bb12-d4d7eae21179	examples[0].reading	晩ご飯は何？	reading		ばんごはん は なん？	missing-reading recovered	Reading recovered from Japanese (Sudachi+ENO lexicon/conj) + manual review; segmented by final ENO rules	Japanese + ENO vocab term/reading + Sudachi + manual review	high
vocabulary_senses	38e82173-efd6-4e13-bb12-d4d7eae21179	examples[0].romaji	晩ご飯は何？	romaji		Bangohan wa nan?	missing-reading recovered	romaji generated from recovered Reading in ENO style	gen(Reading)	high
vocabulary_senses	38e82173-efd6-4e13-bb12-d4d7eae21179	examples[0].id	晩ご飯は何？	id		Makan malamnya apa?	A-empty arti filled	arti translated from Japanese; en field cross-check	Japanese (primary) + existing en	medium-high
vocabulary_senses	38e82173-efd6-4e13-bb12-d4d7eae21179	examples[1].reading	ご飯にする？	reading		ごはん に する？	missing-reading recovered	Reading recovered from Japanese (Sudachi+ENO lexicon/conj) + manual review; segmented by final ENO rules	Japanese + ENO vocab term/reading + Sudachi + manual review	high
vocabulary_senses	38e82173-efd6-4e13-bb12-d4d7eae21179	examples[1].romaji	ご飯にする？	romaji		Gohan ni suru?	missing-reading recovered	romaji generated from recovered Reading in ENO style	gen(Reading)	high
vocabulary_senses	38e82173-efd6-4e13-bb12-d4d7eae21179	examples[1].id	ご飯にする？	id		Mau makan sekarang?	A-empty arti filled	arti translated from Japanese; en field cross-check	Japanese (primary) + existing en	medium-high
vocabulary_senses	3901fb94-7065-4ee3-8231-a7a0663c6bf1	examples[0].reading	彼は名医だ。	reading		かれ は めいい だ。	missing-reading recovered	Reading recovered from Japanese (Sudachi+ENO lexicon/conj) + manual review; segmented by final ENO rules	Japanese + ENO vocab term/reading + Sudachi + manual review	high
vocabulary_senses	3901fb94-7065-4ee3-8231-a7a0663c6bf1	examples[0].romaji	彼は名医だ。	romaji		Kare wa meii da.	missing-reading recovered	romaji generated from recovered Reading in ENO style	gen(Reading)	high
vocabulary_senses	3901fb94-7065-4ee3-8231-a7a0663c6bf1	examples[0].id	彼は名医だ。	id		Dia dokter yang hebat.	A-empty arti filled	arti translated from Japanese; en field cross-check	Japanese (primary) + existing en	medium-high
vocabulary_senses	3939b77a-c194-450c-a6f7-f9732323dc1f	examples[0].reading	急がば回れ。	reading		いそがば まわれ。	missing-reading recovered	Reading recovered from Japanese (Sudachi+ENO lexicon/conj) + manual review; segmented by final ENO rules	Japanese + ENO vocab term/reading + Sudachi + manual review	high
vocabulary_senses	3939b77a-c194-450c-a6f7-f9732323dc1f	examples[0].romaji	急がば回れ。	romaji		Isogaba maware.	missing-reading recovered	romaji generated from recovered Reading in ENO style	gen(Reading)	high
vocabulary_senses	3939b77a-c194-450c-a6f7-f9732323dc1f	examples[0].id	急がば回れ。	id		Pelan-pelan asal selamat (lebih baik memutar daripada terburu-buru).	A-empty arti filled	arti translated from Japanese; en field cross-check	Japanese (primary) + existing en	medium-high
vocabulary_senses	3939b77a-c194-450c-a6f7-f9732323dc1f	examples[1].reading	2回生です。	reading		にかいせい です。	missing-reading recovered	Reading recovered from Japanese (Sudachi+ENO lexicon/conj) + manual review; segmented by final ENO rules	Japanese + ENO vocab term/reading + Sudachi + manual review	medium
vocabulary_senses	3939b77a-c194-450c-a6f7-f9732323dc1f	examples[1].romaji	2回生です。	romaji		Nikaisei desu.	missing-reading recovered	romaji generated from recovered Reading in ENO style	gen(Reading)	high
vocabulary_senses	3939b77a-c194-450c-a6f7-f9732323dc1f	examples[1].id	2回生です。	id		Saya mahasiswa tahun kedua.	A-empty arti filled	arti translated from Japanese; en field cross-check	Japanese (primary) + existing en	medium-high
vocabulary_senses	3a72d7c2-eff2-4bc6-9e54-85ecead32dcb	examples[0].reading	牛肉は高い。	reading		ぎゅうにく は たかい。	missing-reading recovered	Reading recovered from Japanese (Sudachi+ENO lexicon/conj) + manual review; segmented by final ENO rules	Japanese + ENO vocab term/reading + Sudachi + manual review	high
vocabulary_senses	3a72d7c2-eff2-4bc6-9e54-85ecead32dcb	examples[0].romaji	牛肉は高い。	romaji		Gyuuniku wa takai.	missing-reading recovered	romaji generated from recovered Reading in ENO style	gen(Reading)	high
vocabulary_senses	3a72d7c2-eff2-4bc6-9e54-85ecead32dcb	examples[0].id	牛肉は高い。	id		Daging sapi mahal.	A-empty arti filled	arti translated from Japanese; en field cross-check	Japanese (primary) + existing en	medium-high
vocabulary_senses	3a72d7c2-eff2-4bc6-9e54-85ecead32dcb	examples[1].reading	牛乳が腐った。	reading		ぎゅうにゅう が くさった。	missing-reading recovered	Reading recovered from Japanese (Sudachi+ENO lexicon/conj) + manual review; segmented by final ENO rules	Japanese + ENO vocab term/reading + Sudachi + manual review	high
vocabulary_senses	3a72d7c2-eff2-4bc6-9e54-85ecead32dcb	examples[1].romaji	牛乳が腐った。	romaji		Gyuunyuu ga kusatta.	missing-reading recovered	romaji generated from recovered Reading in ENO style	gen(Reading)	high
vocabulary_senses	3a72d7c2-eff2-4bc6-9e54-85ecead32dcb	examples[1].id	牛乳が腐った。	id		Susunya sudah basi.	A-empty arti filled	arti translated from Japanese; en field cross-check	Japanese (primary) + existing en	medium-high
vocabulary_senses	3aff5fd3-41aa-425e-bdc9-b55c719ddcbe	examples[0].reading	怒りは狂気の１形態です。	reading		いかり は きょうき の いちけいたい です。	missing-reading recovered	Reading recovered from Japanese (Sudachi+ENO lexicon/conj) + manual review; segmented by final ENO rules	Japanese + ENO vocab term/reading + Sudachi + manual review	medium
vocabulary_senses	3aff5fd3-41aa-425e-bdc9-b55c719ddcbe	examples[0].romaji	怒りは狂気の１形態です。	romaji		Ikari wa kyouki no ichikeitai desu.	missing-reading recovered	romaji generated from recovered Reading in ENO style	gen(Reading)	high
vocabulary_senses	3aff5fd3-41aa-425e-bdc9-b55c719ddcbe	examples[0].id	怒りは狂気の１形態です。	id		Kemarahan adalah salah satu bentuk kegilaan.	A-empty arti filled	arti translated from Japanese; en field cross-check	Japanese (primary) + existing en	medium-high
vocabulary_senses	3aff5fd3-41aa-425e-bdc9-b55c719ddcbe	examples[1].reading	政治の形態にはいくつかある。	reading		せいじ の けいたい には いくつ か ある。	missing-reading recovered	Reading recovered from Japanese (Sudachi+ENO lexicon/conj) + manual review; segmented by final ENO rules	Japanese + ENO vocab term/reading + Sudachi + manual review	high
vocabulary_senses	3aff5fd3-41aa-425e-bdc9-b55c719ddcbe	examples[1].romaji	政治の形態にはいくつかある。	romaji		Seiji no keitai ni wa ikutsu ka aru.	missing-reading recovered	romaji generated from recovered Reading in ENO style	gen(Reading)	high
vocabulary_senses	3aff5fd3-41aa-425e-bdc9-b55c719ddcbe	examples[1].id	政治の形態にはいくつかある。	id		Ada beberapa bentuk pemerintahan.	A-empty arti filled	arti translated from Japanese; en field cross-check	Japanese (primary) + existing en	medium-high
vocabulary_senses	3d70039e-48a8-4e63-94c2-92c7347cd246	examples[0].reading	このインフルエンサーはユーモアのある動画スタイルで、短期間のうちに100万フォロワーを集めた。	reading		この インフルエンサー は ユーモア の ある どうがスタイル で、たんきかん の うち に ひゃくまんフォロワー を あつめた。	missing-reading recovered	Reading recovered from Japanese (Sudachi+ENO lexicon/conj) + manual review; segmented by final ENO rules	Japanese + ENO vocab term/reading + Sudachi + manual review	medium
vocabulary_senses	3d70039e-48a8-4e63-94c2-92c7347cd246	examples[0].romaji	このインフルエンサーはユーモアのある動画スタイルで、短期間のうちに100万フォロワーを集めた。	romaji		Kono infuruensaa wa yuumoa no aru dougasutairu de, tankikan no uchi ni hyakumanforowaa o atsumeta.	missing-reading recovered	romaji generated from recovered Reading in ENO style	gen(Reading)	high
vocabulary_senses	3d9b4826-2ed5-4ec4-b6c5-d39329af06b5	examples[0].reading	彼は働き盛りだ。	reading		かれ は はたらきざかり だ。	missing-reading recovered	Reading recovered from Japanese (Sudachi+ENO lexicon/conj) + manual review; segmented by final ENO rules	Japanese + ENO vocab term/reading + Sudachi + manual review	high
vocabulary_senses	3d9b4826-2ed5-4ec4-b6c5-d39329af06b5	examples[0].romaji	彼は働き盛りだ。	romaji		Kare wa hatarakizakari da.	missing-reading recovered	romaji generated from recovered Reading in ENO style	gen(Reading)	high
vocabulary_senses	3d9b4826-2ed5-4ec4-b6c5-d39329af06b5	examples[0].id	彼は働き盛りだ。	id		Dia sedang berada di puncak masa produktifnya.	A-empty arti filled	arti translated from Japanese; en field cross-check	Japanese (primary) + existing en	medium-high
vocabulary_senses	3d9b4826-2ed5-4ec4-b6c5-d39329af06b5	examples[1].reading	彼は今男盛りだ。	reading		かれ は いま おとこざかり だ。	missing-reading recovered	Reading recovered from Japanese (Sudachi+ENO lexicon/conj) + manual review; segmented by final ENO rules	Japanese + ENO vocab term/reading + Sudachi + manual review	high
vocabulary_senses	3d9b4826-2ed5-4ec4-b6c5-d39329af06b5	examples[1].romaji	彼は今男盛りだ。	romaji		Kare wa ima otokozakari da.	missing-reading recovered	romaji generated from recovered Reading in ENO style	gen(Reading)	high
vocabulary_senses	3d9b4826-2ed5-4ec4-b6c5-d39329af06b5	examples[1].id	彼は今男盛りだ。	id		Sekarang dia sedang berada di puncak kejantanannya.	A-empty arti filled	arti translated from Japanese; en field cross-check	Japanese (primary) + existing en	medium-high
vocabulary_senses	3e0f9c5c-753e-4c5e-8685-9cda2db66f90	examples[0].reading	彼らは雇い主に忠実だ。	reading		かれら は やといぬし に ちゅうじつ だ。	missing-reading recovered	Reading recovered from Japanese (Sudachi+ENO lexicon/conj) + manual review; segmented by final ENO rules	Japanese + ENO vocab term/reading + Sudachi + manual review	high
vocabulary_senses	3e0f9c5c-753e-4c5e-8685-9cda2db66f90	examples[0].romaji	彼らは雇い主に忠実だ。	romaji		Karera wa yatoinushi ni chuujitsu da.	missing-reading recovered	romaji generated from recovered Reading in ENO style	gen(Reading)	high
vocabulary_senses	3e0f9c5c-753e-4c5e-8685-9cda2db66f90	examples[0].id	彼らは雇い主に忠実だ。	id		Mereka setia kepada majikannya.	A-empty arti filled	arti translated from Japanese; en field cross-check	Japanese (primary) + existing en	medium-high
vocabulary_senses	3f938f09-e0ec-4b6b-9a0a-fdaa942941e2	examples[0].reading	麻薬やってるの？	reading		まやく やってる の？	missing-reading recovered	Reading recovered from Japanese (Sudachi+ENO lexicon/conj) + manual review; segmented by final ENO rules	Japanese + ENO vocab term/reading + Sudachi + manual review	high
vocabulary_senses	3f938f09-e0ec-4b6b-9a0a-fdaa942941e2	examples[0].romaji	麻薬やってるの？	romaji		Mayaku yatteru no?	missing-reading recovered	romaji generated from recovered Reading in ENO style	gen(Reading)	high
vocabulary_senses	3f938f09-e0ec-4b6b-9a0a-fdaa942941e2	examples[0].id	麻薬やってるの？	id		Kamu pakai narkoba?	A-empty arti filled	arti translated from Japanese; en field cross-check	Japanese (primary) + existing en	medium-high
vocabulary_senses	3f938f09-e0ec-4b6b-9a0a-fdaa942941e2	examples[1].reading	麻雀が大好きです。	reading		マージャン が だいすき です。	missing-reading recovered	Reading recovered from Japanese (Sudachi+ENO lexicon/conj) + manual review; segmented by final ENO rules	Japanese + ENO vocab term/reading + Sudachi + manual review	high
vocabulary_senses	3f938f09-e0ec-4b6b-9a0a-fdaa942941e2	examples[1].romaji	麻雀が大好きです。	romaji		Maajan ga daisuki desu.	missing-reading recovered	romaji generated from recovered Reading in ENO style	gen(Reading)	high
vocabulary_senses	3f938f09-e0ec-4b6b-9a0a-fdaa942941e2	examples[1].id	麻雀が大好きです。	id		Saya sangat suka mahjong.	A-empty arti filled	arti translated from Japanese; en field cross-check	Japanese (primary) + existing en	medium-high
vocabulary_senses	3ff60d11-e4e4-44ad-bf9c-fc606438d37d	examples[0].reading	仏の顔も三度。	reading		ほとけ の かお も さんど。	missing-reading recovered	Reading recovered from Japanese (Sudachi+ENO lexicon/conj) + manual review; segmented by final ENO rules	Japanese + ENO vocab term/reading + Sudachi + manual review	high
vocabulary_senses	3ff60d11-e4e4-44ad-bf9c-fc606438d37d	examples[0].romaji	仏の顔も三度。	romaji		Hotoke no kao mo sando.	missing-reading recovered	romaji generated from recovered Reading in ENO style	gen(Reading)	high
vocabulary_senses	3ff60d11-e4e4-44ad-bf9c-fc606438d37d	examples[0].id	仏の顔も三度。	id		Kesabaran seseorang ada batasnya.	A-empty arti filled	arti translated from Japanese; en field cross-check	Japanese (primary) + existing en	medium-high
vocabulary_senses	3ff60d11-e4e4-44ad-bf9c-fc606438d37d	examples[1].reading	二度と来るな。	reading		にどと くるな。	missing-reading recovered	Reading recovered from Japanese (Sudachi+ENO lexicon/conj) + manual review; segmented by final ENO rules	Japanese + ENO vocab term/reading + Sudachi + manual review	high
vocabulary_senses	3ff60d11-e4e4-44ad-bf9c-fc606438d37d	examples[1].romaji	二度と来るな。	romaji		Nidoto kuruna.	missing-reading recovered	romaji generated from recovered Reading in ENO style	gen(Reading)	high
vocabulary_senses	3ff60d11-e4e4-44ad-bf9c-fc606438d37d	examples[1].id	二度と来るな。	id		Jangan datang lagi.	A-empty arti filled	arti translated from Japanese; en field cross-check	Japanese (primary) + existing en	medium-high
vocabulary_senses	402906b3-6c8d-4333-8f3b-773a9feac162	examples[0].reading	二学期は終わった。	reading		にがっき は おわった。	missing-reading recovered	Reading recovered from Japanese (Sudachi+ENO lexicon/conj) + manual review; segmented by final ENO rules	Japanese + ENO vocab term/reading + Sudachi + manual review	high
vocabulary_senses	402906b3-6c8d-4333-8f3b-773a9feac162	examples[0].romaji	二学期は終わった。	romaji		Nigakki wa owatta.	missing-reading recovered	romaji generated from recovered Reading in ENO style	gen(Reading)	high
vocabulary_senses	402906b3-6c8d-4333-8f3b-773a9feac162	examples[0].id	二学期は終わった。	id		Semester kedua sudah berakhir.	A-empty arti filled	arti translated from Japanese; en field cross-check	Japanese (primary) + existing en	medium-high
vocabulary_senses	402906b3-6c8d-4333-8f3b-773a9feac162	examples[1].reading	昨日２学期が終わった。	reading		きのう にがっき が おわった。	missing-reading recovered	Reading recovered from Japanese (Sudachi+ENO lexicon/conj) + manual review; segmented by final ENO rules	Japanese + ENO vocab term/reading + Sudachi + manual review	medium
vocabulary_senses	402906b3-6c8d-4333-8f3b-773a9feac162	examples[1].romaji	昨日２学期が終わった。	romaji		Kinou nigakki ga owatta.	missing-reading recovered	romaji generated from recovered Reading in ENO style	gen(Reading)	high
vocabulary_senses	402906b3-6c8d-4333-8f3b-773a9feac162	examples[1].id	昨日２学期が終わった。	id		Semester kedua berakhir kemarin.	A-empty arti filled	arti translated from Japanese; en field cross-check	Japanese (primary) + existing en	medium-high
vocabulary_senses	405ccf52-8b48-45d2-98d9-10a4e04c84d1	examples[1].reading	２．身頃の肩を縫い合わせる。	reading		に．みごろ の かた を ぬいあわせる。	missing-reading recovered	Reading recovered from Japanese (Sudachi+ENO lexicon/conj) + manual review; segmented by final ENO rules	Japanese + ENO vocab term/reading + Sudachi + manual review	medium
vocabulary_senses	405ccf52-8b48-45d2-98d9-10a4e04c84d1	examples[1].romaji	２．身頃の肩を縫い合わせる。	romaji		Ni. migoro no kata o nuiawaseru.	missing-reading recovered	romaji generated from recovered Reading in ENO style	gen(Reading)	high
vocabulary_senses	405ccf52-8b48-45d2-98d9-10a4e04c84d1	examples[1].id	２．身頃の肩を縫い合わせる。	id		2. Jahit bahu bagian badan pakaian.	A-empty arti filled	arti translated from Japanese; en field cross-check	Japanese (primary) + existing en	medium-high
vocabulary_senses	40ced55b-28d9-43d6-b5f8-982553ae4324	examples[0].reading	宿題やった？	reading		しゅくだい やった？	missing-reading recovered	Reading recovered from Japanese (Sudachi+ENO lexicon/conj) + manual review; segmented by final ENO rules	Japanese + ENO vocab term/reading + Sudachi + manual review	high
vocabulary_senses	40ced55b-28d9-43d6-b5f8-982553ae4324	examples[0].romaji	宿題やった？	romaji		Shukudai yatta?	missing-reading recovered	romaji generated from recovered Reading in ENO style	gen(Reading)	high
vocabulary_senses	40ced55b-28d9-43d6-b5f8-982553ae4324	examples[0].id	宿題やった？	id		Sudah mengerjakan PR?	A-empty arti filled	arti translated from Japanese; en field cross-check	Japanese (primary) + existing en	medium-high
vocabulary_senses	40ced55b-28d9-43d6-b5f8-982553ae4324	examples[1].reading	宿題は完璧？	reading		しゅくだい は かんぺき？	missing-reading recovered	Reading recovered from Japanese (Sudachi+ENO lexicon/conj) + manual review; segmented by final ENO rules	Japanese + ENO vocab term/reading + Sudachi + manual review	high
vocabulary_senses	40ced55b-28d9-43d6-b5f8-982553ae4324	examples[1].romaji	宿題は完璧？	romaji		Shukudai wa kanpeki?	missing-reading recovered	romaji generated from recovered Reading in ENO style	gen(Reading)	high
vocabulary_senses	40ced55b-28d9-43d6-b5f8-982553ae4324	examples[1].id	宿題は完璧？	id		Apakah PR-mu sudah beres semua?	A-empty arti filled	arti translated from Japanese; en field cross-check	Japanese (primary) + existing en	medium-high
vocabulary_senses	412229a5-d322-45da-bf2e-6754e8566e47	examples[1].reading	見直したよ。	reading		みなおした よ。	missing-reading recovered	Reading recovered from Japanese (Sudachi+ENO lexicon/conj) + manual review; segmented by final ENO rules	Japanese + ENO vocab term/reading + Sudachi + manual review	high
vocabulary_senses	412229a5-d322-45da-bf2e-6754e8566e47	examples[1].romaji	見直したよ。	romaji		Minaoshita yo.	missing-reading recovered	romaji generated from recovered Reading in ENO style	gen(Reading)	high
vocabulary_senses	412229a5-d322-45da-bf2e-6754e8566e47	examples[1].id	見直したよ。	id		Aku jadi punya penilaian baru tentangmu.	A-empty arti filled	arti translated from Japanese; en field cross-check	Japanese (primary) + existing en	medium-high
vocabulary_senses	41860e3a-dcbb-488f-8437-41db463a6dc0	examples[0].reading	いい塩梅だ。	reading		いい あんばい だ。	missing-reading recovered	Reading recovered from Japanese (Sudachi+ENO lexicon/conj) + manual review; segmented by final ENO rules	Japanese + ENO vocab term/reading + Sudachi + manual review	high
vocabulary_senses	41860e3a-dcbb-488f-8437-41db463a6dc0	examples[0].romaji	いい塩梅だ。	romaji		Ii anbai da.	missing-reading recovered	romaji generated from recovered Reading in ENO style	gen(Reading)	high
vocabulary_senses	41860e3a-dcbb-488f-8437-41db463a6dc0	examples[0].id	いい塩梅だ。	id		Bumbunya pas.	A-empty arti filled	arti translated from Japanese; en field cross-check	Japanese (primary) + existing en	medium-high
vocabulary_senses	43155df0-1265-48b3-9567-06760357a569	examples[1].reading	その船は出帆して２日後に沈没した。	reading		その ふね は しゅっぱんして ふつかご に ちんぼつした。	missing-reading recovered	Reading recovered from Japanese (Sudachi+ENO lexicon/conj) + manual review; segmented by final ENO rules	Japanese + ENO vocab term/reading + Sudachi + manual review	medium
vocabulary_senses	43155df0-1265-48b3-9567-06760357a569	examples[1].romaji	その船は出帆して２日後に沈没した。	romaji		Sono fune wa shuppanshite futsukago ni chinbotsushita.	missing-reading recovered	romaji generated from recovered Reading in ENO style	gen(Reading)	high
vocabulary_senses	43155df0-1265-48b3-9567-06760357a569	examples[1].id	その船は出帆して２日後に沈没した。	id		Kapal itu tenggelam dua hari setelah berlayar.	A-empty arti filled	arti translated from Japanese; en field cross-check	Japanese (primary) + existing en	medium-high
vocabulary_senses	43c96d25-8772-4985-96d8-d22fd3cad322	examples[0].reading	交通事故で２人が死亡。	reading		こうつうじこ で ふたり が しぼう。	missing-reading recovered	Reading recovered from Japanese (Sudachi+ENO lexicon/conj) + manual review; segmented by final ENO rules	Japanese + ENO vocab term/reading + Sudachi + manual review	medium
vocabulary_senses	43c96d25-8772-4985-96d8-d22fd3cad322	examples[0].romaji	交通事故で２人が死亡。	romaji		Koutsuujiko de futari ga shibou.	missing-reading recovered	romaji generated from recovered Reading in ENO style	gen(Reading)	high
vocabulary_senses	43c96d25-8772-4985-96d8-d22fd3cad322	examples[0].id	交通事故で２人が死亡。	id		Dua orang tewas dalam kecelakaan lalu lintas.	A-empty arti filled	arti translated from Japanese; en field cross-check	Japanese (primary) + existing en	medium-high
vocabulary_senses	440d9b76-403c-4e49-84a2-71d4caab46ab	examples[0].reading	際どかった。	reading		きわどかった。	missing-reading recovered	Reading recovered from Japanese (Sudachi+ENO lexicon/conj) + manual review; segmented by final ENO rules	Japanese + ENO vocab term/reading + Sudachi + manual review	high
vocabulary_senses	440d9b76-403c-4e49-84a2-71d4caab46ab	examples[0].romaji	際どかった。	romaji		Kiwadokatta.	missing-reading recovered	romaji generated from recovered Reading in ENO style	gen(Reading)	high
vocabulary_senses	440d9b76-403c-4e49-84a2-71d4caab46ab	examples[0].id	際どかった。	id		Hampir saja.	A-empty arti filled	arti translated from Japanese; en field cross-check	Japanese (primary) + existing en	medium-high
vocabulary_senses	44bc25fd-98ea-4044-b2ec-f374e4162b42	examples[1].id	身体は洗った？	id		Apakah kamu sudah mencuci badanmu?	A-empty arti filled	arti translated from Japanese; en field cross-check	Japanese (primary) + existing en	medium-high
vocabulary_senses	4500eb6e-6c67-447e-b03a-8d0e946f3035	examples[0].reading	子どもは一日に千回も違いに気付く。	reading		こども は いちにち に せんかい も ちがい に きづく。	missing-reading recovered	Reading recovered from Japanese (Sudachi+ENO lexicon/conj) + manual review; segmented by final ENO rules	Japanese + ENO vocab term/reading + Sudachi + manual review	high
vocabulary_senses	4500eb6e-6c67-447e-b03a-8d0e946f3035	examples[0].romaji	子どもは一日に千回も違いに気付く。	romaji		Kodomo wa ichinichi ni senkai mo chigai ni kizuku.	missing-reading recovered	romaji generated from recovered Reading in ENO style	gen(Reading)	high
vocabulary_senses	4500eb6e-6c67-447e-b03a-8d0e946f3035	examples[0].id	子どもは一日に千回も違いに気付く。	id		Seorang anak menyadari perbedaan itu seribu kali dalam sehari.	A-empty arti filled	arti translated from Japanese; en field cross-check	Japanese (primary) + existing en	medium-high
vocabulary_senses	4504ffdb-12ed-47ab-bf81-74bd3448f3c0	examples[0].reading	祖母は八十歳です。	reading		そぼ は はちじゅうさい です。	missing-reading recovered	Reading recovered from Japanese (Sudachi+ENO lexicon/conj) + manual review; segmented by final ENO rules	Japanese + ENO vocab term/reading + Sudachi + manual review	high
vocabulary_senses	4504ffdb-12ed-47ab-bf81-74bd3448f3c0	examples[0].romaji	祖母は八十歳です。	romaji		Sobo wa hachijuusai desu.	missing-reading recovered	romaji generated from recovered Reading in ENO style	gen(Reading)	high
vocabulary_senses	45921299-8bb5-498a-bd3c-5770faf9cc47	examples[0].reading	鍵が見当たらない。	reading		かぎ が みあたらない。	missing-reading recovered	Reading recovered from Japanese (Sudachi+ENO lexicon/conj) + manual review; segmented by final ENO rules	Japanese + ENO vocab term/reading + Sudachi + manual review	high
vocabulary_senses	45921299-8bb5-498a-bd3c-5770faf9cc47	examples[0].romaji	鍵が見当たらない。	romaji		Kagi ga miataranai.	missing-reading recovered	romaji generated from recovered Reading in ENO style	gen(Reading)	high
vocabulary_senses	45921299-8bb5-498a-bd3c-5770faf9cc47	examples[0].id	鍵が見当たらない。	id		Saya tidak bisa menemukan kunci saya.	A-empty arti filled	arti translated from Japanese; en field cross-check	Japanese (primary) + existing en	medium-high
vocabulary_senses	45921299-8bb5-498a-bd3c-5770faf9cc47	examples[1].reading	値札が見当たらない。	reading		ねふだ が みあたらない。	missing-reading recovered	Reading recovered from Japanese (Sudachi+ENO lexicon/conj) + manual review; segmented by final ENO rules	Japanese + ENO vocab term/reading + Sudachi + manual review	high
vocabulary_senses	45921299-8bb5-498a-bd3c-5770faf9cc47	examples[1].romaji	値札が見当たらない。	romaji		Nefuda ga miataranai.	missing-reading recovered	romaji generated from recovered Reading in ENO style	gen(Reading)	high
vocabulary_senses	45921299-8bb5-498a-bd3c-5770faf9cc47	examples[1].id	値札が見当たらない。	id		Saya tidak bisa menemukan label harganya.	A-empty arti filled	arti translated from Japanese; en field cross-check	Japanese (primary) + existing en	medium-high
vocabulary_senses	45df40b2-acab-4502-8578-5ded9b23df2c	examples[0].reading	お二人の間柄は？	reading		おふたり の あいだがら は？	missing-reading recovered	Reading recovered from Japanese (Sudachi+ENO lexicon/conj) + manual review; segmented by final ENO rules	Japanese + ENO vocab term/reading + Sudachi + manual review	high
vocabulary_senses	45df40b2-acab-4502-8578-5ded9b23df2c	examples[0].romaji	お二人の間柄は？	romaji		Ofutari no aidagara wa?	missing-reading recovered	romaji generated from recovered Reading in ENO style	gen(Reading)	high
vocabulary_senses	45df40b2-acab-4502-8578-5ded9b23df2c	examples[0].id	お二人の間柄は？	id		Apa hubungan kalian berdua?	A-empty arti filled	arti translated from Japanese; en field cross-check	Japanese (primary) + existing en	medium-high
vocabulary_senses	45df40b2-acab-4502-8578-5ded9b23df2c	examples[1].reading	彼は小柄な男です。	reading		かれ は こがら な おとこ です。	missing-reading recovered	Reading recovered from Japanese (Sudachi+ENO lexicon/conj) + manual review; segmented by final ENO rules	Japanese + ENO vocab term/reading + Sudachi + manual review	high
vocabulary_senses	45df40b2-acab-4502-8578-5ded9b23df2c	examples[1].romaji	彼は小柄な男です。	romaji		Kare wa kogara na otoko desu.	missing-reading recovered	romaji generated from recovered Reading in ENO style	gen(Reading)	high
vocabulary_senses	45df40b2-acab-4502-8578-5ded9b23df2c	examples[1].id	彼は小柄な男です。	id		Dia pria bertubuh kecil.	A-empty arti filled	arti translated from Japanese; en field cross-check	Japanese (primary) + existing en	medium-high
vocabulary_senses	46031384-a5cb-4793-aff1-099548197d44	examples[0].reading	三つの中から一つ選びます。	reading		みっつ の なか から ひとつ えらびます。	missing-reading recovered	Reading recovered from Japanese (Sudachi+ENO lexicon/conj) + manual review; segmented by final ENO rules	Japanese + ENO vocab term/reading + Sudachi + manual review	high
vocabulary_senses	46031384-a5cb-4793-aff1-099548197d44	examples[0].romaji	三つの中から一つ選びます。	romaji		Mittsu no naka kara hitotsu erabimasu.	missing-reading recovered	romaji generated from recovered Reading in ENO style	gen(Reading)	high
vocabulary_senses	4608ae2b-72eb-4ad5-8f1e-9c3ef10ae930	examples[0].reading	自分で釣った魚はうまい。	reading		じぶんで つった さかな は うまい。	missing-reading recovered	Reading recovered from Japanese (Sudachi+ENO lexicon/conj) + manual review; segmented by final ENO rules	Japanese + ENO vocab term/reading + Sudachi + manual review	high
vocabulary_senses	4608ae2b-72eb-4ad5-8f1e-9c3ef10ae930	examples[0].romaji	自分で釣った魚はうまい。	romaji		Jibunde tsutta sakana wa umai.	missing-reading recovered	romaji generated from recovered Reading in ENO style	gen(Reading)	high
vocabulary_senses	468de201-0b49-477a-a52d-423a09720e7a	examples[0].reading	このバイクは二百五十シーシーです。	reading		この バイク は にひゃくごじゅうシーシー です。	missing-reading recovered	Reading recovered from Japanese (Sudachi+ENO lexicon/conj) + manual review; segmented by final ENO rules	Japanese + ENO vocab term/reading + Sudachi + manual review	high
vocabulary_senses	468de201-0b49-477a-a52d-423a09720e7a	examples[0].romaji	このバイクは二百五十シーシーです。	romaji		Kono baiku wa nihyakugojuushiishii desu.	missing-reading recovered	romaji generated from recovered Reading in ENO style	gen(Reading)	high
vocabulary_senses	468e539c-a8c2-4cf9-87a8-5f53b5e980fa	examples[1].reading	それは粉薬です。	reading		それ は こなぐすり です。	missing-reading recovered	Reading recovered from Japanese (Sudachi+ENO lexicon/conj) + manual review; segmented by final ENO rules	Japanese + ENO vocab term/reading + Sudachi + manual review	high
vocabulary_senses	468e539c-a8c2-4cf9-87a8-5f53b5e980fa	examples[1].romaji	それは粉薬です。	romaji		Sore wa konagusuri desu.	missing-reading recovered	romaji generated from recovered Reading in ENO style	gen(Reading)	high
vocabulary_senses	468e539c-a8c2-4cf9-87a8-5f53b5e980fa	examples[1].id	それは粉薬です。	id		Itu obat bubuk.	A-empty arti filled	arti translated from Japanese; en field cross-check	Japanese (primary) + existing en	medium-high
vocabulary_senses	46a96f2e-bce2-4e4a-a050-37677aa2e2bf	examples[1].reading	シンガポールでは、刑罰の一つに鞭打ちがある。	reading		シンガポール では、けいばつ の ひとつ に むちうち が ある。	missing-reading recovered	Reading recovered from Japanese (Sudachi+ENO lexicon/conj) + manual review; segmented by final ENO rules	Japanese + ENO vocab term/reading + Sudachi + manual review	high
vocabulary_senses	46a96f2e-bce2-4e4a-a050-37677aa2e2bf	examples[1].romaji	シンガポールでは、刑罰の一つに鞭打ちがある。	romaji		Shingapooru de wa, keibatsu no hitotsu ni muchiuchi ga aru.	missing-reading recovered	romaji generated from recovered Reading in ENO style	gen(Reading)	high
vocabulary_senses	46a96f2e-bce2-4e4a-a050-37677aa2e2bf	examples[1].id	シンガポールでは、刑罰の一つに鞭打ちがある。	id		Di Singapura, salah satu hukumannya adalah cambuk.	A-empty arti filled	arti translated from Japanese; en field cross-check	Japanese (primary) + existing en	medium-high
vocabulary_senses	4977e982-1b3d-4295-ab2c-3642c47fd48b	examples[0].reading	市場に行く。	reading		いちば に いく。	missing-reading recovered	Reading recovered from Japanese (Sudachi+ENO lexicon/conj) + manual review; segmented by final ENO rules	Japanese + ENO vocab term/reading + Sudachi + manual review	high
vocabulary_senses	4977e982-1b3d-4295-ab2c-3642c47fd48b	examples[0].romaji	市場に行く。	romaji		Ichiba ni iku.	missing-reading recovered	romaji generated from recovered Reading in ENO style	gen(Reading)	high
vocabulary_senses	4977e982-1b3d-4295-ab2c-3642c47fd48b	examples[0].id	市場に行く。	id		Saya akan pergi ke pasar.	A-empty arti filled	arti translated from Japanese; en field cross-check	Japanese (primary) + existing en	medium-high
vocabulary_senses	4977e982-1b3d-4295-ab2c-3642c47fd48b	examples[1].reading	市場は全面安ですね。	reading		しじょう は ぜんめんやす です ね。	missing-reading recovered	Reading recovered from Japanese (Sudachi+ENO lexicon/conj) + manual review; segmented by final ENO rules	Japanese + ENO vocab term/reading + Sudachi + manual review	high
vocabulary_senses	4977e982-1b3d-4295-ab2c-3642c47fd48b	examples[1].romaji	市場は全面安ですね。	romaji		Shijou wa zenmen'yasu desu ne.	missing-reading recovered	romaji generated from recovered Reading in ENO style	gen(Reading)	high
vocabulary_senses	4977e982-1b3d-4295-ab2c-3642c47fd48b	examples[1].id	市場は全面安ですね。	id		Pasar anjlok di seluruh sektor, ya.	A-empty arti filled	arti translated from Japanese; en field cross-check	Japanese (primary) + existing en	medium-high
vocabulary_senses	4a077502-a837-44af-96a8-fe5a40d3b583	examples[0].reading	娘は小学校の五年生です。	reading		むすめ は しょうがっこう の ごねんせい です。	missing-reading recovered	Reading recovered from Japanese (Sudachi+ENO lexicon/conj) + manual review; segmented by final ENO rules	Japanese + ENO vocab term/reading + Sudachi + manual review	high
vocabulary_senses	4a077502-a837-44af-96a8-fe5a40d3b583	examples[0].romaji	娘は小学校の五年生です。	romaji		Musume wa shougakkou no gonensei desu.	missing-reading recovered	romaji generated from recovered Reading in ENO style	gen(Reading)	high
vocabulary_senses	4af1bf7e-31de-4930-b2d0-104d848552c3	examples[0].reading	あと１０分で手が空く。	reading		あと じゅっぷん で て が あく。	missing-reading recovered	Reading recovered from Japanese (Sudachi+ENO lexicon/conj) + manual review; segmented by final ENO rules	Japanese + ENO vocab term/reading + Sudachi + manual review	medium
vocabulary_senses	4af1bf7e-31de-4930-b2d0-104d848552c3	examples[0].romaji	あと１０分で手が空く。	romaji		Ato juppun de te ga aku.	missing-reading recovered	romaji generated from recovered Reading in ENO style	gen(Reading)	high
vocabulary_senses	4af1bf7e-31de-4930-b2d0-104d848552c3	examples[0].id	あと１０分で手が空く。	id		Sepuluh menit lagi saya luang.	A-empty arti filled	arti translated from Japanese; en field cross-check	Japanese (primary) + existing en	medium-high
vocabulary_senses	4af1bf7e-31de-4930-b2d0-104d848552c3	examples[1].reading	ただいま満席です。席が空くまでこちらでお待ちください。	reading		ただいま まんせき です。せき が あく まで こちら で おまちください。	missing-reading recovered	Reading recovered from Japanese (Sudachi+ENO lexicon/conj) + manual review; segmented by final ENO rules	Japanese + ENO vocab term/reading + Sudachi + manual review	high
vocabulary_senses	4af1bf7e-31de-4930-b2d0-104d848552c3	examples[1].romaji	ただいま満席です。席が空くまでこちらでお待ちください。	romaji		Tadaima manseki desu. seki ga aku made kochira de omachikudasai.	missing-reading recovered	romaji generated from recovered Reading in ENO style	gen(Reading)	high
vocabulary_senses	4af1bf7e-31de-4930-b2d0-104d848552c3	examples[1].id	ただいま満席です。席が空くまでこちらでお待ちください。	id		Saat ini semua kursi penuh. Mohon tunggu di sini sampai ada kursi kosong.	A-empty arti filled	arti translated from Japanese; en field cross-check	Japanese (primary) + existing en	medium-high
vocabulary_senses	4bf4e1ea-1248-457a-9aa1-119dc07b59eb	examples[1].reading	孫は八つだよ。	reading		まご は やっつ だ よ。	missing-reading recovered	Reading recovered from Japanese (Sudachi+ENO lexicon/conj) + manual review; segmented by final ENO rules	Japanese + ENO vocab term/reading + Sudachi + manual review	high
vocabulary_senses	4bf4e1ea-1248-457a-9aa1-119dc07b59eb	examples[1].romaji	孫は八つだよ。	romaji		Mago wa yattsu da yo.	missing-reading recovered	romaji generated from recovered Reading in ENO style	gen(Reading)	high
vocabulary_senses	4bf4e1ea-1248-457a-9aa1-119dc07b59eb	examples[1].id	孫は八つだよ。	id		Cucuku berumur delapan tahun.	A-empty arti filled	arti translated from Japanese; en field cross-check	Japanese (primary) + existing en	medium-high
vocabulary_senses	4d7dc80a-4e30-4ca4-b8af-f1a06e6f6bf3	examples[1].reading	彼は額の汗を拭った。	reading		かれ は ひたい の あせ を ぬぐった。	missing-reading recovered	Reading recovered from Japanese (Sudachi+ENO lexicon/conj) + manual review; segmented by final ENO rules	Japanese + ENO vocab term/reading + Sudachi + manual review	high
vocabulary_senses	4d7dc80a-4e30-4ca4-b8af-f1a06e6f6bf3	examples[1].romaji	彼は額の汗を拭った。	romaji		Kare wa hitai no ase o nugutta.	missing-reading recovered	romaji generated from recovered Reading in ENO style	gen(Reading)	high
vocabulary_senses	4d7dc80a-4e30-4ca4-b8af-f1a06e6f6bf3	examples[1].id	彼は額の汗を拭った。	id		Dia menyeka keringat di dahinya.	A-empty arti filled	arti translated from Japanese; en field cross-check	Japanese (primary) + existing en	medium-high
vocabulary_senses	4e4630fa-1048-43fa-b2b4-1fce653eb3cb	examples[1].reading	気温が数度下がった。	reading		きおん が すうど さがった。	missing-reading recovered	Reading recovered from Japanese (Sudachi+ENO lexicon/conj) + manual review; segmented by final ENO rules	Japanese + ENO vocab term/reading + Sudachi + manual review	high
vocabulary_senses	4e4630fa-1048-43fa-b2b4-1fce653eb3cb	examples[1].romaji	気温が数度下がった。	romaji		Kion ga suudo sagatta.	missing-reading recovered	romaji generated from recovered Reading in ENO style	gen(Reading)	high
vocabulary_senses	4e4630fa-1048-43fa-b2b4-1fce653eb3cb	examples[1].id	気温が数度下がった。	id		Suhu turun beberapa derajat.	A-empty arti filled	arti translated from Japanese; en field cross-check	Japanese (primary) + existing en	medium-high
vocabulary_senses	500b7f6f-88e3-4c29-9db2-4d6bb5f72798	examples[0].reading	一寸先は闇。	reading		いっすん さき は やみ。	missing-reading recovered	Reading recovered from Japanese (Sudachi+ENO lexicon/conj) + manual review; segmented by final ENO rules	Japanese + ENO vocab term/reading + Sudachi + manual review	high
vocabulary_senses	500b7f6f-88e3-4c29-9db2-4d6bb5f72798	examples[0].romaji	一寸先は闇。	romaji		Issun saki wa yami.	missing-reading recovered	romaji generated from recovered Reading in ENO style	gen(Reading)	high
vocabulary_senses	500b7f6f-88e3-4c29-9db2-4d6bb5f72798	examples[0].id	一寸先は闇。	id		Masa depan tak seorang pun tahu (satu inci di depan pun gelap).	A-empty arti filled	arti translated from Japanese; en field cross-check	Japanese (primary) + existing en	medium-high
vocabulary_senses	500b7f6f-88e3-4c29-9db2-4d6bb5f72798	examples[1].reading	一寸の虫にも五分の魂。	reading		いっすん の むし にも ごぶ の たましい。	missing-reading recovered	Reading recovered from Japanese (Sudachi+ENO lexicon/conj) + manual review; segmented by final ENO rules	Japanese + ENO vocab term/reading + Sudachi + manual review	high
vocabulary_senses	500b7f6f-88e3-4c29-9db2-4d6bb5f72798	examples[1].romaji	一寸の虫にも五分の魂。	romaji		Issun no mushi ni mo gobu no tamashii.	missing-reading recovered	romaji generated from recovered Reading in ENO style	gen(Reading)	high
vocabulary_senses	500b7f6f-88e3-4c29-9db2-4d6bb5f72798	examples[1].id	一寸の虫にも五分の魂。	id		Bahkan serangga kecil pun punya harga diri.	A-empty arti filled	arti translated from Japanese; en field cross-check	Japanese (primary) + existing en	medium-high
vocabulary_senses	50fcd0f6-93ae-4225-9757-f99f40a93354	examples[0].reading	釈迦に説法。	reading		しゃか に せっぽう。	missing-reading recovered	Reading recovered from Japanese (Sudachi+ENO lexicon/conj) + manual review; segmented by final ENO rules	Japanese + ENO vocab term/reading + Sudachi + manual review	high
vocabulary_senses	50fcd0f6-93ae-4225-9757-f99f40a93354	examples[0].romaji	釈迦に説法。	romaji		Shaka ni seppou.	missing-reading recovered	romaji generated from recovered Reading in ENO style	gen(Reading)	high
vocabulary_senses	50fcd0f6-93ae-4225-9757-f99f40a93354	examples[0].id	釈迦に説法。	id		Mengajari Buddha tentang ajaran (menggurui orang yang sudah ahli).	A-empty arti filled	arti translated from Japanese; en field cross-check	Japanese (primary) + existing en	medium-high
vocabulary_senses	51309b76-9010-4239-bdb3-df65e4c0e39f	examples[0].reading	船が炎上した。	reading		ふね が えんじょうした。	missing-reading recovered	Reading recovered from Japanese (Sudachi+ENO lexicon/conj) + manual review; segmented by final ENO rules	Japanese + ENO vocab term/reading + Sudachi + manual review	high
vocabulary_senses	51309b76-9010-4239-bdb3-df65e4c0e39f	examples[0].romaji	船が炎上した。	romaji		Fune ga enjoushita.	missing-reading recovered	romaji generated from recovered Reading in ENO style	gen(Reading)	high
vocabulary_senses	51309b76-9010-4239-bdb3-df65e4c0e39f	examples[0].id	船が炎上した。	id		Kapal itu terbakar.	A-empty arti filled	arti translated from Japanese; en field cross-check	Japanese (primary) + existing en	medium-high
vocabulary_senses	51309b76-9010-4239-bdb3-df65e4c0e39f	examples[1].reading	家は炎上していた。	reading		いえ は えんじょうして いた。	missing-reading recovered	Reading recovered from Japanese (Sudachi+ENO lexicon/conj) + manual review; segmented by final ENO rules	Japanese + ENO vocab term/reading + Sudachi + manual review	high
vocabulary_senses	51309b76-9010-4239-bdb3-df65e4c0e39f	examples[1].romaji	家は炎上していた。	romaji		Ie wa enjoushite ita.	missing-reading recovered	romaji generated from recovered Reading in ENO style	gen(Reading)	high
vocabulary_senses	51309b76-9010-4239-bdb3-df65e4c0e39f	examples[1].id	家は炎上していた。	id		Rumah itu sedang terbakar.	A-empty arti filled	arti translated from Japanese; en field cross-check	Japanese (primary) + existing en	medium-high
vocabulary_senses	51582874-0b8c-4ab9-8569-69bd0df52782	examples[0].reading	打つ手がないね。	reading		うつ て が ない ね。	missing-reading recovered	Reading recovered from Japanese (Sudachi+ENO lexicon/conj) + manual review; segmented by final ENO rules	Japanese + ENO vocab term/reading + Sudachi + manual review	high
vocabulary_senses	51582874-0b8c-4ab9-8569-69bd0df52782	examples[0].romaji	打つ手がないね。	romaji		Utsu te ga nai ne.	missing-reading recovered	romaji generated from recovered Reading in ENO style	gen(Reading)	high
vocabulary_senses	51582874-0b8c-4ab9-8569-69bd0df52782	examples[0].id	打つ手がないね。	id		Sudah tidak ada langkah lagi yang bisa dicoba.	A-empty arti filled	arti translated from Japanese; en field cross-check	Japanese (primary) + existing en	medium-high
vocabulary_senses	51582874-0b8c-4ab9-8569-69bd0df52782	examples[1].reading	牡丹餅で腰打つ。	reading		ぼたもち で こし うつ。	missing-reading recovered	Reading recovered from Japanese (Sudachi+ENO lexicon/conj) + manual review; segmented by final ENO rules	Japanese + ENO vocab term/reading + Sudachi + manual review	high
vocabulary_senses	51582874-0b8c-4ab9-8569-69bd0df52782	examples[1].romaji	牡丹餅で腰打つ。	romaji		Botamochi de koshi utsu.	missing-reading recovered	romaji generated from recovered Reading in ENO style	gen(Reading)	high
vocabulary_senses	51582874-0b8c-4ab9-8569-69bd0df52782	examples[1].id	牡丹餅で腰打つ。	id		Memukul pinggang dengan kue ohagi.	A-empty arti filled	arti translated from Japanese; en field cross-check	Japanese (primary) + existing en	medium-high
vocabulary_senses	51fc76b0-1e2a-4e3f-ac81-8290c0eb8f1e	examples[1].reading	清き一票を！	reading		きよき いっぴょう を！	missing-reading recovered	Reading recovered from Japanese (Sudachi+ENO lexicon/conj) + manual review; segmented by final ENO rules	Japanese + ENO vocab term/reading + Sudachi + manual review	high
vocabulary_senses	51fc76b0-1e2a-4e3f-ac81-8290c0eb8f1e	examples[1].romaji	清き一票を！	romaji		Kiyoki ippyou o!	missing-reading recovered	romaji generated from recovered Reading in ENO style	gen(Reading)	high
vocabulary_senses	51fc76b0-1e2a-4e3f-ac81-8290c0eb8f1e	examples[1].id	清き一票を！	id		Salurkan suara bersih Anda!	A-empty arti filled	arti translated from Japanese; en field cross-check	Japanese (primary) + existing en	medium-high
vocabulary_senses	52aa9230-e101-4796-8b5d-a29096bd1832	examples[0].reading	東京行きの百二便です。	reading		とうきょういき の ひゃくにびん です。	missing-reading recovered	Reading recovered from Japanese (Sudachi+ENO lexicon/conj) + manual review; segmented by final ENO rules	Japanese + ENO vocab term/reading + Sudachi + manual review	high
vocabulary_senses	52aa9230-e101-4796-8b5d-a29096bd1832	examples[0].romaji	東京行きの百二便です。	romaji		Toukyouiki no hyakunibin desu.	missing-reading recovered	romaji generated from recovered Reading in ENO style	gen(Reading)	high
vocabulary_senses	52f048b7-e522-4cb6-b887-4409f5fc328a	examples[0].reading	毎年健康診断を受けます。	reading		まいとし けんこうしんだん を うけます。	missing-reading recovered	Reading recovered from Japanese (Sudachi+ENO lexicon/conj) + manual review; segmented by final ENO rules	Japanese + ENO vocab term/reading + Sudachi + manual review	high
vocabulary_senses	52f048b7-e522-4cb6-b887-4409f5fc328a	examples[0].romaji	毎年健康診断を受けます。	romaji		Maitoshi kenkoushindan o ukemasu.	missing-reading recovered	romaji generated from recovered Reading in ENO style	gen(Reading)	high
vocabulary_senses	557f3911-2792-407b-a154-ffb01651957d	examples[0].reading	30数えて。	reading		さんじゅう かぞえて。	missing-reading recovered	Reading recovered from Japanese (Sudachi+ENO lexicon/conj) + manual review; segmented by final ENO rules	Japanese + ENO vocab term/reading + Sudachi + manual review	medium
vocabulary_senses	557f3911-2792-407b-a154-ffb01651957d	examples[0].romaji	30数えて。	romaji		Sanjuu kazoete.	missing-reading recovered	romaji generated from recovered Reading in ENO style	gen(Reading)	high
vocabulary_senses	557f3911-2792-407b-a154-ffb01651957d	examples[0].id	30数えて。	id		Hitung sampai tiga puluh.	A-empty arti filled	arti translated from Japanese; en field cross-check	Japanese (primary) + existing en	medium-high
vocabulary_senses	57200785-0dd8-4ec9-beac-abb7b36f6ec7	examples[0].reading	あと五分あります。	reading		あと ごふん あります。	missing-reading recovered	Reading recovered from Japanese (Sudachi+ENO lexicon/conj) + manual review; segmented by final ENO rules	Japanese + ENO vocab term/reading + Sudachi + manual review	high
vocabulary_senses	57200785-0dd8-4ec9-beac-abb7b36f6ec7	examples[0].romaji	あと五分あります。	romaji		Ato gofun arimasu.	missing-reading recovered	romaji generated from recovered Reading in ENO style	gen(Reading)	high
vocabulary_senses	57d2552f-457f-4fd1-b7db-e8bbe4413ec5	examples[0].reading	彼は大会で一位になりました。	reading		かれ は たいかい で いちい に なりました。	missing-reading recovered	Reading recovered from Japanese (Sudachi+ENO lexicon/conj) + manual review; segmented by final ENO rules	Japanese + ENO vocab term/reading + Sudachi + manual review	high
vocabulary_senses	57d2552f-457f-4fd1-b7db-e8bbe4413ec5	examples[0].romaji	彼は大会で一位になりました。	romaji		Kare wa taikai de ichii ni narimashita.	missing-reading recovered	romaji generated from recovered Reading in ENO style	gen(Reading)	high
vocabulary_senses	58aa778d-059a-4bc8-a7b3-69c263941f5d	examples[1].reading	裁判は三時間続いた。	reading		さいばん は さんじかん つづいた。	missing-reading recovered	Reading recovered from Japanese (Sudachi+ENO lexicon/conj) + manual review; segmented by final ENO rules	Japanese + ENO vocab term/reading + Sudachi + manual review	high
vocabulary_senses	58aa778d-059a-4bc8-a7b3-69c263941f5d	examples[1].romaji	裁判は三時間続いた。	romaji		Saiban wa sanjikan tsuzuita.	missing-reading recovered	romaji generated from recovered Reading in ENO style	gen(Reading)	high
vocabulary_senses	58aa778d-059a-4bc8-a7b3-69c263941f5d	examples[1].id	裁判は三時間続いた。	id		Sidang berlangsung selama tiga jam.	A-empty arti filled	arti translated from Japanese; en field cross-check	Japanese (primary) + existing en	medium-high
vocabulary_senses	592e05b3-9c19-408a-b9ab-60b3f5d017da	examples[0].reading	記念碑が公園に建てられた。	reading		きねんひ が こうえん に たてられた。	missing-reading recovered	Reading recovered from Japanese (Sudachi+ENO lexicon/conj) + manual review; segmented by final ENO rules	Japanese + ENO vocab term/reading + Sudachi + manual review	high
vocabulary_senses	592e05b3-9c19-408a-b9ab-60b3f5d017da	examples[0].romaji	記念碑が公園に建てられた。	romaji		Kinenhi ga kouen ni taterareta.	missing-reading recovered	romaji generated from recovered Reading in ENO style	gen(Reading)	high
vocabulary_senses	592e05b3-9c19-408a-b9ab-60b3f5d017da	examples[0].id	記念碑が公園に建てられた。	id		Sebuah monumen didirikan di taman.	A-empty arti filled	arti translated from Japanese; en field cross-check	Japanese (primary) + existing en	medium-high
vocabulary_senses	592e05b3-9c19-408a-b9ab-60b3f5d017da	examples[1].reading	これらは記念碑なのである。	reading		これら は きねんひ な ので ある。	missing-reading recovered	Reading recovered from Japanese (Sudachi+ENO lexicon/conj) + manual review; segmented by final ENO rules	Japanese + ENO vocab term/reading + Sudachi + manual review	high
vocabulary_senses	592e05b3-9c19-408a-b9ab-60b3f5d017da	examples[1].romaji	これらは記念碑なのである。	romaji		Korera wa kinenhi na node aru.	missing-reading recovered	romaji generated from recovered Reading in ENO style	gen(Reading)	high
vocabulary_senses	592e05b3-9c19-408a-b9ab-60b3f5d017da	examples[1].id	これらは記念碑なのである。	id		Semua ini adalah monumen peringatan.	A-empty arti filled	arti translated from Japanese; en field cross-check	Japanese (primary) + existing en	medium-high
vocabulary_senses	5bb02d74-a6c2-4daf-811f-03a3da266c9f	examples[1].reading	十二は偶数だ。	reading		じゅうに は ぐうすう だ。	missing-reading recovered	Reading recovered from Japanese (Sudachi+ENO lexicon/conj) + manual review; segmented by final ENO rules	Japanese + ENO vocab term/reading + Sudachi + manual review	high
vocabulary_senses	5bb02d74-a6c2-4daf-811f-03a3da266c9f	examples[1].romaji	十二は偶数だ。	romaji		Juuni wa guusuu da.	missing-reading recovered	romaji generated from recovered Reading in ENO style	gen(Reading)	high
vocabulary_senses	5c25a66a-9f79-4b8f-bb82-e662c884acac	examples[1].reading	彼は三等賞を得た。	reading		かれ は さんとう しょう を えた。	missing-reading recovered	Reading recovered from Japanese (Sudachi+ENO lexicon/conj) + manual review; segmented by final ENO rules	Japanese + ENO vocab term/reading + Sudachi + manual review	high
vocabulary_senses	5c25a66a-9f79-4b8f-bb82-e662c884acac	examples[1].romaji	彼は三等賞を得た。	romaji		Kare wa santou shou o eta.	missing-reading recovered	romaji generated from recovered Reading in ENO style	gen(Reading)	high
vocabulary_senses	5c25a66a-9f79-4b8f-bb82-e662c884acac	examples[1].id	彼は三等賞を得た。	id		Dia memenangkan hadiah ketiga.	A-empty arti filled	arti translated from Japanese; en field cross-check	Japanese (primary) + existing en	medium-high
vocabulary_senses	5cfe688f-eacb-4b3c-ba9c-76baec29e93b	examples[0].reading	五たす三は八です。	reading		ご たす さん は はち です。	missing-reading recovered	Reading recovered from Japanese (Sudachi+ENO lexicon/conj) + manual review; segmented by final ENO rules	Japanese + ENO vocab term/reading + Sudachi + manual review	high
vocabulary_senses	5cfe688f-eacb-4b3c-ba9c-76baec29e93b	examples[0].romaji	五たす三は八です。	romaji		Go tasu san wa hachi desu.	missing-reading recovered	romaji generated from recovered Reading in ENO style	gen(Reading)	high
vocabulary_senses	5d409882-ae4e-441a-aaba-0b804fd302e5	examples[1].reading	二度と現れるな！	reading		にどと あらわれるな！	missing-reading recovered	Reading recovered from Japanese (Sudachi+ENO lexicon/conj) + manual review; segmented by final ENO rules	Japanese + ENO vocab term/reading + Sudachi + manual review	high
vocabulary_senses	5d409882-ae4e-441a-aaba-0b804fd302e5	examples[1].romaji	二度と現れるな！	romaji		Nidoto arawareruna!	missing-reading recovered	romaji generated from recovered Reading in ENO style	gen(Reading)	high
vocabulary_senses	5d409882-ae4e-441a-aaba-0b804fd302e5	examples[1].id	二度と現れるな！	id		Jangan pernah muncul lagi!	A-empty arti filled	arti translated from Japanese; en field cross-check	Japanese (primary) + existing en	medium-high
vocabulary_senses	5d68e151-df39-4ccf-be56-f130df246c37	examples[0].reading	美は皮一重。	reading		び は かわひとえ。	missing-reading recovered	Reading recovered from Japanese (Sudachi+ENO lexicon/conj) + manual review; segmented by final ENO rules	Japanese + ENO vocab term/reading + Sudachi + manual review	high
vocabulary_senses	5d68e151-df39-4ccf-be56-f130df246c37	examples[0].romaji	美は皮一重。	romaji		Bi wa kawahitoe.	missing-reading recovered	romaji generated from recovered Reading in ENO style	gen(Reading)	high
vocabulary_senses	5d68e151-df39-4ccf-be56-f130df246c37	examples[0].id	美は皮一重。	id		Kecantikan hanya setipis kulit.	A-empty arti filled	arti translated from Japanese; en field cross-check	Japanese (primary) + existing en	medium-high
vocabulary_senses	5d68e151-df39-4ccf-be56-f130df246c37	examples[1].reading	蛇は脱皮した。	reading		へび は だっぴした。	missing-reading recovered	Reading recovered from Japanese (Sudachi+ENO lexicon/conj) + manual review; segmented by final ENO rules	Japanese + ENO vocab term/reading + Sudachi + manual review	high
vocabulary_senses	5d68e151-df39-4ccf-be56-f130df246c37	examples[1].romaji	蛇は脱皮した。	romaji		Hebi wa dappishita.	missing-reading recovered	romaji generated from recovered Reading in ENO style	gen(Reading)	high
vocabulary_senses	5d68e151-df39-4ccf-be56-f130df246c37	examples[1].id	蛇は脱皮した。	id		Ular itu berganti kulit.	A-empty arti filled	arti translated from Japanese; en field cross-check	Japanese (primary) + existing en	medium-high
vocabulary_senses	5f09292b-e691-41e3-b495-f9855a4b68a2	examples[1].reading	３月いっぱいで定期が切れる。	reading		さんがつ いっぱい で ていき が きれる。	missing-reading recovered	Reading recovered from Japanese (Sudachi+ENO lexicon/conj) + manual review; segmented by final ENO rules	Japanese + ENO vocab term/reading + Sudachi + manual review	medium
vocabulary_senses	5f09292b-e691-41e3-b495-f9855a4b68a2	examples[1].romaji	３月いっぱいで定期が切れる。	romaji		Sangatsu ippai de teiki ga kireru.	missing-reading recovered	romaji generated from recovered Reading in ENO style	gen(Reading)	high
vocabulary_senses	5f09292b-e691-41e3-b495-f9855a4b68a2	examples[1].id	３月いっぱいで定期が切れる。	id		Kartu langganan saya berakhir pada akhir Maret.	A-empty arti filled	arti translated from Japanese; en field cross-check	Japanese (primary) + existing en	medium-high
vocabulary_senses	5ff2e66f-c9ab-4bab-a009-93d3bdf4b889	examples[0].reading	国民党は、簡潔に言うと、政治が崩壊する前に政府を離脱する必要があった。	reading		こくみんとう は、かんけつ に いう と、せいじ が ほうかいする まえ に せいふ を りだつする ひつよう が あった。	missing-reading recovered	Reading recovered from Japanese (Sudachi+ENO lexicon/conj) + manual review; segmented by final ENO rules	Japanese + ENO vocab term/reading + Sudachi + manual review	high
vocabulary_senses	5ff2e66f-c9ab-4bab-a009-93d3bdf4b889	examples[0].romaji	国民党は、簡潔に言うと、政治が崩壊する前に政府を離脱する必要があった。	romaji		Kokumintou wa, kanketsu ni iu to, seiji ga houkaisuru mae ni seifu o ridatsusuru hitsuyou ga atta.	missing-reading recovered	romaji generated from recovered Reading in ENO style	gen(Reading)	high
vocabulary_senses	5ff2e66f-c9ab-4bab-a009-93d3bdf4b889	examples[0].id	国民党は、簡潔に言うと、政治が崩壊する前に政府を離脱する必要があった。	id		Singkatnya, partai nasional itu perlu meninggalkan pemerintahan sebelum politik runtuh.	A-empty arti filled	arti translated from Japanese; en field cross-check	Japanese (primary) + existing en	medium-high
vocabulary_senses	6072afcc-7114-43de-8e0d-b709505549c2	examples[0].reading	ソビエト連邦は25年前に崩壊した。	reading		ソビエトれんぽう は にじゅうごねん まえ に ほうかいした。	missing-reading recovered	Reading recovered from Japanese (Sudachi+ENO lexicon/conj) + manual review; segmented by final ENO rules	Japanese + ENO vocab term/reading + Sudachi + manual review	medium
vocabulary_senses	6072afcc-7114-43de-8e0d-b709505549c2	examples[0].romaji	ソビエト連邦は25年前に崩壊した。	romaji		Sobietorenpou wa nijuugonen mae ni houkaishita.	missing-reading recovered	romaji generated from recovered Reading in ENO style	gen(Reading)	high
vocabulary_senses	6072afcc-7114-43de-8e0d-b709505549c2	examples[0].id	ソビエト連邦は25年前に崩壊した。	id		Uni Soviet runtuh 25 tahun yang lalu.	A-empty arti filled	arti translated from Japanese; en field cross-check	Japanese (primary) + existing en	medium-high
vocabulary_senses	60c14caa-7919-4b92-ab43-85d929f1d808	examples[0].reading	以上ですか？	reading		いじょう です か？	missing-reading recovered	Reading recovered from Japanese (Sudachi+ENO lexicon/conj) + manual review; segmented by final ENO rules	Japanese + ENO vocab term/reading + Sudachi + manual review	high
vocabulary_senses	60c14caa-7919-4b92-ab43-85d929f1d808	examples[0].romaji	以上ですか？	romaji		Ijou desu ka?	missing-reading recovered	romaji generated from recovered Reading in ENO style	gen(Reading)	high
vocabulary_senses	60c14caa-7919-4b92-ab43-85d929f1d808	examples[0].id	以上ですか？	id		Itu saja?	A-empty arti filled	arti translated from Japanese; en field cross-check	Japanese (primary) + existing en	medium-high
vocabulary_senses	60c14caa-7919-4b92-ab43-85d929f1d808	examples[1].reading	お手上げだ。	reading		おてあげ だ。	missing-reading recovered	Reading recovered from Japanese (Sudachi+ENO lexicon/conj) + manual review; segmented by final ENO rules	Japanese + ENO vocab term/reading + Sudachi + manual review	high
vocabulary_senses	60c14caa-7919-4b92-ab43-85d929f1d808	examples[1].romaji	お手上げだ。	romaji		Oteage da.	missing-reading recovered	romaji generated from recovered Reading in ENO style	gen(Reading)	high
vocabulary_senses	60c14caa-7919-4b92-ab43-85d929f1d808	examples[1].id	お手上げだ。	id		Saya menyerah (tidak tahu harus bagaimana).	A-empty arti filled	arti translated from Japanese; en field cross-check	Japanese (primary) + existing en	medium-high
vocabulary_senses	6162f9ea-898f-4a1f-ada9-e10d935f8eae	examples[0].reading	減量は容易くない。	reading		げんりょう は たやすくない。	missing-reading recovered	Reading recovered from Japanese (Sudachi+ENO lexicon/conj) + manual review; segmented by final ENO rules	Japanese + ENO vocab term/reading + Sudachi + manual review	high
vocabulary_senses	6162f9ea-898f-4a1f-ada9-e10d935f8eae	examples[0].romaji	減量は容易くない。	romaji		Genryou wa tayasukunai.	missing-reading recovered	romaji generated from recovered Reading in ENO style	gen(Reading)	high
vocabulary_senses	6162f9ea-898f-4a1f-ada9-e10d935f8eae	examples[0].id	減量は容易くない。	id		Menurunkan berat badan itu tidak mudah.	A-empty arti filled	arti translated from Japanese; en field cross-check	Japanese (primary) + existing en	medium-high
vocabulary_senses	627c0728-7963-4ba0-b20f-f368920f08e5	examples[0].reading	元気出して。	reading		げんき だして。	missing-reading recovered	Reading recovered from Japanese (Sudachi+ENO lexicon/conj) + manual review; segmented by final ENO rules	Japanese + ENO vocab term/reading + Sudachi + manual review	high
vocabulary_senses	627c0728-7963-4ba0-b20f-f368920f08e5	examples[0].romaji	元気出して。	romaji		Genki dashite.	missing-reading recovered	romaji generated from recovered Reading in ENO style	gen(Reading)	high
vocabulary_senses	627c0728-7963-4ba0-b20f-f368920f08e5	examples[0].id	元気出して。	id		Semangat ya!	A-empty arti filled	arti translated from Japanese; en field cross-check	Japanese (primary) + existing en	medium-high
vocabulary_senses	627c0728-7963-4ba0-b20f-f368920f08e5	examples[1].reading	元気ないね。	reading		げんき ない ね。	missing-reading recovered	Reading recovered from Japanese (Sudachi+ENO lexicon/conj) + manual review; segmented by final ENO rules	Japanese + ENO vocab term/reading + Sudachi + manual review	high
vocabulary_senses	627c0728-7963-4ba0-b20f-f368920f08e5	examples[1].romaji	元気ないね。	romaji		Genki nai ne.	missing-reading recovered	romaji generated from recovered Reading in ENO style	gen(Reading)	high
vocabulary_senses	627c0728-7963-4ba0-b20f-f368920f08e5	examples[1].id	元気ないね。	id		Kamu kelihatan kurang bersemangat.	A-empty arti filled	arti translated from Japanese; en field cross-check	Japanese (primary) + existing en	medium-high
vocabulary_senses	62a31c4f-52af-4596-826b-5c58b5be4d6a	examples[0].reading	電車は九時に東京に到着します。	reading		でんしゃ は くじ に とうきょう に とうちゃくします。	missing-reading recovered	Reading recovered from Japanese (Sudachi+ENO lexicon/conj) + manual review; segmented by final ENO rules	Japanese + ENO vocab term/reading + Sudachi + manual review	high
vocabulary_senses	62a31c4f-52af-4596-826b-5c58b5be4d6a	examples[0].romaji	電車は九時に東京に到着します。	romaji		Densha wa kuji ni Toukyou ni touchakushimasu.	missing-reading recovered	romaji generated from recovered Reading in ENO style	gen(Reading)	high
vocabulary_senses	63334750-f5e1-4f78-9e18-2b711573356f	examples[1].reading	この番組見る？	reading		この ばんぐみ みる？	missing-reading recovered	Reading recovered from Japanese (Sudachi+ENO lexicon/conj) + manual review; segmented by final ENO rules	Japanese + ENO vocab term/reading + Sudachi + manual review	high
vocabulary_senses	63334750-f5e1-4f78-9e18-2b711573356f	examples[1].romaji	この番組見る？	romaji		Kono bangumi miru?	missing-reading recovered	romaji generated from recovered Reading in ENO style	gen(Reading)	high
vocabulary_senses	63334750-f5e1-4f78-9e18-2b711573356f	examples[1].id	この番組見る？	id		Mau menonton acara ini?	A-empty arti filled	arti translated from Japanese; en field cross-check	Japanese (primary) + existing en	medium-high
vocabulary_senses	63d1ab68-9dc2-4933-aab7-33868f110c5e	examples[0].reading	日本人ですか。	reading		にほんじん です か。	missing-reading recovered	Reading recovered from Japanese (Sudachi+ENO lexicon/conj) + manual review; segmented by final ENO rules	Japanese + ENO vocab term/reading + Sudachi + manual review	high
vocabulary_senses	63d1ab68-9dc2-4933-aab7-33868f110c5e	examples[0].romaji	日本人ですか。	romaji		Nihonjin desu ka.	missing-reading recovered	romaji generated from recovered Reading in ENO style	gen(Reading)	high
vocabulary_senses	63d1ab68-9dc2-4933-aab7-33868f110c5e	examples[0].id	日本人ですか。	id		Apakah Anda orang Jepang?	A-empty arti filled	arti translated from Japanese; en field cross-check	Japanese (primary) + existing en	medium-high
vocabulary_senses	63d1ab68-9dc2-4933-aab7-33868f110c5e	examples[1].reading	私は日本人です。	reading		わたし は にほんじん です。	missing-reading recovered	Reading recovered from Japanese (Sudachi+ENO lexicon/conj) + manual review; segmented by final ENO rules	Japanese + ENO vocab term/reading + Sudachi + manual review	high
vocabulary_senses	63d1ab68-9dc2-4933-aab7-33868f110c5e	examples[1].romaji	私は日本人です。	romaji		Watashi wa Nihonjin desu.	missing-reading recovered	romaji generated from recovered Reading in ENO style	gen(Reading)	high
vocabulary_senses	63d1ab68-9dc2-4933-aab7-33868f110c5e	examples[1].id	私は日本人です。	id		Saya orang Jepang.	A-empty arti filled	arti translated from Japanese; en field cross-check	Japanese (primary) + existing en	medium-high
vocabulary_senses	63dbfbb7-8e3b-48b4-bfc1-d51c9afb5686	examples[0].reading	水は一立方メートルあります。	reading		みず は いちりっぽう メートル あります。	missing-reading recovered	Reading recovered from Japanese (Sudachi+ENO lexicon/conj) + manual review; segmented by final ENO rules	Japanese + ENO vocab term/reading + Sudachi + manual review	high
vocabulary_senses	63dbfbb7-8e3b-48b4-bfc1-d51c9afb5686	examples[0].romaji	水は一立方メートルあります。	romaji		Mizu wa ichirippou meetoru arimasu.	missing-reading recovered	romaji generated from recovered Reading in ENO style	gen(Reading)	high
vocabulary_senses	64a712c1-d550-460f-8610-0436b1759193	examples[1].reading	トムはフランス語が結構うまいと思うよ。	reading		トム は フランスご が けっこう うまい と おもう よ。	missing-reading recovered	Reading recovered from Japanese (Sudachi+ENO lexicon/conj) + manual review; segmented by final ENO rules	Japanese + ENO vocab term/reading + Sudachi + manual review	high
vocabulary_senses	64a712c1-d550-460f-8610-0436b1759193	examples[1].romaji	トムはフランス語が結構うまいと思うよ。	romaji		Tomu wa Furansugo ga kekkou umai to omou yo.	missing-reading recovered	romaji generated from recovered Reading in ENO style	gen(Reading)	high
vocabulary_senses	64a712c1-d550-460f-8610-0436b1759193	examples[1].id	トムはフランス語が結構うまいと思うよ。	id		Menurutku Tom cukup pandai berbahasa Prancis.	A-empty arti filled	arti translated from Japanese; en field cross-check	Japanese (primary) + existing en	medium-high
vocabulary_senses	64debcc0-dbad-4ab6-9a5b-ca10df547726	examples[0].reading	アンケートにお答えいただいた方の中から、毎月抽選で30名様に1万円分の商品券をプレゼントいたします。	reading		アンケート に おこたえいただいた かた の なか から、まいつき ちゅうせん で さんじゅうめいさま に いちまんえんぶん の しょうひんけん を プレゼントいたします。	missing-reading recovered	Reading recovered from Japanese (Sudachi+ENO lexicon/conj) + manual review; segmented by final ENO rules	Japanese + ENO vocab term/reading + Sudachi + manual review	medium
vocabulary_senses	64debcc0-dbad-4ab6-9a5b-ca10df547726	examples[0].romaji	アンケートにお答えいただいた方の中から、毎月抽選で30名様に1万円分の商品券をプレゼントいたします。	romaji		Ankeeto ni okotaeitadaita kata no naka kara, maitsuki chuusen de sanjuumeisama ni ichiman'enbun no shouhinken o purezentoitashimasu.	missing-reading recovered	romaji generated from recovered Reading in ENO style	gen(Reading)	high
vocabulary_senses	64debcc0-dbad-4ab6-9a5b-ca10df547726	examples[0].id	アンケートにお答えいただいた方の中から、毎月抽選で30名様に1万円分の商品券をプレゼントいたします。	id		Dari para peserta yang menjawab survei, setiap bulan akan diundi 30 orang yang akan mendapat voucher belanja senilai 10.000 yen.	A-empty arti filled	arti translated from Japanese; en field cross-check	Japanese (primary) + existing en	medium-high
vocabulary_senses	64ea3b24-1815-447f-be45-4a6d20d8d10f	examples[0].reading	この荷物は十キログラムです。	reading		この にもつ は じゅうキログラム です。	missing-reading recovered	Reading recovered from Japanese (Sudachi+ENO lexicon/conj) + manual review; segmented by final ENO rules	Japanese + ENO vocab term/reading + Sudachi + manual review	high
vocabulary_senses	64ea3b24-1815-447f-be45-4a6d20d8d10f	examples[0].romaji	この荷物は十キログラムです。	romaji		Kono nimotsu wa juukiroguramu desu.	missing-reading recovered	romaji generated from recovered Reading in ENO style	gen(Reading)	high
vocabulary_senses	657d99ca-967b-47bc-82c8-1f71ec34bf6e	examples[1].reading	バスは五分後に発車します。	reading		バス は ごふんご に はっしゃします。	missing-reading recovered	Reading recovered from Japanese (Sudachi+ENO lexicon/conj) + manual review; segmented by final ENO rules	Japanese + ENO vocab term/reading + Sudachi + manual review	high
vocabulary_senses	657d99ca-967b-47bc-82c8-1f71ec34bf6e	examples[1].romaji	バスは五分後に発車します。	romaji		Basu wa gofungo ni hasshashimasu.	missing-reading recovered	romaji generated from recovered Reading in ENO style	gen(Reading)	high
vocabulary_senses	657d99ca-967b-47bc-82c8-1f71ec34bf6e	examples[1].id	バスは五分後に発車します。	id		Bus berangkat lima menit lagi.	A-empty arti filled	arti translated from Japanese; en field cross-check	Japanese (primary) + existing en	medium-high
vocabulary_senses	65b05af6-c5e7-4347-b6fa-241fb30c1406	examples[0].reading	水瓶座だよ。	reading		みずがめざ だ よ。	missing-reading recovered	Reading recovered from Japanese (Sudachi+ENO lexicon/conj) + manual review; segmented by final ENO rules	Japanese + ENO vocab term/reading + Sudachi + manual review	high
vocabulary_senses	65b05af6-c5e7-4347-b6fa-241fb30c1406	examples[0].romaji	水瓶座だよ。	romaji		Mizugameza da yo.	missing-reading recovered	romaji generated from recovered Reading in ENO style	gen(Reading)	high
vocabulary_senses	65b05af6-c5e7-4347-b6fa-241fb30c1406	examples[0].id	水瓶座だよ。	id		Aku berzodiak Aquarius.	A-empty arti filled	arti translated from Japanese; en field cross-check	Japanese (primary) + existing en	medium-high
vocabulary_senses	66ac9a55-adad-4837-88ef-c9255de69051	examples[0].reading	二度と現れるな！	reading		にどと あらわれるな！	missing-reading recovered	Reading recovered from Japanese (Sudachi+ENO lexicon/conj) + manual review; segmented by final ENO rules	Japanese + ENO vocab term/reading + Sudachi + manual review	high
vocabulary_senses	66ac9a55-adad-4837-88ef-c9255de69051	examples[0].romaji	二度と現れるな！	romaji		Nidoto arawareruna!	missing-reading recovered	romaji generated from recovered Reading in ENO style	gen(Reading)	high
vocabulary_senses	66ac9a55-adad-4837-88ef-c9255de69051	examples[0].id	二度と現れるな！	id		Jangan pernah muncul lagi!	A-empty arti filled	arti translated from Japanese; en field cross-check	Japanese (primary) + existing en	medium-high
vocabulary_senses	67c29394-04df-449a-81d2-ff31aaa4d697	examples[1].reading	表に出ようか。	reading		おもて に でよう か？	missing-reading recovered	Reading recovered from Japanese (Sudachi+ENO lexicon/conj) + manual review; segmented by final ENO rules	Japanese + ENO vocab term/reading + Sudachi + manual review	high
vocabulary_senses	67c29394-04df-449a-81d2-ff31aaa4d697	examples[1].romaji	表に出ようか。	romaji		Omote ni deyou ka?	missing-reading recovered	romaji generated from recovered Reading in ENO style	gen(Reading)	high
vocabulary_senses	67c29394-04df-449a-81d2-ff31aaa4d697	examples[1].id	表に出ようか。	id		Bagaimana kalau kita selesaikan di luar?	A-empty arti filled	arti translated from Japanese; en field cross-check	Japanese (primary) + existing en	medium-high
vocabulary_senses	68406e59-41af-471a-84c4-dad932aa5257	examples[1].reading	費用は最低一万円です。	reading		ひよう は さいてい いちまんえん です。	missing-reading recovered	Reading recovered from Japanese (Sudachi+ENO lexicon/conj) + manual review; segmented by final ENO rules	Japanese + ENO vocab term/reading + Sudachi + manual review	high
vocabulary_senses	68406e59-41af-471a-84c4-dad932aa5257	examples[1].romaji	費用は最低一万円です。	romaji		Hiyou wa saitei ichiman'en desu.	missing-reading recovered	romaji generated from recovered Reading in ENO style	gen(Reading)	high
vocabulary_senses	68406e59-41af-471a-84c4-dad932aa5257	examples[1].id	費用は最低一万円です。	id		Biayanya minimal 10.000 yen.	A-empty arti filled	arti translated from Japanese; en field cross-check	Japanese (primary) + existing en	medium-high
vocabulary_senses	68a6f900-9447-406b-bdc3-1df464e78a6b	examples[0].reading	祖母が昔話をしてくれました。	reading		そぼ が むかしばなし を して くれました。	missing-reading recovered	Reading recovered from Japanese (Sudachi+ENO lexicon/conj) + manual review; segmented by final ENO rules	Japanese + ENO vocab term/reading + Sudachi + manual review	high
vocabulary_senses	68a6f900-9447-406b-bdc3-1df464e78a6b	examples[0].romaji	祖母が昔話をしてくれました。	romaji		Sobo ga mukashibanashi o shite kuremashita.	missing-reading recovered	romaji generated from recovered Reading in ENO style	gen(Reading)	high
vocabulary_senses	68ce19df-aa9a-4fba-bf96-2281782810c0	examples[1].reading	３人欠席です。	reading		さんにん けっせき です。	missing-reading recovered	Reading recovered from Japanese (Sudachi+ENO lexicon/conj) + manual review; segmented by final ENO rules	Japanese + ENO vocab term/reading + Sudachi + manual review	medium
vocabulary_senses	68ce19df-aa9a-4fba-bf96-2281782810c0	examples[1].romaji	３人欠席です。	romaji		Sannin kesseki desu.	missing-reading recovered	romaji generated from recovered Reading in ENO style	gen(Reading)	high
vocabulary_senses	68ce19df-aa9a-4fba-bf96-2281782810c0	examples[1].id	３人欠席です。	id		Tiga orang tidak hadir.	A-empty arti filled	arti translated from Japanese; en field cross-check	Japanese (primary) + existing en	medium-high
vocabulary_senses	68d8cdad-4416-4709-b6a2-caa9bf8877dc	examples[0].reading	田舎育ちです。	reading		いなかそだち です。	missing-reading recovered	Reading recovered from Japanese (Sudachi+ENO lexicon/conj) + manual review; segmented by final ENO rules	Japanese + ENO vocab term/reading + Sudachi + manual review	high
vocabulary_senses	68d8cdad-4416-4709-b6a2-caa9bf8877dc	examples[0].romaji	田舎育ちです。	romaji		Inakasodachi desu.	missing-reading recovered	romaji generated from recovered Reading in ENO style	gen(Reading)	high
vocabulary_senses	68d8cdad-4416-4709-b6a2-caa9bf8877dc	examples[0].id	田舎育ちです。	id		Saya dibesarkan di pedesaan.	A-empty arti filled	arti translated from Japanese; en field cross-check	Japanese (primary) + existing en	medium-high
vocabulary_senses	68d8cdad-4416-4709-b6a2-caa9bf8877dc	examples[1].reading	田舎が好きかね。	reading		いなか が すき か ね。	missing-reading recovered	Reading recovered from Japanese (Sudachi+ENO lexicon/conj) + manual review; segmented by final ENO rules	Japanese + ENO vocab term/reading + Sudachi + manual review	high
vocabulary_senses	68d8cdad-4416-4709-b6a2-caa9bf8877dc	examples[1].romaji	田舎が好きかね。	romaji		Inaka ga suki ka ne.	missing-reading recovered	romaji generated from recovered Reading in ENO style	gen(Reading)	high
vocabulary_senses	68d8cdad-4416-4709-b6a2-caa9bf8877dc	examples[1].id	田舎が好きかね。	id		Apakah kamu suka daerah pedesaan?	A-empty arti filled	arti translated from Japanese; en field cross-check	Japanese (primary) + existing en	medium-high
vocabulary_senses	69ec160b-4668-4d14-a45f-713ec7331927	examples[0].reading	最低気温は五度です。	reading		さいていきおん は ごど です。	missing-reading recovered	Reading recovered from Japanese (Sudachi+ENO lexicon/conj) + manual review; segmented by final ENO rules	Japanese + ENO vocab term/reading + Sudachi + manual review	high
vocabulary_senses	69ec160b-4668-4d14-a45f-713ec7331927	examples[0].romaji	最低気温は五度です。	romaji		Saiteikion wa godo desu.	missing-reading recovered	romaji generated from recovered Reading in ENO style	gen(Reading)	high
vocabulary_senses	6a9edd4f-0930-4751-8ee8-b5c01032d504	examples[0].reading	楽器は弾ける？	reading		がっき は ひける？	missing-reading recovered	Reading recovered from Japanese (Sudachi+ENO lexicon/conj) + manual review; segmented by final ENO rules	Japanese + ENO vocab term/reading + Sudachi + manual review	high
vocabulary_senses	6a9edd4f-0930-4751-8ee8-b5c01032d504	examples[0].romaji	楽器は弾ける？	romaji		Gakki wa hikeru?	missing-reading recovered	romaji generated from recovered Reading in ENO style	gen(Reading)	high
vocabulary_senses	6a9edd4f-0930-4751-8ee8-b5c01032d504	examples[1].reading	弾き方わかる？	reading		ひきかた わかる？	missing-reading recovered	Reading recovered from Japanese (Sudachi+ENO lexicon/conj) + manual review; segmented by final ENO rules	Japanese + ENO vocab term/reading + Sudachi + manual review	high
vocabulary_senses	6a9edd4f-0930-4751-8ee8-b5c01032d504	examples[1].romaji	弾き方わかる？	romaji		Hikikata wakaru?	missing-reading recovered	romaji generated from recovered Reading in ENO style	gen(Reading)	high
vocabulary_senses	6a9edd4f-0930-4751-8ee8-b5c01032d504	examples[1].id	弾き方わかる？	id		Tahu cara memainkannya?	A-empty arti filled	arti translated from Japanese; en field cross-check	Japanese (primary) + existing en	medium-high
vocabulary_senses	6ce0f058-70f9-483f-87af-5d9451248e43	examples[0].reading	従兄弟が３人います。	reading		いとこ が さんにん います。	missing-reading recovered	Reading recovered from Japanese (Sudachi+ENO lexicon/conj) + manual review; segmented by final ENO rules	Japanese + ENO vocab term/reading + Sudachi + manual review	medium
vocabulary_senses	6ce0f058-70f9-483f-87af-5d9451248e43	examples[0].romaji	従兄弟が３人います。	romaji		Itoko ga sannin imasu.	missing-reading recovered	romaji generated from recovered Reading in ENO style	gen(Reading)	high
vocabulary_senses	6ce0f058-70f9-483f-87af-5d9451248e43	examples[0].id	従兄弟が３人います。	id		Saya punya tiga sepupu.	A-empty arti filled	arti translated from Japanese; en field cross-check	Japanese (primary) + existing en	medium-high
vocabulary_senses	6f405611-de0d-474d-9d10-d866e3163bbb	examples[1].reading	彼は来客攻めにあった。	reading		かれ は らいきゃくぜめ に あった。	missing-reading recovered	Reading recovered from Japanese (Sudachi+ENO lexicon/conj) + manual review; segmented by final ENO rules	Japanese + ENO vocab term/reading + Sudachi + manual review	high
vocabulary_senses	6f405611-de0d-474d-9d10-d866e3163bbb	examples[1].romaji	彼は来客攻めにあった。	romaji		Kare wa raikyakuzeme ni atta.	missing-reading recovered	romaji generated from recovered Reading in ENO style	gen(Reading)	high
vocabulary_senses	6f405611-de0d-474d-9d10-d866e3163bbb	examples[1].id	彼は来客攻めにあった。	id		Dia dikerubuti tamu yang datang bertubi-tubi.	A-empty arti filled	arti translated from Japanese; en field cross-check	Japanese (primary) + existing en	medium-high
vocabulary_senses	6fe29a73-f492-431f-9d9e-5158fc6f68a7	examples[0].reading	九時間寝た。	reading		くじかん ねた。	missing-reading recovered	Reading recovered from Japanese (Sudachi+ENO lexicon/conj) + manual review; segmented by final ENO rules	Japanese + ENO vocab term/reading + Sudachi + manual review	high
vocabulary_senses	6fe29a73-f492-431f-9d9e-5158fc6f68a7	examples[0].romaji	九時間寝た。	romaji		Kujikan neta.	missing-reading recovered	romaji generated from recovered Reading in ENO style	gen(Reading)	high
vocabulary_senses	6fe29a73-f492-431f-9d9e-5158fc6f68a7	examples[0].id	九時間寝た。	id		Saya tidur selama sembilan jam.	A-empty arti filled	arti translated from Japanese; en field cross-check	Japanese (primary) + existing en	medium-high
vocabulary_senses	6fe29a73-f492-431f-9d9e-5158fc6f68a7	examples[1].reading	猫に九生あり。	reading		ねこ に きゅうしょう あり。	missing-reading recovered	Reading recovered from Japanese (Sudachi+ENO lexicon/conj) + manual review; segmented by final ENO rules	Japanese + ENO vocab term/reading + Sudachi + manual review	high
vocabulary_senses	6fe29a73-f492-431f-9d9e-5158fc6f68a7	examples[1].romaji	猫に九生あり。	romaji		Neko ni kyuushou ari.	missing-reading recovered	romaji generated from recovered Reading in ENO style	gen(Reading)	high
vocabulary_senses	6fe29a73-f492-431f-9d9e-5158fc6f68a7	examples[1].id	猫に九生あり。	id		Kucing punya sembilan nyawa.	A-empty arti filled	arti translated from Japanese; en field cross-check	Japanese (primary) + existing en	medium-high
vocabulary_senses	71062ca9-24e6-4df5-ab1b-7b2b6e2cb62e	examples[0].reading	来て下さい。	reading		きて ください。	missing-reading recovered	Reading recovered from Japanese (Sudachi+ENO lexicon/conj) + manual review; segmented by final ENO rules	Japanese + ENO vocab term/reading + Sudachi + manual review	high
vocabulary_senses	71062ca9-24e6-4df5-ab1b-7b2b6e2cb62e	examples[0].romaji	来て下さい。	romaji		Kite kudasai.	missing-reading recovered	romaji generated from recovered Reading in ENO style	gen(Reading)	high
vocabulary_senses	71062ca9-24e6-4df5-ab1b-7b2b6e2cb62e	examples[0].id	来て下さい。	id		Silakan datang.	A-empty arti filled	arti translated from Japanese; en field cross-check	Japanese (primary) + existing en	medium-high
vocabulary_senses	71062ca9-24e6-4df5-ab1b-7b2b6e2cb62e	examples[1].reading	彼も来ない。	reading		かれ も こない。	missing-reading recovered	Reading recovered from Japanese (Sudachi+ENO lexicon/conj) + manual review; segmented by final ENO rules	Japanese + ENO vocab term/reading + Sudachi + manual review	high
vocabulary_senses	71062ca9-24e6-4df5-ab1b-7b2b6e2cb62e	examples[1].romaji	彼も来ない。	romaji		Kare mo konai.	missing-reading recovered	romaji generated from recovered Reading in ENO style	gen(Reading)	high
vocabulary_senses	71062ca9-24e6-4df5-ab1b-7b2b6e2cb62e	examples[1].id	彼も来ない。	id		Dia juga tidak datang.	A-empty arti filled	arti translated from Japanese; en field cross-check	Japanese (primary) + existing en	medium-high
vocabulary_senses	7171796e-f022-4956-a554-a7735f5a21b9	examples[1].reading	彼は４月に日本を離れる。	reading		かれ は しがつ に にほん を はなれる。	missing-reading recovered	Reading recovered from Japanese (Sudachi+ENO lexicon/conj) + manual review; segmented by final ENO rules	Japanese + ENO vocab term/reading + Sudachi + manual review	medium
vocabulary_senses	7171796e-f022-4956-a554-a7735f5a21b9	examples[1].romaji	彼は４月に日本を離れる。	romaji		Kare wa shigatsu ni Nihon o hanareru.	missing-reading recovered	romaji generated from recovered Reading in ENO style	gen(Reading)	high
vocabulary_senses	7171796e-f022-4956-a554-a7735f5a21b9	examples[1].id	彼は４月に日本を離れる。	id		Dia akan meninggalkan Jepang pada bulan April.	A-empty arti filled	arti translated from Japanese; en field cross-check	Japanese (primary) + existing en	medium-high
vocabulary_senses	718d06ba-612a-40e4-a14f-85b91d5d5ab3	examples[1].reading	どうして貴方は嘘を吐くの？	reading		どうして あなた は うそ を つく の？	missing-reading recovered	Reading recovered from Japanese (Sudachi+ENO lexicon/conj) + manual review; segmented by final ENO rules	Japanese + ENO vocab term/reading + Sudachi + manual review	high
vocabulary_senses	718d06ba-612a-40e4-a14f-85b91d5d5ab3	examples[1].romaji	どうして貴方は嘘を吐くの？	romaji		Doushite anata wa uso o tsuku no?	missing-reading recovered	romaji generated from recovered Reading in ENO style	gen(Reading)	high
vocabulary_senses	718d06ba-612a-40e4-a14f-85b91d5d5ab3	examples[1].id	どうして貴方は嘘を吐くの？	id		Mengapa kamu berbohong?	A-empty arti filled	arti translated from Japanese; en field cross-check	Japanese (primary) + existing en	medium-high
vocabulary_senses	729db9a1-0b95-4c29-a99b-ac7c17956ef8	examples[0].reading	島の面積は百平方キロメートルです。	reading		しま の めんせき は ひゃくへいほう キロメートル です。	missing-reading recovered	Reading recovered from Japanese (Sudachi+ENO lexicon/conj) + manual review; segmented by final ENO rules	Japanese + ENO vocab term/reading + Sudachi + manual review	high
vocabulary_senses	729db9a1-0b95-4c29-a99b-ac7c17956ef8	examples[0].romaji	島の面積は百平方キロメートルです。	romaji		Shima no menseki wa hyakuheihou kiromeetoru desu.	missing-reading recovered	romaji generated from recovered Reading in ENO style	gen(Reading)	high
vocabulary_senses	73550f08-7cec-4ed9-a678-04b7880901ca	examples[0].reading	私はその金額の２倍払った。	reading		わたし は その きんがく の にばい はらった。	missing-reading recovered	Reading recovered from Japanese (Sudachi+ENO lexicon/conj) + manual review; segmented by final ENO rules	Japanese + ENO vocab term/reading + Sudachi + manual review	medium
vocabulary_senses	73550f08-7cec-4ed9-a678-04b7880901ca	examples[0].romaji	私はその金額の２倍払った。	romaji		Watashi wa sono kingaku no nibai haratta.	missing-reading recovered	romaji generated from recovered Reading in ENO style	gen(Reading)	high
vocabulary_senses	73550f08-7cec-4ed9-a678-04b7880901ca	examples[0].id	私はその金額の２倍払った。	id		Saya membayar dua kali lipat jumlah itu.	A-empty arti filled	arti translated from Japanese; en field cross-check	Japanese (primary) + existing en	medium-high
vocabulary_senses	7429a984-9940-4124-beda-b93561531182	examples[0].reading	一週間後に写真ができます。	reading		いっしゅうかんご に しゃしん が できます。	missing-reading recovered	Reading recovered from Japanese (Sudachi+ENO lexicon/conj) + manual review; segmented by final ENO rules	Japanese + ENO vocab term/reading + Sudachi + manual review	high
vocabulary_senses	7429a984-9940-4124-beda-b93561531182	examples[0].romaji	一週間後に写真ができます。	romaji		Isshuukango ni shashin ga dekimasu.	missing-reading recovered	romaji generated from recovered Reading in ENO style	gen(Reading)	high
vocabulary_senses	7488b538-c71a-45a5-8bbf-6b0333e03e6a	examples[0].reading	時間をもう一度確かめます。	reading		じかん を もう いちど たしかめます。	missing-reading recovered	Reading recovered from Japanese (Sudachi+ENO lexicon/conj) + manual review; segmented by final ENO rules	Japanese + ENO vocab term/reading + Sudachi + manual review	high
vocabulary_senses	7488b538-c71a-45a5-8bbf-6b0333e03e6a	examples[0].romaji	時間をもう一度確かめます。	romaji		Jikan o mou ichido tashikamemasu.	missing-reading recovered	romaji generated from recovered Reading in ENO style	gen(Reading)	high
vocabulary_senses	74e42968-bda5-4c23-9f17-42d0843e8271	examples[0].reading	これは悪い兆候だ。	reading		これ は わるい ちょうこう だ。	missing-reading recovered	Reading recovered from Japanese (Sudachi+ENO lexicon/conj) + manual review; segmented by final ENO rules	Japanese + ENO vocab term/reading + Sudachi + manual review	high
vocabulary_senses	74e42968-bda5-4c23-9f17-42d0843e8271	examples[0].romaji	これは悪い兆候だ。	romaji		Kore wa warui choukou da.	missing-reading recovered	romaji generated from recovered Reading in ENO style	gen(Reading)	high
vocabulary_senses	74e42968-bda5-4c23-9f17-42d0843e8271	examples[0].id	これは悪い兆候だ。	id		Ini pertanda buruk.	A-empty arti filled	arti translated from Japanese; en field cross-check	Japanese (primary) + existing en	medium-high
vocabulary_senses	76168c33-c9b4-49dd-93bd-52a6facc489a	examples[0].reading	とても心細いです。	reading		とても こころぼそい です。	missing-reading recovered	Reading recovered from Japanese (Sudachi+ENO lexicon/conj) + manual review; segmented by final ENO rules	Japanese + ENO vocab term/reading + Sudachi + manual review	high
vocabulary_senses	76168c33-c9b4-49dd-93bd-52a6facc489a	examples[0].romaji	とても心細いです。	romaji		Totemo kokorobosoi desu.	missing-reading recovered	romaji generated from recovered Reading in ENO style	gen(Reading)	high
vocabulary_senses	76168c33-c9b4-49dd-93bd-52a6facc489a	examples[0].id	とても心細いです。	id		Saya merasa sangat cemas dan sendirian.	A-empty arti filled	arti translated from Japanese; en field cross-check	Japanese (primary) + existing en	medium-high
vocabulary_senses	76168c33-c9b4-49dd-93bd-52a6facc489a	examples[1].reading	君がいないと心細い。	reading		きみ が いない と こころぼそい。	missing-reading recovered	Reading recovered from Japanese (Sudachi+ENO lexicon/conj) + manual review; segmented by final ENO rules	Japanese + ENO vocab term/reading + Sudachi + manual review	high
vocabulary_senses	76168c33-c9b4-49dd-93bd-52a6facc489a	examples[1].romaji	君がいないと心細い。	romaji		Kimi ga inai to kokorobosoi.	missing-reading recovered	romaji generated from recovered Reading in ENO style	gen(Reading)	high
vocabulary_senses	76168c33-c9b4-49dd-93bd-52a6facc489a	examples[1].id	君がいないと心細い。	id		Kalau kamu tidak ada, aku merasa tidak tenang.	A-empty arti filled	arti translated from Japanese; en field cross-check	Japanese (primary) + existing en	medium-high
vocabulary_senses	763c2047-9f91-45e0-969b-a07f3f49a3cf	examples[0].reading	一ミリメートルずれています。	reading		いちミリメートル ずれて います。	missing-reading recovered	Reading recovered from Japanese (Sudachi+ENO lexicon/conj) + manual review; segmented by final ENO rules	Japanese + ENO vocab term/reading + Sudachi + manual review	high
vocabulary_senses	763c2047-9f91-45e0-969b-a07f3f49a3cf	examples[0].romaji	一ミリメートルずれています。	romaji		Ichimirimeetoru zurete imasu.	missing-reading recovered	romaji generated from recovered Reading in ENO style	gen(Reading)	high
vocabulary_senses	76c55f54-8c0c-42f6-bb06-da9d298df68b	examples[1].reading	第３次世界大戦が起こるのかしら。	reading		だいさんじ せかいたいせん が おこる の かしら。	missing-reading recovered	Reading recovered from Japanese (Sudachi+ENO lexicon/conj) + manual review; segmented by final ENO rules	Japanese + ENO vocab term/reading + Sudachi + manual review	medium
vocabulary_senses	76c55f54-8c0c-42f6-bb06-da9d298df68b	examples[1].romaji	第３次世界大戦が起こるのかしら。	romaji		Daisanji sekaitaisen ga okoru no kashira.	missing-reading recovered	romaji generated from recovered Reading in ENO style	gen(Reading)	high
vocabulary_senses	76c55f54-8c0c-42f6-bb06-da9d298df68b	examples[1].id	第３次世界大戦が起こるのかしら。	id		Apakah Perang Dunia Ketiga akan pecah, ya?	A-empty arti filled	arti translated from Japanese; en field cross-check	Japanese (primary) + existing en	medium-high
vocabulary_senses	771e3d4b-0faa-4c2d-879c-691d3be3ce27	examples[0].reading	ボブは十中八九、入学試験に失敗するだろう。	reading		ボブ は じっちゅうはっく、にゅうがくしけん に しっぱいする だろう。	missing-reading recovered	Reading recovered from Japanese (Sudachi+ENO lexicon/conj) + manual review; segmented by final ENO rules	Japanese + ENO vocab term/reading + Sudachi + manual review	high
vocabulary_senses	771e3d4b-0faa-4c2d-879c-691d3be3ce27	examples[0].romaji	ボブは十中八九、入学試験に失敗するだろう。	romaji		Bobu wa jicchuuhakku, nyuugakushiken ni shippaisuru darou.	missing-reading recovered	romaji generated from recovered Reading in ENO style	gen(Reading)	high
vocabulary_senses	777221f6-b1d3-41aa-8614-43ec69200a48	examples[0].reading	彼らは工場で働いた。	reading		かれら は こうじょう で はたらいた。	missing-reading recovered	Reading recovered from Japanese (Sudachi+ENO lexicon/conj) + manual review; segmented by final ENO rules	Japanese + ENO vocab term/reading + Sudachi + manual review	high
vocabulary_senses	777221f6-b1d3-41aa-8614-43ec69200a48	examples[0].romaji	彼らは工場で働いた。	romaji		Karera wa koujou de hataraita.	missing-reading recovered	romaji generated from recovered Reading in ENO style	gen(Reading)	high
vocabulary_senses	777221f6-b1d3-41aa-8614-43ec69200a48	examples[0].id	彼らは工場で働いた。	id		Mereka bekerja di pabrik.	A-empty arti filled	arti translated from Japanese; en field cross-check	Japanese (primary) + existing en	medium-high
vocabulary_senses	777221f6-b1d3-41aa-8614-43ec69200a48	examples[1].reading	川崎には工場が多い。	reading		かわさき には こうじょう が おおい。	missing-reading recovered	Reading recovered from Japanese (Sudachi+ENO lexicon/conj) + manual review; segmented by final ENO rules	Japanese + ENO vocab term/reading + Sudachi + manual review	high
vocabulary_senses	777221f6-b1d3-41aa-8614-43ec69200a48	examples[1].romaji	川崎には工場が多い。	romaji		Kawasaki ni wa koujou ga ooi.	missing-reading recovered	romaji generated from recovered Reading in ENO style	gen(Reading)	high
vocabulary_senses	777221f6-b1d3-41aa-8614-43ec69200a48	examples[1].id	川崎には工場が多い。	id		Di Kawasaki ada banyak pabrik.	A-empty arti filled	arti translated from Japanese; en field cross-check	Japanese (primary) + existing en	medium-high
vocabulary_senses	78aeb3e3-c7a5-47bf-a8d1-39a9acca30db	examples[0].reading	彼は金髪だ。	reading		かれ は きんぱつ だ。	missing-reading recovered	Reading recovered from Japanese (Sudachi+ENO lexicon/conj) + manual review; segmented by final ENO rules	Japanese + ENO vocab term/reading + Sudachi + manual review	high
vocabulary_senses	78aeb3e3-c7a5-47bf-a8d1-39a9acca30db	examples[0].romaji	彼は金髪だ。	romaji		Kare wa kinpatsu da.	missing-reading recovered	romaji generated from recovered Reading in ENO style	gen(Reading)	high
vocabulary_senses	78aeb3e3-c7a5-47bf-a8d1-39a9acca30db	examples[0].id	彼は金髪だ。	id		Dia berambut pirang.	A-empty arti filled	arti translated from Japanese; en field cross-check	Japanese (primary) + existing en	medium-high
vocabulary_senses	78aeb3e3-c7a5-47bf-a8d1-39a9acca30db	examples[1].reading	金欠なんだ。	reading		きんけつ なんだ。	missing-reading recovered	Reading recovered from Japanese (Sudachi+ENO lexicon/conj) + manual review; segmented by final ENO rules	Japanese + ENO vocab term/reading + Sudachi + manual review	high
vocabulary_senses	78aeb3e3-c7a5-47bf-a8d1-39a9acca30db	examples[1].romaji	金欠なんだ。	romaji		Kinketsu nanda.	missing-reading recovered	romaji generated from recovered Reading in ENO style	gen(Reading)	high
vocabulary_senses	78aeb3e3-c7a5-47bf-a8d1-39a9acca30db	examples[1].id	金欠なんだ。	id		Aku lagi kehabisan uang.	A-empty arti filled	arti translated from Japanese; en field cross-check	Japanese (primary) + existing en	medium-high
vocabulary_senses	78ba643f-ae4b-4b56-a0de-4d263e097662	examples[0].reading	この小説は三部構成だ。	reading		この しょうせつ は さんぶこうせい だ。	missing-reading recovered	Reading recovered from Japanese (Sudachi+ENO lexicon/conj) + manual review; segmented by final ENO rules	Japanese + ENO vocab term/reading + Sudachi + manual review	high
vocabulary_senses	78ba643f-ae4b-4b56-a0de-4d263e097662	examples[0].romaji	この小説は三部構成だ。	romaji		Kono shousetsu wa sanbukousei da.	missing-reading recovered	romaji generated from recovered Reading in ENO style	gen(Reading)	high
vocabulary_senses	78ba643f-ae4b-4b56-a0de-4d263e097662	examples[0].id	この小説は三部構成だ。	id		Novel ini terdiri dari tiga bagian.	A-empty arti filled	arti translated from Japanese; en field cross-check	Japanese (primary) + existing en	medium-high
vocabulary_senses	78ba643f-ae4b-4b56-a0de-4d263e097662	examples[1].reading	委員会は十名で構成されている。	reading		いいんかい は じゅうめい で こうせいされて いる。	missing-reading recovered	Reading recovered from Japanese (Sudachi+ENO lexicon/conj) + manual review; segmented by final ENO rules	Japanese + ENO vocab term/reading + Sudachi + manual review	high
vocabulary_senses	78ba643f-ae4b-4b56-a0de-4d263e097662	examples[1].romaji	委員会は十名で構成されている。	romaji		Iinkai wa juumei de kouseisarete iru.	missing-reading recovered	romaji generated from recovered Reading in ENO style	gen(Reading)	high
vocabulary_senses	78ba643f-ae4b-4b56-a0de-4d263e097662	examples[1].id	委員会は十名で構成されている。	id		Komite itu terdiri dari sepuluh orang.	A-empty arti filled	arti translated from Japanese; en field cross-check	Japanese (primary) + existing en	medium-high
vocabulary_senses	79043472-c9ee-4aaf-a198-41697b552945	examples[1].reading	私はこの計画を実施するつもりです。	reading		わたし は この けいかく を じっしする つもり です。	missing-reading recovered	Reading recovered from Japanese (Sudachi+ENO lexicon/conj) + manual review; segmented by final ENO rules	Japanese + ENO vocab term/reading + Sudachi + manual review	high
vocabulary_senses	79043472-c9ee-4aaf-a198-41697b552945	examples[1].romaji	私はこの計画を実施するつもりです。	romaji		Watashi wa kono keikaku o jisshisuru tsumori desu.	missing-reading recovered	romaji generated from recovered Reading in ENO style	gen(Reading)	high
vocabulary_senses	79043472-c9ee-4aaf-a198-41697b552945	examples[1].id	私はこの計画を実施するつもりです。	id		Saya bermaksud melaksanakan rencana ini.	A-empty arti filled	arti translated from Japanese; en field cross-check	Japanese (primary) + existing en	medium-high
vocabulary_senses	7b31d712-3172-43ee-bbb5-6809f323b512	examples[1].reading	まず京都にいく。	reading		まず きょうと に いく。	missing-reading recovered	Reading recovered from Japanese (Sudachi+ENO lexicon/conj) + manual review; segmented by final ENO rules	Japanese + ENO vocab term/reading + Sudachi + manual review	high
vocabulary_senses	7b31d712-3172-43ee-bbb5-6809f323b512	examples[1].romaji	まず京都にいく。	romaji		Mazu Kyouto ni iku.	missing-reading recovered	romaji generated from recovered Reading in ENO style	gen(Reading)	high
vocabulary_senses	7b31d712-3172-43ee-bbb5-6809f323b512	examples[1].id	まず京都にいく。	id		Pertama-tama kita pergi ke Kyoto.	A-empty arti filled	arti translated from Japanese; en field cross-check	Japanese (primary) + existing en	medium-high
vocabulary_senses	7c9bc4aa-00eb-4316-9a09-81f0a8abf5a4	examples[0].reading	七時を過ぎました。	reading		しちじ を すぎました。	missing-reading recovered	Reading recovered from Japanese (Sudachi+ENO lexicon/conj) + manual review; segmented by final ENO rules	Japanese + ENO vocab term/reading + Sudachi + manual review	high
vocabulary_senses	7c9bc4aa-00eb-4316-9a09-81f0a8abf5a4	examples[0].romaji	七時を過ぎました。	romaji		Shichiji o sugimashita.	missing-reading recovered	romaji generated from recovered Reading in ENO style	gen(Reading)	high
vocabulary_senses	7cf2b001-5ff8-4ffd-b8f3-7e9d57541431	examples[0].reading	毎日五個ずつ覚えます。	reading		まいにち ごこ ずつ おぼえます。	missing-reading recovered	Reading recovered from Japanese (Sudachi+ENO lexicon/conj) + manual review; segmented by final ENO rules	Japanese + ENO vocab term/reading + Sudachi + manual review	high
vocabulary_senses	7cf2b001-5ff8-4ffd-b8f3-7e9d57541431	examples[0].romaji	毎日五個ずつ覚えます。	romaji		Mainichi goko zutsu oboemasu.	missing-reading recovered	romaji generated from recovered Reading in ENO style	gen(Reading)	high
vocabulary_senses	7d8f6b08-5b34-4833-a669-4da611ff99f4	examples[0].reading	たまねぎを四分の一使います。	reading		たまねぎ を よんぶん の いち つかいます。	missing-reading recovered	Reading recovered from Japanese (Sudachi+ENO lexicon/conj) + manual review; segmented by final ENO rules	Japanese + ENO vocab term/reading + Sudachi + manual review	high
vocabulary_senses	7d8f6b08-5b34-4833-a669-4da611ff99f4	examples[0].romaji	たまねぎを四分の一使います。	romaji		Tamanegi o yonbun no ichi tsukaimasu.	missing-reading recovered	romaji generated from recovered Reading in ENO style	gen(Reading)	high
vocabulary_senses	7fe0667d-8863-4648-9546-81eb89083407	examples[0].reading	お幾つですか？	reading		おいくつ です か？	missing-reading recovered	Reading recovered from Japanese (Sudachi+ENO lexicon/conj) + manual review; segmented by final ENO rules	Japanese + ENO vocab term/reading + Sudachi + manual review	high
vocabulary_senses	7fe0667d-8863-4648-9546-81eb89083407	examples[0].romaji	お幾つですか？	romaji		Oikutsu desu ka?	missing-reading recovered	romaji generated from recovered Reading in ENO style	gen(Reading)	high
vocabulary_senses	7fe0667d-8863-4648-9546-81eb89083407	examples[0].id	お幾つですか？	id		Berapa umur Anda?	A-empty arti filled	arti translated from Japanese; en field cross-check	Japanese (primary) + existing en	medium-high
vocabulary_senses	7fe0667d-8863-4648-9546-81eb89083407	examples[1].reading	靴は幾つある？	reading		くつ は いくつ ある？	missing-reading recovered	Reading recovered from Japanese (Sudachi+ENO lexicon/conj) + manual review; segmented by final ENO rules	Japanese + ENO vocab term/reading + Sudachi + manual review	high
vocabulary_senses	7fe0667d-8863-4648-9546-81eb89083407	examples[1].romaji	靴は幾つある？	romaji		Kutsu wa ikutsu aru?	missing-reading recovered	romaji generated from recovered Reading in ENO style	gen(Reading)	high
vocabulary_senses	7fe0667d-8863-4648-9546-81eb89083407	examples[1].id	靴は幾つある？	id		Ada berapa sepatu?	A-empty arti filled	arti translated from Japanese; en field cross-check	Japanese (primary) + existing en	medium-high
vocabulary_senses	8007a389-4daf-4c4d-93fb-7acf59cbe818	examples[0].reading	彼は教育畑で育った。	reading		かれ は きょういくばたけ で そだった。	missing-reading recovered	Reading recovered from Japanese (Sudachi+ENO lexicon/conj) + manual review; segmented by final ENO rules	Japanese + ENO vocab term/reading + Sudachi + manual review	high
vocabulary_senses	8007a389-4daf-4c4d-93fb-7acf59cbe818	examples[0].romaji	彼は教育畑で育った。	romaji		Kare wa kyouikubatake de sodatta.	missing-reading recovered	romaji generated from recovered Reading in ENO style	gen(Reading)	high
vocabulary_senses	8007a389-4daf-4c4d-93fb-7acf59cbe818	examples[0].id	彼は教育畑で育った。	id		Dia tumbuh dan berkarier di bidang pendidikan.	A-empty arti filled	arti translated from Japanese; en field cross-check	Japanese (primary) + existing en	medium-high
vocabulary_senses	80a3bd39-95fc-4403-bb08-f0f0edf7fab0	examples[0].reading	体操服に着替えるのやだな。	reading		たいそうふく に きがえる の やだ な。	missing-reading recovered	Reading recovered from Japanese (Sudachi+ENO lexicon/conj) + manual review; segmented by final ENO rules	Japanese + ENO vocab term/reading + Sudachi + manual review	high
vocabulary_senses	80a3bd39-95fc-4403-bb08-f0f0edf7fab0	examples[0].romaji	体操服に着替えるのやだな。	romaji		Taisoufuku ni kigaeru no yada na.	missing-reading recovered	romaji generated from recovered Reading in ENO style	gen(Reading)	high
vocabulary_senses	80a3bd39-95fc-4403-bb08-f0f0edf7fab0	examples[0].id	体操服に着替えるのやだな。	id		Aku tidak suka ganti baju olahraga.	A-empty arti filled	arti translated from Japanese; en field cross-check	Japanese (primary) + existing en	medium-high
vocabulary_senses	80a3bd39-95fc-4403-bb08-f0f0edf7fab0	examples[1].reading	私は着替える為に家に帰った。	reading		わたし は きがえる ため に いえ に かえった。	missing-reading recovered	Reading recovered from Japanese (Sudachi+ENO lexicon/conj) + manual review; segmented by final ENO rules	Japanese + ENO vocab term/reading + Sudachi + manual review	high
vocabulary_senses	80a3bd39-95fc-4403-bb08-f0f0edf7fab0	examples[1].romaji	私は着替える為に家に帰った。	romaji		Watashi wa kigaeru tame ni ie ni kaetta.	missing-reading recovered	romaji generated from recovered Reading in ENO style	gen(Reading)	high
vocabulary_senses	80a3bd39-95fc-4403-bb08-f0f0edf7fab0	examples[1].id	私は着替える為に家に帰った。	id		Saya pulang ke rumah untuk berganti pakaian.	A-empty arti filled	arti translated from Japanese; en field cross-check	Japanese (primary) + existing en	medium-high
vocabulary_senses	8158a38e-ab14-410b-bc71-940c96cba830	examples[0].reading	御免なさい。	reading		ごめんなさい。	missing-reading recovered	Reading recovered from Japanese (Sudachi+ENO lexicon/conj) + manual review; segmented by final ENO rules	Japanese + ENO vocab term/reading + Sudachi + manual review	high
vocabulary_senses	8158a38e-ab14-410b-bc71-940c96cba830	examples[0].romaji	御免なさい。	romaji		Gomennasai.	missing-reading recovered	romaji generated from recovered Reading in ENO style	gen(Reading)	high
vocabulary_senses	8158a38e-ab14-410b-bc71-940c96cba830	examples[1].reading	防御が崩れた。	reading		ぼうぎょ が くずれた。	missing-reading recovered	Reading recovered from Japanese (Sudachi+ENO lexicon/conj) + manual review; segmented by final ENO rules	Japanese + ENO vocab term/reading + Sudachi + manual review	high
vocabulary_senses	8158a38e-ab14-410b-bc71-940c96cba830	examples[1].romaji	防御が崩れた。	romaji		Bougyo ga kuzureta.	missing-reading recovered	romaji generated from recovered Reading in ENO style	gen(Reading)	high
vocabulary_senses	8158a38e-ab14-410b-bc71-940c96cba830	examples[1].id	防御が崩れた。	id		Pertahanan mereka runtuh.	A-empty arti filled	arti translated from Japanese; en field cross-check	Japanese (primary) + existing en	medium-high
vocabulary_senses	817d113d-5627-4128-9af2-1fc3d9191d1d	examples[0].reading	バスは八時に駅を出発します。	reading		バス は はちじ に えき を しゅっぱつします。	missing-reading recovered	Reading recovered from Japanese (Sudachi+ENO lexicon/conj) + manual review; segmented by final ENO rules	Japanese + ENO vocab term/reading + Sudachi + manual review	high
vocabulary_senses	817d113d-5627-4128-9af2-1fc3d9191d1d	examples[0].romaji	バスは八時に駅を出発します。	romaji		Basu wa hachiji ni eki o shuppatsushimasu.	missing-reading recovered	romaji generated from recovered Reading in ENO style	gen(Reading)	high
vocabulary_senses	817e0190-6963-437b-88b0-a3d989422d96	examples[0].reading	日本人ですか。	reading		にほんじん です か。	missing-reading recovered	Reading recovered from Japanese (Sudachi+ENO lexicon/conj) + manual review; segmented by final ENO rules	Japanese + ENO vocab term/reading + Sudachi + manual review	high
vocabulary_senses	817e0190-6963-437b-88b0-a3d989422d96	examples[0].romaji	日本人ですか。	romaji		Nihonjin desu ka.	missing-reading recovered	romaji generated from recovered Reading in ENO style	gen(Reading)	high
vocabulary_senses	817e0190-6963-437b-88b0-a3d989422d96	examples[0].id	日本人ですか。	id		Apakah Anda orang Jepang?	A-empty arti filled	arti translated from Japanese; en field cross-check	Japanese (primary) + existing en	medium-high
vocabulary_senses	817e0190-6963-437b-88b0-a3d989422d96	examples[1].reading	日本は島国だ。	reading		にほん は しまぐに だ。	missing-reading recovered	Reading recovered from Japanese (Sudachi+ENO lexicon/conj) + manual review; segmented by final ENO rules	Japanese + ENO vocab term/reading + Sudachi + manual review	high
vocabulary_senses	817e0190-6963-437b-88b0-a3d989422d96	examples[1].romaji	日本は島国だ。	romaji		Nihon wa shimaguni da.	missing-reading recovered	romaji generated from recovered Reading in ENO style	gen(Reading)	high
vocabulary_senses	817e0190-6963-437b-88b0-a3d989422d96	examples[1].id	日本は島国だ。	id		Jepang adalah negara kepulauan.	A-empty arti filled	arti translated from Japanese; en field cross-check	Japanese (primary) + existing en	medium-high
vocabulary_senses	821d4d30-df12-4ab2-92b9-74358896a795	examples[1].reading	彼は中学校に入った。	reading		かれ は ちゅうがっこう に はいった。	missing-reading recovered	Reading recovered from Japanese (Sudachi+ENO lexicon/conj) + manual review; segmented by final ENO rules	Japanese + ENO vocab term/reading + Sudachi + manual review	high
vocabulary_senses	821d4d30-df12-4ab2-92b9-74358896a795	examples[1].romaji	彼は中学校に入った。	romaji		Kare wa chuugakkou ni haitta.	missing-reading recovered	romaji generated from recovered Reading in ENO style	gen(Reading)	high
vocabulary_senses	821d4d30-df12-4ab2-92b9-74358896a795	examples[1].id	彼は中学校に入った。	id		Dia masuk SMP.	A-empty arti filled	arti translated from Japanese; en field cross-check	Japanese (primary) + existing en	medium-high
vocabulary_senses	82394207-c1e8-40f2-9053-dd57e6d89aa7	examples[0].reading	準備は万端です。	reading		じゅんび は ばんたん です。	missing-reading recovered	Reading recovered from Japanese (Sudachi+ENO lexicon/conj) + manual review; segmented by final ENO rules	Japanese + ENO vocab term/reading + Sudachi + manual review	high
vocabulary_senses	82394207-c1e8-40f2-9053-dd57e6d89aa7	examples[0].romaji	準備は万端です。	romaji		Junbi wa bantan desu.	missing-reading recovered	romaji generated from recovered Reading in ENO style	gen(Reading)	high
vocabulary_senses	82394207-c1e8-40f2-9053-dd57e6d89aa7	examples[0].id	準備は万端です。	id		Persiapan sudah matang sepenuhnya.	A-empty arti filled	arti translated from Japanese; en field cross-check	Japanese (primary) + existing en	medium-high
vocabulary_senses	82394207-c1e8-40f2-9053-dd57e6d89aa7	examples[1].reading	中途半端な文ね。	reading		ちゅうとはんぱ な ぶん ね。	missing-reading recovered	Reading recovered from Japanese (Sudachi+ENO lexicon/conj) + manual review; segmented by final ENO rules	Japanese + ENO vocab term/reading + Sudachi + manual review	high
vocabulary_senses	82394207-c1e8-40f2-9053-dd57e6d89aa7	examples[1].romaji	中途半端な文ね。	romaji		Chuutohanpa na bun ne.	missing-reading recovered	romaji generated from recovered Reading in ENO style	gen(Reading)	high
vocabulary_senses	82394207-c1e8-40f2-9053-dd57e6d89aa7	examples[1].id	中途半端な文ね。	id		Kalimat yang setengah-setengah, ya.	A-empty arti filled	arti translated from Japanese; en field cross-check	Japanese (primary) + existing en	medium-high
vocabulary_senses	82d6bfa9-4388-49c4-b80f-52adbd622514	examples[0].reading	駅まで三キロメートルです。	reading		えき まで さんキロメートル です。	missing-reading recovered	Reading recovered from Japanese (Sudachi+ENO lexicon/conj) + manual review; segmented by final ENO rules	Japanese + ENO vocab term/reading + Sudachi + manual review	high
vocabulary_senses	82d6bfa9-4388-49c4-b80f-52adbd622514	examples[0].romaji	駅まで三キロメートルです。	romaji		Eki made sankiromeetoru desu.	missing-reading recovered	romaji generated from recovered Reading in ENO style	gen(Reading)	high
vocabulary_senses	8512b730-7e96-4c14-a98d-3e12870c1061	examples[0].reading	厚さは五ミリです。	reading		あつさ は ごミリ です。	missing-reading recovered	Reading recovered from Japanese (Sudachi+ENO lexicon/conj) + manual review; segmented by final ENO rules	Japanese + ENO vocab term/reading + Sudachi + manual review	high
vocabulary_senses	8512b730-7e96-4c14-a98d-3e12870c1061	examples[0].romaji	厚さは五ミリです。	romaji		Atsusa wa gomiri desu.	missing-reading recovered	romaji generated from recovered Reading in ENO style	gen(Reading)	high
vocabulary_senses	851a44e8-13eb-45b3-b4f7-59bc79337bed	examples[0].reading	基本が大切よ。	reading		きほん が たいせつ よ。	missing-reading recovered	Reading recovered from Japanese (Sudachi+ENO lexicon/conj) + manual review; segmented by final ENO rules	Japanese + ENO vocab term/reading + Sudachi + manual review	high
vocabulary_senses	851a44e8-13eb-45b3-b4f7-59bc79337bed	examples[0].romaji	基本が大切よ。	romaji		Kihon ga taisetsu yo.	missing-reading recovered	romaji generated from recovered Reading in ENO style	gen(Reading)	high
vocabulary_senses	851a44e8-13eb-45b3-b4f7-59bc79337bed	examples[0].id	基本が大切よ。	id		Dasar-dasarnya penting.	A-empty arti filled	arti translated from Japanese; en field cross-check	Japanese (primary) + existing en	medium-high
vocabulary_senses	851a44e8-13eb-45b3-b4f7-59bc79337bed	examples[1].reading	基礎が大切よ。	reading		きそ が たいせつ よ。	missing-reading recovered	Reading recovered from Japanese (Sudachi+ENO lexicon/conj) + manual review; segmented by final ENO rules	Japanese + ENO vocab term/reading + Sudachi + manual review	high
vocabulary_senses	851a44e8-13eb-45b3-b4f7-59bc79337bed	examples[1].romaji	基礎が大切よ。	romaji		Kiso ga taisetsu yo.	missing-reading recovered	romaji generated from recovered Reading in ENO style	gen(Reading)	high
vocabulary_senses	851a44e8-13eb-45b3-b4f7-59bc79337bed	examples[1].id	基礎が大切よ。	id		Fondasi itu penting.	A-empty arti filled	arti translated from Japanese; en field cross-check	Japanese (primary) + existing en	medium-high
vocabulary_senses	8546dd64-7daf-4c14-9262-ddb66bbf7c96	examples[0].reading	記事を一つ書きたい。	reading		きじ を ひとつ かきたい。	missing-reading recovered	Reading recovered from Japanese (Sudachi+ENO lexicon/conj) + manual review; segmented by final ENO rules	Japanese + ENO vocab term/reading + Sudachi + manual review	high
vocabulary_senses	8546dd64-7daf-4c14-9262-ddb66bbf7c96	examples[0].romaji	記事を一つ書きたい。	romaji		Kiji o hitotsu kakitai.	missing-reading recovered	romaji generated from recovered Reading in ENO style	gen(Reading)	high
vocabulary_senses	8546dd64-7daf-4c14-9262-ddb66bbf7c96	examples[0].id	記事を一つ書きたい。	id		Saya ingin menulis satu artikel.	A-empty arti filled	arti translated from Japanese; en field cross-check	Japanese (primary) + existing en	medium-high
vocabulary_senses	8546dd64-7daf-4c14-9262-ddb66bbf7c96	examples[1].reading	この記事は嘘八百だ。	reading		この きじ は うそはっぴゃく だ。	missing-reading recovered	Reading recovered from Japanese (Sudachi+ENO lexicon/conj) + manual review; segmented by final ENO rules	Japanese + ENO vocab term/reading + Sudachi + manual review	high
vocabulary_senses	8546dd64-7daf-4c14-9262-ddb66bbf7c96	examples[1].romaji	この記事は嘘八百だ。	romaji		Kono kiji wa usohappyaku da.	missing-reading recovered	romaji generated from recovered Reading in ENO style	gen(Reading)	high
vocabulary_senses	8546dd64-7daf-4c14-9262-ddb66bbf7c96	examples[1].id	この記事は嘘八百だ。	id		Artikel ini penuh kebohongan.	A-empty arti filled	arti translated from Japanese; en field cross-check	Japanese (primary) + existing en	medium-high
vocabulary_senses	86ef4c10-9ecc-4b6b-a230-868d396ac5e4	examples[0].reading	よく言うよ。	reading		よく いう よ。	missing-reading recovered	Reading recovered from Japanese (Sudachi+ENO lexicon/conj) + manual review; segmented by final ENO rules	Japanese + ENO vocab term/reading + Sudachi + manual review	high
vocabulary_senses	86ef4c10-9ecc-4b6b-a230-868d396ac5e4	examples[0].romaji	よく言うよ。	romaji		Yoku iu yo.	missing-reading recovered	romaji generated from recovered Reading in ENO style	gen(Reading)	high
vocabulary_senses	86ef4c10-9ecc-4b6b-a230-868d396ac5e4	examples[0].id	よく言うよ。	id		Bisa-bisanya kamu bilang begitu.	A-empty arti filled	arti translated from Japanese; en field cross-check	Japanese (primary) + existing en	medium-high
vocabulary_senses	86ef4c10-9ecc-4b6b-a230-868d396ac5e4	examples[1].reading	バカ言うな。	reading		バカ いうな。	missing-reading recovered	Reading recovered from Japanese (Sudachi+ENO lexicon/conj) + manual review; segmented by final ENO rules	Japanese + ENO vocab term/reading + Sudachi + manual review	high
vocabulary_senses	86ef4c10-9ecc-4b6b-a230-868d396ac5e4	examples[1].romaji	バカ言うな。	romaji		Baka iuna.	missing-reading recovered	romaji generated from recovered Reading in ENO style	gen(Reading)	high
vocabulary_senses	86ef4c10-9ecc-4b6b-a230-868d396ac5e4	examples[1].id	バカ言うな。	id		Jangan bicara bodoh.	A-empty arti filled	arti translated from Japanese; en field cross-check	Japanese (primary) + existing en	medium-high
vocabulary_senses	872d0b78-0ae2-4059-abb5-ecff648c4fb3	examples[0].reading	魚を食べる。	reading		さかな を たべる。	missing-reading recovered	Reading recovered from Japanese (Sudachi+ENO lexicon/conj) + manual review; segmented by final ENO rules	Japanese + ENO vocab term/reading + Sudachi + manual review	high
vocabulary_senses	872d0b78-0ae2-4059-abb5-ecff648c4fb3	examples[0].romaji	魚を食べる。	romaji		Sakana o taberu.	missing-reading recovered	romaji generated from recovered Reading in ENO style	gen(Reading)	high
vocabulary_senses	872d0b78-0ae2-4059-abb5-ecff648c4fb3	examples[0].id	魚を食べる。	id		Saya makan ikan.	A-empty arti filled	arti translated from Japanese; en field cross-check	Japanese (primary) + existing en	medium-high
vocabulary_senses	872d0b78-0ae2-4059-abb5-ecff648c4fb3	examples[1].reading	魚が食べる。	reading		さかな が たべる。	missing-reading recovered	Reading recovered from Japanese (Sudachi+ENO lexicon/conj) + manual review; segmented by final ENO rules	Japanese + ENO vocab term/reading + Sudachi + manual review	high
vocabulary_senses	872d0b78-0ae2-4059-abb5-ecff648c4fb3	examples[1].romaji	魚が食べる。	romaji		Sakana ga taberu.	missing-reading recovered	romaji generated from recovered Reading in ENO style	gen(Reading)	high
vocabulary_senses	872d0b78-0ae2-4059-abb5-ecff648c4fb3	examples[1].id	魚が食べる。	id		Ikan makan.	A-empty arti filled	arti translated from Japanese; en field cross-check	Japanese (primary) + existing en	medium-high
vocabulary_senses	87d59a0e-8c92-4859-bf75-4a81c2862f31	examples[1].reading	１９９８年の需要予測です。	reading		せんきゅうひゃくきゅうじゅうはちねん の じゅようよそく です。	missing-reading recovered	Reading recovered from Japanese (Sudachi+ENO lexicon/conj) + manual review; segmented by final ENO rules	Japanese + ENO vocab term/reading + Sudachi + manual review	medium
vocabulary_senses	87d59a0e-8c92-4859-bf75-4a81c2862f31	examples[1].romaji	１９９８年の需要予測です。	romaji		Senkyuuhyakukyuujuuhachinen no juyouyosoku desu.	missing-reading recovered	romaji generated from recovered Reading in ENO style	gen(Reading)	high
vocabulary_senses	87d59a0e-8c92-4859-bf75-4a81c2862f31	examples[1].id	１９９８年の需要予測です。	id		Ini prakiraan permintaan untuk tahun 1998.	A-empty arti filled	arti translated from Japanese; en field cross-check	Japanese (primary) + existing en	medium-high
vocabulary_senses	8876d8bb-2a9e-432c-97a8-7364636c3a36	examples[0].reading	付け焼刃じゃダメだ。	reading		つけやきば じゃ ダメ だ。	missing-reading recovered	Reading recovered from Japanese (Sudachi+ENO lexicon/conj) + manual review; segmented by final ENO rules	Japanese + ENO vocab term/reading + Sudachi + manual review	high
vocabulary_senses	8876d8bb-2a9e-432c-97a8-7364636c3a36	examples[0].romaji	付け焼刃じゃダメだ。	romaji		Tsukeyakiba ja dame da.	missing-reading recovered	romaji generated from recovered Reading in ENO style	gen(Reading)	high
vocabulary_senses	8876d8bb-2a9e-432c-97a8-7364636c3a36	examples[0].id	付け焼刃じゃダメだ。	id		Pengetahuan dangkal yang dipelajari mendadak tidak akan cukup.	A-empty arti filled	arti translated from Japanese; en field cross-check	Japanese (primary) + existing en	medium-high
vocabulary_senses	888ca4e2-65c8-4001-bf40-331f441d73a8	examples[0].reading	十ひく三は七です。	reading		じゅう ひく さん は なな です。	missing-reading recovered	Reading recovered from Japanese (Sudachi+ENO lexicon/conj) + manual review; segmented by final ENO rules	Japanese + ENO vocab term/reading + Sudachi + manual review	high
vocabulary_senses	888ca4e2-65c8-4001-bf40-331f441d73a8	examples[0].romaji	十ひく三は七です。	romaji		Juu hiku san wa nana desu.	missing-reading recovered	romaji generated from recovered Reading in ENO style	gen(Reading)	high
vocabulary_senses	89f4ec5b-3197-4ecf-a431-32113c7d8350	examples[0].reading	道は閉鎖中だ。	reading		みち は へいさちゅう だ。	missing-reading recovered	Reading recovered from Japanese (Sudachi+ENO lexicon/conj) + manual review; segmented by final ENO rules	Japanese + ENO vocab term/reading + Sudachi + manual review	high
vocabulary_senses	89f4ec5b-3197-4ecf-a431-32113c7d8350	examples[0].romaji	道は閉鎖中だ。	romaji		Michi wa heisachuu da.	missing-reading recovered	romaji generated from recovered Reading in ENO style	gen(Reading)	high
vocabulary_senses	89f4ec5b-3197-4ecf-a431-32113c7d8350	examples[0].id	道は閉鎖中だ。	id		Jalannya sedang ditutup.	A-empty arti filled	arti translated from Japanese; en field cross-check	Japanese (primary) + existing en	medium-high
vocabulary_senses	89f4ec5b-3197-4ecf-a431-32113c7d8350	examples[1].reading	5時半に閉鎖します。	reading		ごじ はん に へいさします。	missing-reading recovered	Reading recovered from Japanese (Sudachi+ENO lexicon/conj) + manual review; segmented by final ENO rules	Japanese + ENO vocab term/reading + Sudachi + manual review	medium
vocabulary_senses	89f4ec5b-3197-4ecf-a431-32113c7d8350	examples[1].romaji	5時半に閉鎖します。	romaji		Goji han ni heisashimasu.	missing-reading recovered	romaji generated from recovered Reading in ENO style	gen(Reading)	high
vocabulary_senses	89f4ec5b-3197-4ecf-a431-32113c7d8350	examples[1].id	5時半に閉鎖します。	id		Ditutup pada pukul setengah enam.	A-empty arti filled	arti translated from Japanese; en field cross-check	Japanese (primary) + existing en	medium-high
vocabulary_senses	8a988d40-20cb-4aba-b065-7e0cbe58507e	examples[0].reading	軽率でした。	reading		けいそつ でした。	missing-reading recovered	Reading recovered from Japanese (Sudachi+ENO lexicon/conj) + manual review; segmented by final ENO rules	Japanese + ENO vocab term/reading + Sudachi + manual review	high
vocabulary_senses	8a988d40-20cb-4aba-b065-7e0cbe58507e	examples[0].romaji	軽率でした。	romaji		Keisotsu deshita.	missing-reading recovered	romaji generated from recovered Reading in ENO style	gen(Reading)	high
vocabulary_senses	8a988d40-20cb-4aba-b065-7e0cbe58507e	examples[0].id	軽率でした。	id		Itu ceroboh.	A-empty arti filled	arti translated from Japanese; en field cross-check	Japanese (primary) + existing en	medium-high
vocabulary_senses	8aa36623-dc73-455d-9c9d-0ab45cc2fab2	examples[0].reading	水は光を反射する。	reading		みず は ひかり を はんしゃする。	missing-reading recovered	Reading recovered from Japanese (Sudachi+ENO lexicon/conj) + manual review; segmented by final ENO rules	Japanese + ENO vocab term/reading + Sudachi + manual review	high
vocabulary_senses	8aa36623-dc73-455d-9c9d-0ab45cc2fab2	examples[0].romaji	水は光を反射する。	romaji		Mizu wa hikari o hanshasuru.	missing-reading recovered	romaji generated from recovered Reading in ENO style	gen(Reading)	high
vocabulary_senses	8aa36623-dc73-455d-9c9d-0ab45cc2fab2	examples[0].id	水は光を反射する。	id		Air memantulkan cahaya.	A-empty arti filled	arti translated from Japanese; en field cross-check	Japanese (primary) + existing en	medium-high
vocabulary_senses	8aa36623-dc73-455d-9c9d-0ab45cc2fab2	examples[1].reading	鏡は光を反射する。	reading		かがみ は ひかり を はんしゃする。	missing-reading recovered	Reading recovered from Japanese (Sudachi+ENO lexicon/conj) + manual review; segmented by final ENO rules	Japanese + ENO vocab term/reading + Sudachi + manual review	high
vocabulary_senses	8aa36623-dc73-455d-9c9d-0ab45cc2fab2	examples[1].romaji	鏡は光を反射する。	romaji		Kagami wa hikari o hanshasuru.	missing-reading recovered	romaji generated from recovered Reading in ENO style	gen(Reading)	high
vocabulary_senses	8aa36623-dc73-455d-9c9d-0ab45cc2fab2	examples[1].id	鏡は光を反射する。	id		Cermin memantulkan cahaya.	A-empty arti filled	arti translated from Japanese; en field cross-check	Japanese (primary) + existing en	medium-high
vocabulary_senses	8bc4a5dc-09b1-4755-95ad-48698dda0033	examples[0].reading	12月24日から10日間、たいていの日本人はキリスト教、仏教、神道と教えを変遷していく。	reading		じゅうにがつ にじゅうよっか から とおかかん、たいてい の にほんじん は キリストきょう、ぶっきょう、しんとう と おしえ を へんせんして いく。	missing-reading recovered	Reading recovered from Japanese (Sudachi+ENO lexicon/conj) + manual review; segmented by final ENO rules	Japanese + ENO vocab term/reading + Sudachi + manual review	medium
vocabulary_senses	8bc4a5dc-09b1-4755-95ad-48698dda0033	examples[0].romaji	12月24日から10日間、たいていの日本人はキリスト教、仏教、神道と教えを変遷していく。	romaji		Juunigatsu nijuuyokka kara tookakan, taitei no nihonjin wa Kirisutokyou, bukkyou, shintou to oshie o hensenshite iku.	missing-reading recovered	romaji generated from recovered Reading in ENO style	gen(Reading)	high
vocabulary_senses	8d3138ae-f51c-4159-9f61-8475d8a09953	examples[0].reading	男子トイレは2階です。	reading		だんしトイレ は にかい です。	missing-reading recovered	Reading recovered from Japanese (Sudachi+ENO lexicon/conj) + manual review; segmented by final ENO rules	Japanese + ENO vocab term/reading + Sudachi + manual review	medium
vocabulary_senses	8d3138ae-f51c-4159-9f61-8475d8a09953	examples[0].romaji	男子トイレは2階です。	romaji		Danshitoire wa nikai desu.	missing-reading recovered	romaji generated from recovered Reading in ENO style	gen(Reading)	high
vocabulary_senses	8d3138ae-f51c-4159-9f61-8475d8a09953	examples[0].id	男子トイレは2階です。	id		Toilet pria ada di lantai dua.	A-empty arti filled	arti translated from Japanese; en field cross-check	Japanese (primary) + existing en	medium-high
vocabulary_senses	8d51ff99-d6c7-4a96-a07a-7b771271e19d	examples[0].reading	次の停留所で降ります。	reading		つぎ の ていりゅうじょ で おります。	missing-reading recovered	Reading recovered from Japanese (Sudachi+ENO lexicon/conj) + manual review; segmented by final ENO rules	Japanese + ENO vocab term/reading + Sudachi + manual review	high
vocabulary_senses	8d51ff99-d6c7-4a96-a07a-7b771271e19d	examples[0].romaji	次の停留所で降ります。	romaji		Tsugi no teiryuujo de orimasu.	missing-reading recovered	romaji generated from recovered Reading in ENO style	gen(Reading)	high
vocabulary_senses	8d51ff99-d6c7-4a96-a07a-7b771271e19d	examples[0].id	次の停留所で降ります。	id		Saya akan turun di halte berikutnya.	A-empty arti filled	arti translated from Japanese; en field cross-check	Japanese (primary) + existing en	medium-high
vocabulary_senses	8d51ff99-d6c7-4a96-a07a-7b771271e19d	examples[1].reading	バスが停留所を出発した。	reading		バス が ていりゅうじょ を しゅっぱつした。	missing-reading recovered	Reading recovered from Japanese (Sudachi+ENO lexicon/conj) + manual review; segmented by final ENO rules	Japanese + ENO vocab term/reading + Sudachi + manual review	high
vocabulary_senses	8d51ff99-d6c7-4a96-a07a-7b771271e19d	examples[1].romaji	バスが停留所を出発した。	romaji		Basu ga teiryuujo o shuppatsushita.	missing-reading recovered	romaji generated from recovered Reading in ENO style	gen(Reading)	high
vocabulary_senses	8d51ff99-d6c7-4a96-a07a-7b771271e19d	examples[1].id	バスが停留所を出発した。	id		Bus berangkat dari halte.	A-empty arti filled	arti translated from Japanese; en field cross-check	Japanese (primary) + existing en	medium-high
vocabulary_senses	8d578bb3-1f4a-4bca-bc9d-1dd0ec9dc62e	examples[0].reading	私は服役中だ。	reading		わたし は ふくえきちゅう だ。	missing-reading recovered	Reading recovered from Japanese (Sudachi+ENO lexicon/conj) + manual review; segmented by final ENO rules	Japanese + ENO vocab term/reading + Sudachi + manual review	high
vocabulary_senses	8d578bb3-1f4a-4bca-bc9d-1dd0ec9dc62e	examples[0].romaji	私は服役中だ。	romaji		Watashi wa fukuekichuu da.	missing-reading recovered	romaji generated from recovered Reading in ENO style	gen(Reading)	high
vocabulary_senses	8d578bb3-1f4a-4bca-bc9d-1dd0ec9dc62e	examples[0].id	私は服役中だ。	id		Saya sedang menjalani hukuman penjara.	A-empty arti filled	arti translated from Japanese; en field cross-check	Japanese (primary) + existing en	medium-high
vocabulary_senses	8d79bf71-dfc8-45f4-85ff-8f5453753eb0	examples[1].reading	予算から2千円足が出た。	reading		よさん から にせんえん あし が でた。	missing-reading recovered	Reading recovered from Japanese (Sudachi+ENO lexicon/conj) + manual review; segmented by final ENO rules	Japanese + ENO vocab term/reading + Sudachi + manual review	medium
vocabulary_senses	8d79bf71-dfc8-45f4-85ff-8f5453753eb0	examples[1].romaji	予算から2千円足が出た。	romaji		Yosan kara nisen'en ashi ga deta.	missing-reading recovered	romaji generated from recovered Reading in ENO style	gen(Reading)	high
vocabulary_senses	8d79bf71-dfc8-45f4-85ff-8f5453753eb0	examples[1].id	予算から2千円足が出た。	id		Anggaran kelebihan dua ribu yen.	A-empty arti filled	arti translated from Japanese; en field cross-check	Japanese (primary) + existing en	medium-high
vocabulary_senses	8e02312e-d958-471d-a1c2-b849f4493853	examples[1].reading	初めの一歩が唯一の難関。	reading		はじめ の いっぽ が ゆいいつ の なんかん。	missing-reading recovered	Reading recovered from Japanese (Sudachi+ENO lexicon/conj) + manual review; segmented by final ENO rules	Japanese + ENO vocab term/reading + Sudachi + manual review	high
vocabulary_senses	8e02312e-d958-471d-a1c2-b849f4493853	examples[1].romaji	初めの一歩が唯一の難関。	romaji		Hajime no ippo ga yuiitsu no nankan.	missing-reading recovered	romaji generated from recovered Reading in ENO style	gen(Reading)	high
vocabulary_senses	8e02312e-d958-471d-a1c2-b849f4493853	examples[1].id	初めの一歩が唯一の難関。	id		Langkah pertama adalah satu-satunya rintangan.	A-empty arti filled	arti translated from Japanese; en field cross-check	Japanese (primary) + existing en	medium-high
vocabulary_senses	900b347a-9995-4b74-ad94-91fea4ecf7ac	examples[1].reading	大体正しい。	reading		だいたい ただしい。	missing-reading recovered	Reading recovered from Japanese (Sudachi+ENO lexicon/conj) + manual review; segmented by final ENO rules	Japanese + ENO vocab term/reading + Sudachi + manual review	high
vocabulary_senses	900b347a-9995-4b74-ad94-91fea4ecf7ac	examples[1].romaji	大体正しい。	romaji		Daitai tadashii.	missing-reading recovered	romaji generated from recovered Reading in ENO style	gen(Reading)	high
vocabulary_senses	900b347a-9995-4b74-ad94-91fea4ecf7ac	examples[1].id	大体正しい。	id		Hampir benar.	A-empty arti filled	arti translated from Japanese; en field cross-check	Japanese (primary) + existing en	medium-high
vocabulary_senses	903e4e9a-b516-4d64-9767-d92f68cb1990	examples[0].reading	本末を転倒するな。	reading		ほんまつ を てんとうするな。	missing-reading recovered	Reading recovered from Japanese (Sudachi+ENO lexicon/conj) + manual review; segmented by final ENO rules	Japanese + ENO vocab term/reading + Sudachi + manual review	high
vocabulary_senses	903e4e9a-b516-4d64-9767-d92f68cb1990	examples[0].romaji	本末を転倒するな。	romaji		Honmatsu o tentousuruna.	missing-reading recovered	romaji generated from recovered Reading in ENO style	gen(Reading)	high
vocabulary_senses	903e4e9a-b516-4d64-9767-d92f68cb1990	examples[0].id	本末を転倒するな。	id		Jangan mengutamakan hal sepele di atas hal pokok.	A-empty arti filled	arti translated from Japanese; en field cross-check	Japanese (primary) + existing en	medium-high
vocabulary_senses	90c6cb61-ddad-4769-8829-faef4a854321	examples[0].reading	このトラックは二トンです。	reading		この トラック は にトン です。	missing-reading recovered	Reading recovered from Japanese (Sudachi+ENO lexicon/conj) + manual review; segmented by final ENO rules	Japanese + ENO vocab term/reading + Sudachi + manual review	high
vocabulary_senses	90c6cb61-ddad-4769-8829-faef4a854321	examples[0].romaji	このトラックは二トンです。	romaji		Kono torakku wa niton desu.	missing-reading recovered	romaji generated from recovered Reading in ENO style	gen(Reading)	high
vocabulary_senses	920a7314-8381-41c2-8654-5928353a7baf	examples[0].reading	あと五分あります。	reading		あと ごふん あります。	missing-reading recovered	Reading recovered from Japanese (Sudachi+ENO lexicon/conj) + manual review; segmented by final ENO rules	Japanese + ENO vocab term/reading + Sudachi + manual review	high
vocabulary_senses	920a7314-8381-41c2-8654-5928353a7baf	examples[0].romaji	あと五分あります。	romaji		Ato gofun arimasu.	missing-reading recovered	romaji generated from recovered Reading in ENO style	gen(Reading)	high
vocabulary_senses	92f150fd-8d77-429c-8ad2-f815ce291c9b	examples[0].reading	テストで九十点を取りました。	reading		テスト で きゅうじゅうてん を とりました。	missing-reading recovered	Reading recovered from Japanese (Sudachi+ENO lexicon/conj) + manual review; segmented by final ENO rules	Japanese + ENO vocab term/reading + Sudachi + manual review	high
vocabulary_senses	92f150fd-8d77-429c-8ad2-f815ce291c9b	examples[0].romaji	テストで九十点を取りました。	romaji		Tesuto de kyuujuuten o torimashita.	missing-reading recovered	romaji generated from recovered Reading in ENO style	gen(Reading)	high
vocabulary_senses	936e3e7c-6c8e-4890-941d-8181b386a594	examples[0].reading	10年前の出来事です。	reading		じゅうねん まえ の できごと です。	missing-reading recovered	Reading recovered from Japanese (Sudachi+ENO lexicon/conj) + manual review; segmented by final ENO rules	Japanese + ENO vocab term/reading + Sudachi + manual review	medium
vocabulary_senses	936e3e7c-6c8e-4890-941d-8181b386a594	examples[0].romaji	10年前の出来事です。	romaji		Juunen mae no dekigoto desu.	missing-reading recovered	romaji generated from recovered Reading in ENO style	gen(Reading)	high
vocabulary_senses	936e3e7c-6c8e-4890-941d-8181b386a594	examples[0].id	10年前の出来事です。	id		Itu kejadian sepuluh tahun lalu.	A-empty arti filled	arti translated from Japanese; en field cross-check	Japanese (primary) + existing en	medium-high
vocabulary_senses	938c5951-51b2-47d0-81f6-fe5c7b645a2f	examples[0].reading	彼の成功は天才よりも努力に帰する。	reading		かれ の せいこう は てんさい よりも どりょく に きする。	missing-reading recovered	Reading recovered from Japanese (Sudachi+ENO lexicon/conj) + manual review; segmented by final ENO rules	Japanese + ENO vocab term/reading + Sudachi + manual review	high
vocabulary_senses	938c5951-51b2-47d0-81f6-fe5c7b645a2f	examples[0].romaji	彼の成功は天才よりも努力に帰する。	romaji		Kare no seikou wa tensai yorimo doryoku ni kisuru.	missing-reading recovered	romaji generated from recovered Reading in ENO style	gen(Reading)	high
vocabulary_senses	938c5951-51b2-47d0-81f6-fe5c7b645a2f	examples[0].id	彼の成功は天才よりも努力に帰する。	id		Keberhasilannya lebih disebabkan oleh kerja keras daripada bakat.	A-empty arti filled	arti translated from Japanese; en field cross-check	Japanese (primary) + existing en	medium-high
vocabulary_senses	938c5951-51b2-47d0-81f6-fe5c7b645a2f	examples[1].reading	彼はまもなく試合に復帰するだろう。	reading		かれ は まもなく しあい に ふっきする だろう。	missing-reading recovered	Reading recovered from Japanese (Sudachi+ENO lexicon/conj) + manual review; segmented by final ENO rules	Japanese + ENO vocab term/reading + Sudachi + manual review	high
vocabulary_senses	938c5951-51b2-47d0-81f6-fe5c7b645a2f	examples[1].romaji	彼はまもなく試合に復帰するだろう。	romaji		Kare wa mamonaku shiai ni fukkisuru darou.	missing-reading recovered	romaji generated from recovered Reading in ENO style	gen(Reading)	high
vocabulary_senses	938c5951-51b2-47d0-81f6-fe5c7b645a2f	examples[1].id	彼はまもなく試合に復帰するだろう。	id		Dia akan segera kembali bertanding.	A-empty arti filled	arti translated from Japanese; en field cross-check	Japanese (primary) + existing en	medium-high
vocabulary_senses	93ec1cdf-5660-453e-ad71-d76d202fd1bd	examples[0].reading	一つ間違えば一里も狂う。	reading		ひとつ まちがえば いちり も くるう。	missing-reading recovered	Reading recovered from Japanese (Sudachi+ENO lexicon/conj) + manual review; segmented by final ENO rules	Japanese + ENO vocab term/reading + Sudachi + manual review	high
vocabulary_senses	93ec1cdf-5660-453e-ad71-d76d202fd1bd	examples[0].romaji	一つ間違えば一里も狂う。	romaji		Hitotsu machigaeba ichiri mo kuruu.	missing-reading recovered	romaji generated from recovered Reading in ENO style	gen(Reading)	high
vocabulary_senses	93ec1cdf-5660-453e-ad71-d76d202fd1bd	examples[0].id	一つ間違えば一里も狂う。	id		Satu kesalahan kecil di awal bisa meleset sangat jauh.	A-empty arti filled	arti translated from Japanese; en field cross-check	Japanese (primary) + existing en	medium-high
vocabulary_senses	9407394f-0937-4302-b358-a2fca8e64aee	examples[0].reading	水は100度で沸騰する。	reading		みず は ひゃくど で ふっとうする。	missing-reading recovered	Reading recovered from Japanese (Sudachi+ENO lexicon/conj) + manual review; segmented by final ENO rules	Japanese + ENO vocab term/reading + Sudachi + manual review	medium
vocabulary_senses	9407394f-0937-4302-b358-a2fca8e64aee	examples[0].romaji	水は100度で沸騰する。	romaji		Mizu wa hyakudo de futtousuru.	missing-reading recovered	romaji generated from recovered Reading in ENO style	gen(Reading)	high
vocabulary_senses	9407394f-0937-4302-b358-a2fca8e64aee	examples[0].id	水は100度で沸騰する。	id		Air mendidih pada 100 derajat.	A-empty arti filled	arti translated from Japanese; en field cross-check	Japanese (primary) + existing en	medium-high
vocabulary_senses	94ced9ea-6c8f-4caf-8a3e-56e7ebae4345	examples[1].reading	大抵１０時には寝るよ。	reading		たいてい じゅうじ には ねる よ。	missing-reading recovered	Reading recovered from Japanese (Sudachi+ENO lexicon/conj) + manual review; segmented by final ENO rules	Japanese + ENO vocab term/reading + Sudachi + manual review	medium
vocabulary_senses	94ced9ea-6c8f-4caf-8a3e-56e7ebae4345	examples[1].romaji	大抵１０時には寝るよ。	romaji		Taitei juuji ni wa neru yo.	missing-reading recovered	romaji generated from recovered Reading in ENO style	gen(Reading)	high
vocabulary_senses	94ced9ea-6c8f-4caf-8a3e-56e7ebae4345	examples[1].id	大抵１０時には寝るよ。	id		Biasanya saya tidur pukul sepuluh.	A-empty arti filled	arti translated from Japanese; en field cross-check	Japanese (primary) + existing en	medium-high
vocabulary_senses	95064334-c0bc-402e-a4bd-93272d642951	examples[0].reading	歯茎がはれています。	reading		はぐき が はれて います。	missing-reading recovered	Reading recovered from Japanese (Sudachi+ENO lexicon/conj) + manual review; segmented by final ENO rules	Japanese + ENO vocab term/reading + Sudachi + manual review	high
vocabulary_senses	95064334-c0bc-402e-a4bd-93272d642951	examples[0].romaji	歯茎がはれています。	romaji		Haguki ga harete imasu.	missing-reading recovered	romaji generated from recovered Reading in ENO style	gen(Reading)	high
vocabulary_senses	95064334-c0bc-402e-a4bd-93272d642951	examples[0].id	歯茎がはれています。	id		Gusi saya bengkak.	A-empty arti filled	arti translated from Japanese; en field cross-check	Japanese (primary) + existing en	medium-high
vocabulary_senses	951d0aeb-3bac-4be3-b925-32a45f2f2712	examples[1].reading	牛の尻尾は長い。	reading		うし の しっぽ は ながい。	missing-reading recovered	Reading recovered from Japanese (Sudachi+ENO lexicon/conj) + manual review; segmented by final ENO rules	Japanese + ENO vocab term/reading + Sudachi + manual review	high
vocabulary_senses	951d0aeb-3bac-4be3-b925-32a45f2f2712	examples[1].romaji	牛の尻尾は長い。	romaji		Ushi no shippo wa nagai.	missing-reading recovered	romaji generated from recovered Reading in ENO style	gen(Reading)	high
vocabulary_senses	951d0aeb-3bac-4be3-b925-32a45f2f2712	examples[1].id	牛の尻尾は長い。	id		Ekor sapi itu panjang.	A-empty arti filled	arti translated from Japanese; en field cross-check	Japanese (primary) + existing en	medium-high
vocabulary_senses	951ed546-7c6f-4ea0-8c0f-a5e897612cf4	examples[1].reading	トムは３０代半ばだよ。	reading		トム は さんじゅうだい なかば だ よ。	missing-reading recovered	Reading recovered from Japanese (Sudachi+ENO lexicon/conj) + manual review; segmented by final ENO rules	Japanese + ENO vocab term/reading + Sudachi + manual review	medium
vocabulary_senses	951ed546-7c6f-4ea0-8c0f-a5e897612cf4	examples[1].romaji	トムは３０代半ばだよ。	romaji		Tomu wa sanjuudai nakaba da yo.	missing-reading recovered	romaji generated from recovered Reading in ENO style	gen(Reading)	high
vocabulary_senses	951ed546-7c6f-4ea0-8c0f-a5e897612cf4	examples[1].id	トムは３０代半ばだよ。	id		Tom berusia pertengahan tiga puluhan.	A-empty arti filled	arti translated from Japanese; en field cross-check	Japanese (primary) + existing en	medium-high
vocabulary_senses	953d3207-6769-42ba-b64e-f707feb9f326	examples[0].reading	画びょうで写真を留めます。	reading		がびょう で しゃしん を とめます。	missing-reading recovered	Reading recovered from Japanese (Sudachi+ENO lexicon/conj) + manual review; segmented by final ENO rules	Japanese + ENO vocab term/reading + Sudachi + manual review	high
vocabulary_senses	953d3207-6769-42ba-b64e-f707feb9f326	examples[0].romaji	画びょうで写真を留めます。	romaji		Gabyou de shashin o tomemasu.	missing-reading recovered	romaji generated from recovered Reading in ENO style	gen(Reading)	high
vocabulary_senses	96cf7908-db39-4d97-9530-797d18d4d000	examples[1].reading	戦闘で負傷した。	reading		せんとう で ふしょうした。	missing-reading recovered	Reading recovered from Japanese (Sudachi+ENO lexicon/conj) + manual review; segmented by final ENO rules	Japanese + ENO vocab term/reading + Sudachi + manual review	high
vocabulary_senses	96cf7908-db39-4d97-9530-797d18d4d000	examples[1].romaji	戦闘で負傷した。	romaji		Sentou de fushoushita.	missing-reading recovered	romaji generated from recovered Reading in ENO style	gen(Reading)	high
vocabulary_senses	96cf7908-db39-4d97-9530-797d18d4d000	examples[1].id	戦闘で負傷した。	id		Dia terluka dalam pertempuran.	A-empty arti filled	arti translated from Japanese; en field cross-check	Japanese (primary) + existing en	medium-high
vocabulary_senses	984b9681-97d8-4bef-9b12-87fc309d65ff	examples[1].reading	トムは司祭だ。	reading		トム は しさい だ。	missing-reading recovered	Reading recovered from Japanese (Sudachi+ENO lexicon/conj) + manual review; segmented by final ENO rules	Japanese + ENO vocab term/reading + Sudachi + manual review	high
vocabulary_senses	984b9681-97d8-4bef-9b12-87fc309d65ff	examples[1].romaji	トムは司祭だ。	romaji		Tomu wa shisai da.	missing-reading recovered	romaji generated from recovered Reading in ENO style	gen(Reading)	high
vocabulary_senses	984b9681-97d8-4bef-9b12-87fc309d65ff	examples[1].id	トムは司祭だ。	id		Tom adalah seorang pastor.	A-empty arti filled	arti translated from Japanese; en field cross-check	Japanese (primary) + existing en	medium-high
vocabulary_senses	99ae0211-8bdc-4bea-93b9-aed4558891b0	examples[0].reading	曇ってきた。	reading		くもって きた。	missing-reading recovered	Reading recovered from Japanese (Sudachi+ENO lexicon/conj) + manual review; segmented by final ENO rules	Japanese + ENO vocab term/reading + Sudachi + manual review	high
vocabulary_senses	99ae0211-8bdc-4bea-93b9-aed4558891b0	examples[0].romaji	曇ってきた。	romaji		Kumotte kita.	missing-reading recovered	romaji generated from recovered Reading in ENO style	gen(Reading)	high
vocabulary_senses	99ae0211-8bdc-4bea-93b9-aed4558891b0	examples[0].id	曇ってきた。	id		Langit mulai berawan.	A-empty arti filled	arti translated from Japanese; en field cross-check	Japanese (primary) + existing en	medium-high
vocabulary_senses	9a081fba-c908-41cf-b815-f5a296b301da	examples[0].reading	同じ心境です。	reading		おなじ しんきょう です。	missing-reading recovered	Reading recovered from Japanese (Sudachi+ENO lexicon/conj) + manual review; segmented by final ENO rules	Japanese + ENO vocab term/reading + Sudachi + manual review	high
vocabulary_senses	9a081fba-c908-41cf-b815-f5a296b301da	examples[0].romaji	同じ心境です。	romaji		Onaji shinkyou desu.	missing-reading recovered	romaji generated from recovered Reading in ENO style	gen(Reading)	high
vocabulary_senses	9a081fba-c908-41cf-b815-f5a296b301da	examples[0].id	同じ心境です。	id		Saya merasakan hal yang sama.	A-empty arti filled	arti translated from Japanese; en field cross-check	Japanese (primary) + existing en	medium-high
vocabulary_senses	9a6c746a-3d88-4464-a404-922bee1f7232	examples[0].reading	度胸があるな。	reading		どきょう が あるな。	missing-reading recovered	Reading recovered from Japanese (Sudachi+ENO lexicon/conj) + manual review; segmented by final ENO rules	Japanese + ENO vocab term/reading + Sudachi + manual review	high
vocabulary_senses	9a6c746a-3d88-4464-a404-922bee1f7232	examples[0].romaji	度胸があるな。	romaji		Dokyou ga aruna.	missing-reading recovered	romaji generated from recovered Reading in ENO style	gen(Reading)	high
vocabulary_senses	9a6c746a-3d88-4464-a404-922bee1f7232	examples[0].id	度胸があるな。	id		Kamu punya nyali besar.	A-empty arti filled	arti translated from Japanese; en field cross-check	Japanese (primary) + existing en	medium-high
vocabulary_senses	9be62e7f-b60b-4cba-a71b-1d9ad30e7db7	examples[0].reading	良い週末を。	reading		よい しゅうまつ を。	missing-reading recovered	Reading recovered from Japanese (Sudachi+ENO lexicon/conj) + manual review; segmented by final ENO rules	Japanese + ENO vocab term/reading + Sudachi + manual review	high
vocabulary_senses	9be62e7f-b60b-4cba-a71b-1d9ad30e7db7	examples[0].romaji	良い週末を。	romaji		Yoi shuumatsu o.	missing-reading recovered	romaji generated from recovered Reading in ENO style	gen(Reading)	high
vocabulary_senses	9be62e7f-b60b-4cba-a71b-1d9ad30e7db7	examples[0].id	良い週末を。	id		Selamat akhir pekan.	A-empty arti filled	arti translated from Japanese; en field cross-check	Japanese (primary) + existing en	medium-high
vocabulary_senses	9be62e7f-b60b-4cba-a71b-1d9ad30e7db7	examples[1].reading	よい週末を！	reading		よい しゅうまつ を！	missing-reading recovered	Reading recovered from Japanese (Sudachi+ENO lexicon/conj) + manual review; segmented by final ENO rules	Japanese + ENO vocab term/reading + Sudachi + manual review	high
vocabulary_senses	9be62e7f-b60b-4cba-a71b-1d9ad30e7db7	examples[1].romaji	よい週末を！	romaji		Yoi shuumatsu o!	missing-reading recovered	romaji generated from recovered Reading in ENO style	gen(Reading)	high
vocabulary_senses	9be62e7f-b60b-4cba-a71b-1d9ad30e7db7	examples[1].id	よい週末を！	id		Semoga akhir pekanmu menyenangkan!	A-empty arti filled	arti translated from Japanese; en field cross-check	Japanese (primary) + existing en	medium-high
vocabulary_senses	9e7944b8-f7b8-4582-8ba9-cdd6d6d9f8cc	examples[1].reading	まだ頭痛い？	reading		まだ あたま いたい？	missing-reading recovered	Reading recovered from Japanese (Sudachi+ENO lexicon/conj) + manual review; segmented by final ENO rules	Japanese + ENO vocab term/reading + Sudachi + manual review	high
vocabulary_senses	9e7944b8-f7b8-4582-8ba9-cdd6d6d9f8cc	examples[1].romaji	まだ頭痛い？	romaji		Mada atama itai?	missing-reading recovered	romaji generated from recovered Reading in ENO style	gen(Reading)	high
vocabulary_senses	9e7944b8-f7b8-4582-8ba9-cdd6d6d9f8cc	examples[1].id	まだ頭痛い？	id		Apakah kepalamu masih sakit?	A-empty arti filled	arti translated from Japanese; en field cross-check	Japanese (primary) + existing en	medium-high
vocabulary_senses	9f083d0b-8973-4d65-b305-20e85e4829c1	examples[0].reading	五ヶ国語話します。	reading		ごかこくご はなします。	missing-reading recovered	Reading recovered from Japanese (Sudachi+ENO lexicon/conj) + manual review; segmented by final ENO rules	Japanese + ENO vocab term/reading + Sudachi + manual review	high
vocabulary_senses	9f083d0b-8973-4d65-b305-20e85e4829c1	examples[0].romaji	五ヶ国語話します。	romaji		Gokakokugo hanashimasu.	missing-reading recovered	romaji generated from recovered Reading in ENO style	gen(Reading)	high
vocabulary_senses	9f083d0b-8973-4d65-b305-20e85e4829c1	examples[0].id	五ヶ国語話します。	id		Saya berbicara lima bahasa.	A-empty arti filled	arti translated from Japanese; en field cross-check	Japanese (primary) + existing en	medium-high
vocabulary_senses	9fe48ec0-3d27-47e4-8e93-480aa5764743	examples[1].reading	ひと騒動起こしてやります。	reading		ひとそうどう おこして やります。	missing-reading recovered	Reading recovered from Japanese (Sudachi+ENO lexicon/conj) + manual review; segmented by final ENO rules	Japanese + ENO vocab term/reading + Sudachi + manual review	high
vocabulary_senses	9fe48ec0-3d27-47e4-8e93-480aa5764743	examples[1].romaji	ひと騒動起こしてやります。	romaji		Hitosoudou okoshite yarimasu.	missing-reading recovered	romaji generated from recovered Reading in ENO style	gen(Reading)	high
vocabulary_senses	9fe48ec0-3d27-47e4-8e93-480aa5764743	examples[1].id	ひと騒動起こしてやります。	id		Akan kubuat sedikit keributan.	A-empty arti filled	arti translated from Japanese; en field cross-check	Japanese (primary) + existing en	medium-high
vocabulary_senses	9ffa006e-cd7d-45c5-ad88-b67121bc4c0b	examples[1].reading	彼女は第二のキュリー夫人だ。	reading		かのじょ は だいに の キュリーふじん だ。	missing-reading recovered	Reading recovered from Japanese (Sudachi+ENO lexicon/conj) + manual review; segmented by final ENO rules	Japanese + ENO vocab term/reading + Sudachi + manual review	high
vocabulary_senses	9ffa006e-cd7d-45c5-ad88-b67121bc4c0b	examples[1].romaji	彼女は第二のキュリー夫人だ。	romaji		Kanojo wa daini no Kyuriifujin da.	missing-reading recovered	romaji generated from recovered Reading in ENO style	gen(Reading)	high
vocabulary_senses	9ffa006e-cd7d-45c5-ad88-b67121bc4c0b	examples[1].id	彼女は第二のキュリー夫人だ。	id		Dia adalah Madame Curie yang kedua.	A-empty arti filled	arti translated from Japanese; en field cross-check	Japanese (primary) + existing en	medium-high
vocabulary_senses	a065a7eb-f49f-4e4a-8ae0-9281a2758f11	examples[0].reading	二次会にも参加しました。	reading		にじかい にも さんかしました。	missing-reading recovered	Reading recovered from Japanese (Sudachi+ENO lexicon/conj) + manual review; segmented by final ENO rules	Japanese + ENO vocab term/reading + Sudachi + manual review	high
vocabulary_senses	a065a7eb-f49f-4e4a-8ae0-9281a2758f11	examples[0].romaji	二次会にも参加しました。	romaji		Nijikai ni mo sankashimashita.	missing-reading recovered	romaji generated from recovered Reading in ENO style	gen(Reading)	high
vocabulary_senses	a1277d6c-c3c2-460c-b825-6daa9d4eabd0	examples[1].reading	３カ月滞在します。	reading		さんかげつ たいざいします。	missing-reading recovered	Reading recovered from Japanese (Sudachi+ENO lexicon/conj) + manual review; segmented by final ENO rules	Japanese + ENO vocab term/reading + Sudachi + manual review	medium
vocabulary_senses	a1277d6c-c3c2-460c-b825-6daa9d4eabd0	examples[1].romaji	３カ月滞在します。	romaji		Sankagetsu taizaishimasu.	missing-reading recovered	romaji generated from recovered Reading in ENO style	gen(Reading)	high
vocabulary_senses	a1277d6c-c3c2-460c-b825-6daa9d4eabd0	examples[1].id	３カ月滞在します。	id		Saya akan tinggal selama tiga bulan.	A-empty arti filled	arti translated from Japanese; en field cross-check	Japanese (primary) + existing en	medium-high
vocabulary_senses	a1e125e3-7964-4cec-a54b-361c29b464ea	examples[0].reading	降水確率は六十パーセントです。	reading		こうすいかくりつ は ろくじゅうパーセント です。	missing-reading recovered	Reading recovered from Japanese (Sudachi+ENO lexicon/conj) + manual review; segmented by final ENO rules	Japanese + ENO vocab term/reading + Sudachi + manual review	high
vocabulary_senses	a1e125e3-7964-4cec-a54b-361c29b464ea	examples[0].romaji	降水確率は六十パーセントです。	romaji		Kousuikakuritsu wa rokujuupaasento desu.	missing-reading recovered	romaji generated from recovered Reading in ENO style	gen(Reading)	high
vocabulary_senses	a2619d26-771d-43c3-b44e-a48b9a4661df	examples[0].reading	血液型何型？	reading		けつえきがた なんがた？	missing-reading recovered	Reading recovered from Japanese (Sudachi+ENO lexicon/conj) + manual review; segmented by final ENO rules	Japanese + ENO vocab term/reading + Sudachi + manual review	high
vocabulary_senses	a2619d26-771d-43c3-b44e-a48b9a4661df	examples[0].romaji	血液型何型？	romaji		Ketsuekigata nangata?	missing-reading recovered	romaji generated from recovered Reading in ENO style	gen(Reading)	high
vocabulary_senses	a346d78c-6f4a-46a5-abb5-c8623581aca3	examples[0].reading	釈迦に説法。	reading		しゃか に せっぽう。	missing-reading recovered	Reading recovered from Japanese (Sudachi+ENO lexicon/conj) + manual review; segmented by final ENO rules	Japanese + ENO vocab term/reading + Sudachi + manual review	high
vocabulary_senses	a346d78c-6f4a-46a5-abb5-c8623581aca3	examples[0].romaji	釈迦に説法。	romaji		Shaka ni seppou.	missing-reading recovered	romaji generated from recovered Reading in ENO style	gen(Reading)	high
vocabulary_senses	a346d78c-6f4a-46a5-abb5-c8623581aca3	examples[0].id	釈迦に説法。	id		Mengajari Buddha tentang ajaran (menggurui orang yang sudah ahli).	A-empty arti filled	arti translated from Japanese; en field cross-check	Japanese (primary) + existing en	medium-high
vocabulary_senses	a5432eaa-baa7-48fa-8d2c-12d0d53f017b	examples[1].reading	３０歳、専業主婦です。	reading		さんじゅうさい、せんぎょうしゅふ です。	missing-reading recovered	Reading recovered from Japanese (Sudachi+ENO lexicon/conj) + manual review; segmented by final ENO rules	Japanese + ENO vocab term/reading + Sudachi + manual review	medium
vocabulary_senses	a5432eaa-baa7-48fa-8d2c-12d0d53f017b	examples[1].romaji	３０歳、専業主婦です。	romaji		Sanjuusai, sengyoushufu desu.	missing-reading recovered	romaji generated from recovered Reading in ENO style	gen(Reading)	high
vocabulary_senses	a5432eaa-baa7-48fa-8d2c-12d0d53f017b	examples[1].id	３０歳、専業主婦です。	id		Saya berusia 30 tahun, ibu rumah tangga.	A-empty arti filled	arti translated from Japanese; en field cross-check	Japanese (primary) + existing en	medium-high
vocabulary_senses	a56722e0-1d47-404b-b434-30fd72f7474d	examples[1].reading	目標は一等賞です。	reading		もくひょう は いっとうしょう です。	missing-reading recovered	Reading recovered from Japanese (Sudachi+ENO lexicon/conj) + manual review; segmented by final ENO rules	Japanese + ENO vocab term/reading + Sudachi + manual review	high
vocabulary_senses	a56722e0-1d47-404b-b434-30fd72f7474d	examples[1].romaji	目標は一等賞です。	romaji		Mokuhyou wa ittoushou desu.	missing-reading recovered	romaji generated from recovered Reading in ENO style	gen(Reading)	high
vocabulary_senses	a56722e0-1d47-404b-b434-30fd72f7474d	examples[1].id	目標は一等賞です。	id		Targetnya adalah juara pertama.	A-empty arti filled	arti translated from Japanese; en field cross-check	Japanese (primary) + existing en	medium-high
vocabulary_senses	a56b84b5-29a3-43f3-bc85-0e53de14cfb8	examples[0].reading	基本が大切よ。	reading		きほん が たいせつ よ。	missing-reading recovered	Reading recovered from Japanese (Sudachi+ENO lexicon/conj) + manual review; segmented by final ENO rules	Japanese + ENO vocab term/reading + Sudachi + manual review	high
vocabulary_senses	a56b84b5-29a3-43f3-bc85-0e53de14cfb8	examples[0].romaji	基本が大切よ。	romaji		Kihon ga taisetsu yo.	missing-reading recovered	romaji generated from recovered Reading in ENO style	gen(Reading)	high
vocabulary_senses	a56b84b5-29a3-43f3-bc85-0e53de14cfb8	examples[0].id	基本が大切よ。	id		Dasar-dasarnya penting.	A-empty arti filled	arti translated from Japanese; en field cross-check	Japanese (primary) + existing en	medium-high
vocabulary_senses	a56b84b5-29a3-43f3-bc85-0e53de14cfb8	examples[1].reading	基礎が大切よ。	reading		きそ が たいせつ よ。	missing-reading recovered	Reading recovered from Japanese (Sudachi+ENO lexicon/conj) + manual review; segmented by final ENO rules	Japanese + ENO vocab term/reading + Sudachi + manual review	high
vocabulary_senses	a56b84b5-29a3-43f3-bc85-0e53de14cfb8	examples[1].romaji	基礎が大切よ。	romaji		Kiso ga taisetsu yo.	missing-reading recovered	romaji generated from recovered Reading in ENO style	gen(Reading)	high
vocabulary_senses	a56b84b5-29a3-43f3-bc85-0e53de14cfb8	examples[1].id	基礎が大切よ。	id		Fondasi itu penting.	A-empty arti filled	arti translated from Japanese; en field cross-check	Japanese (primary) + existing en	medium-high
vocabulary_senses	a5e499a9-a92d-4450-bbc7-3a3ecb6caa06	examples[1].reading	今晩暇かな？	reading		こんばん ひま か な？	missing-reading recovered	Reading recovered from Japanese (Sudachi+ENO lexicon/conj) + manual review; segmented by final ENO rules	Japanese + ENO vocab term/reading + Sudachi + manual review	high
vocabulary_senses	a5e499a9-a92d-4450-bbc7-3a3ecb6caa06	examples[1].romaji	今晩暇かな？	romaji		Konban hima ka na?	missing-reading recovered	romaji generated from recovered Reading in ENO style	gen(Reading)	high
vocabulary_senses	a5e499a9-a92d-4450-bbc7-3a3ecb6caa06	examples[1].id	今晩暇かな？	id		Apakah kamu luang malam ini?	A-empty arti filled	arti translated from Japanese; en field cross-check	Japanese (primary) + existing en	medium-high
vocabulary_senses	a67a43a8-ac60-4112-a78e-bae195195e6a	examples[0].reading	２社は合併を計画している。	reading		にしゃ は がっぺい を けいかくして いる。	missing-reading recovered	Reading recovered from Japanese (Sudachi+ENO lexicon/conj) + manual review; segmented by final ENO rules	Japanese + ENO vocab term/reading + Sudachi + manual review	medium
vocabulary_senses	a67a43a8-ac60-4112-a78e-bae195195e6a	examples[0].romaji	２社は合併を計画している。	romaji		Nisha wa gappei o keikakushite iru.	missing-reading recovered	romaji generated from recovered Reading in ENO style	gen(Reading)	high
vocabulary_senses	a67a43a8-ac60-4112-a78e-bae195195e6a	examples[0].id	２社は合併を計画している。	id		Kedua perusahaan itu berencana bergabung.	A-empty arti filled	arti translated from Japanese; en field cross-check	Japanese (primary) + existing en	medium-high
vocabulary_senses	a67a43a8-ac60-4112-a78e-bae195195e6a	examples[1].reading	その合併は１対１で行われた。	reading		その がっぺい は いちたいいち で おこなわれた。	missing-reading recovered	Reading recovered from Japanese (Sudachi+ENO lexicon/conj) + manual review; segmented by final ENO rules	Japanese + ENO vocab term/reading + Sudachi + manual review	medium
vocabulary_senses	a67a43a8-ac60-4112-a78e-bae195195e6a	examples[1].romaji	その合併は１対１で行われた。	romaji		Sono gappei wa ichitaiichi de okonawareta.	missing-reading recovered	romaji generated from recovered Reading in ENO style	gen(Reading)	high
vocabulary_senses	a67a43a8-ac60-4112-a78e-bae195195e6a	examples[1].id	その合併は１対１で行われた。	id		Penggabungan itu dilakukan dengan rasio 1 banding 1.	A-empty arti filled	arti translated from Japanese; en field cross-check	Japanese (primary) + existing en	medium-high
vocabulary_senses	a67eba14-5297-4091-ba91-65a1be70ce56	examples[0].reading	思い出した。	reading		おもいだした。	missing-reading recovered	Reading recovered from Japanese (Sudachi+ENO lexicon/conj) + manual review; segmented by final ENO rules	Japanese + ENO vocab term/reading + Sudachi + manual review	high
vocabulary_senses	a67eba14-5297-4091-ba91-65a1be70ce56	examples[0].romaji	思い出した。	romaji		Omoidashita.	missing-reading recovered	romaji generated from recovered Reading in ENO style	gen(Reading)	high
vocabulary_senses	a67eba14-5297-4091-ba91-65a1be70ce56	examples[0].id	思い出した。	id		Aku ingat.	A-empty arti filled	arti translated from Japanese; en field cross-check	Japanese (primary) + existing en	medium-high
vocabulary_senses	a67eba14-5297-4091-ba91-65a1be70ce56	examples[1].reading	思い出せない。	reading		おもいだせない。	missing-reading recovered	Reading recovered from Japanese (Sudachi+ENO lexicon/conj) + manual review; segmented by final ENO rules	Japanese + ENO vocab term/reading + Sudachi + manual review	high
vocabulary_senses	a67eba14-5297-4091-ba91-65a1be70ce56	examples[1].romaji	思い出せない。	romaji		Omoidasenai.	missing-reading recovered	romaji generated from recovered Reading in ENO style	gen(Reading)	high
vocabulary_senses	a67eba14-5297-4091-ba91-65a1be70ce56	examples[1].id	思い出せない。	id		Aku tidak bisa mengingatnya.	A-empty arti filled	arti translated from Japanese; en field cross-check	Japanese (primary) + existing en	medium-high
vocabulary_senses	a6f23ce8-9c69-48b5-9f85-77dec427103e	examples[0].reading	同書を一部ご寄贈いただければ幸いに存じます。	reading		どうしょ を いちぶ ごきぞう いただければ さいわい に ぞんじます。	missing-reading recovered	Reading recovered from Japanese (Sudachi+ENO lexicon/conj) + manual review; segmented by final ENO rules	Japanese + ENO vocab term/reading + Sudachi + manual review	high
vocabulary_senses	a6f23ce8-9c69-48b5-9f85-77dec427103e	examples[0].romaji	同書を一部ご寄贈いただければ幸いに存じます。	romaji		Dousho o ichibu gokizou itadakereba saiwai ni zonjimasu.	missing-reading recovered	romaji generated from recovered Reading in ENO style	gen(Reading)	high
vocabulary_senses	a6f23ce8-9c69-48b5-9f85-77dec427103e	examples[0].id	同書を一部ご寄贈いただければ幸いに存じます。	id		Saya akan sangat berterima kasih jika Anda berkenan mengirimkan satu eksemplar buku tersebut.	A-empty arti filled	arti translated from Japanese; en field cross-check	Japanese (primary) + existing en	medium-high
vocabulary_senses	a90a5156-7c07-416d-94bc-3697a361e88b	examples[0].reading	熱が三日続きました。	reading		ねつ が みっか つづきました。	missing-reading recovered	Reading recovered from Japanese (Sudachi+ENO lexicon/conj) + manual review; segmented by final ENO rules	Japanese + ENO vocab term/reading + Sudachi + manual review	high
vocabulary_senses	a90a5156-7c07-416d-94bc-3697a361e88b	examples[0].romaji	熱が三日続きました。	romaji		Netsu ga mikka tsuzukimashita.	missing-reading recovered	romaji generated from recovered Reading in ENO style	gen(Reading)	high
vocabulary_senses	a9dc4b5b-8f5c-4413-852c-a055abc55530	examples[0].reading	内閣を倒せ。	reading		ないかく を たおせ。	missing-reading recovered	Reading recovered from Japanese (Sudachi+ENO lexicon/conj) + manual review; segmented by final ENO rules	Japanese + ENO vocab term/reading + Sudachi + manual review	high
vocabulary_senses	a9dc4b5b-8f5c-4413-852c-a055abc55530	examples[0].romaji	内閣を倒せ。	romaji		Naikaku o taose.	missing-reading recovered	romaji generated from recovered Reading in ENO style	gen(Reading)	high
vocabulary_senses	a9dc4b5b-8f5c-4413-852c-a055abc55530	examples[0].id	内閣を倒せ。	id		Gulingkan kabinet!	A-empty arti filled	arti translated from Japanese; en field cross-check	Japanese (primary) + existing en	medium-high
vocabulary_senses	a9eb99ca-f267-4c00-8f10-c13f232a22fe	examples[1].reading	怒りたくはない。	reading		おこりたく は ない。	missing-reading recovered	Reading recovered from Japanese (Sudachi+ENO lexicon/conj) + manual review; segmented by final ENO rules	Japanese + ENO vocab term/reading + Sudachi + manual review	high
vocabulary_senses	a9eb99ca-f267-4c00-8f10-c13f232a22fe	examples[1].romaji	怒りたくはない。	romaji		Okoritaku wa nai.	missing-reading recovered	romaji generated from recovered Reading in ENO style	gen(Reading)	high
vocabulary_senses	a9eb99ca-f267-4c00-8f10-c13f232a22fe	examples[1].id	怒りたくはない。	id		Saya tidak ingin marah.	A-empty arti filled	arti translated from Japanese; en field cross-check	Japanese (primary) + existing en	medium-high
vocabulary_senses	abb6f50e-6cf2-4111-bf5e-3eae6b631a52	examples[1].reading	一年中雨が多い。	reading		いちねんじゅう あめ が おおい。	missing-reading recovered	Reading recovered from Japanese (Sudachi+ENO lexicon/conj) + manual review; segmented by final ENO rules	Japanese + ENO vocab term/reading + Sudachi + manual review	high
vocabulary_senses	abb6f50e-6cf2-4111-bf5e-3eae6b631a52	examples[1].romaji	一年中雨が多い。	romaji		Ichinenjuu ame ga ooi.	missing-reading recovered	romaji generated from recovered Reading in ENO style	gen(Reading)	high
vocabulary_senses	abb6f50e-6cf2-4111-bf5e-3eae6b631a52	examples[1].id	一年中雨が多い。	id		Hujan banyak turun sepanjang tahun.	A-empty arti filled	arti translated from Japanese; en field cross-check	Japanese (primary) + existing en	medium-high
vocabulary_senses	abf34a9e-e2d3-428a-8971-b79c3a2ab808	examples[0].reading	終わったの？	reading		おわった の？	missing-reading recovered	Reading recovered from Japanese (Sudachi+ENO lexicon/conj) + manual review; segmented by final ENO rules	Japanese + ENO vocab term/reading + Sudachi + manual review	high
vocabulary_senses	abf34a9e-e2d3-428a-8971-b79c3a2ab808	examples[0].romaji	終わったの？	romaji		Owatta no?	missing-reading recovered	romaji generated from recovered Reading in ENO style	gen(Reading)	high
vocabulary_senses	abf34a9e-e2d3-428a-8971-b79c3a2ab808	examples[0].id	終わったの？	id		Sudah selesai?	A-empty arti filled	arti translated from Japanese; en field cross-check	Japanese (primary) + existing en	medium-high
vocabulary_senses	abf34a9e-e2d3-428a-8971-b79c3a2ab808	examples[1].reading	終わったよ！	reading		おわった よ！	missing-reading recovered	Reading recovered from Japanese (Sudachi+ENO lexicon/conj) + manual review; segmented by final ENO rules	Japanese + ENO vocab term/reading + Sudachi + manual review	high
vocabulary_senses	abf34a9e-e2d3-428a-8971-b79c3a2ab808	examples[1].romaji	終わったよ！	romaji		Owatta yo!	missing-reading recovered	romaji generated from recovered Reading in ENO style	gen(Reading)	high
vocabulary_senses	abf34a9e-e2d3-428a-8971-b79c3a2ab808	examples[1].id	終わったよ！	id		Sudah selesai!	A-empty arti filled	arti translated from Japanese; en field cross-check	Japanese (primary) + existing en	medium-high
vocabulary_senses	ae3600b9-024c-4f33-8ea7-88cbbf7043a3	examples[0].reading	仮令遊女でも純粋な恋をすれば、その恋は無垢な清いものです。	reading		たとい ゆうじょ でも じゅんすい な こい を すれば、その こい は むく な きよい もの です。	missing-reading recovered	Reading recovered from Japanese (Sudachi+ENO lexicon/conj) + manual review; segmented by final ENO rules	Japanese + ENO vocab term/reading + Sudachi + manual review	high
vocabulary_senses	ae3600b9-024c-4f33-8ea7-88cbbf7043a3	examples[0].romaji	仮令遊女でも純粋な恋をすれば、その恋は無垢な清いものです。	romaji		Tatoi yuujo demo junsui na koi o sureba, sono koi wa muku na kiyoi mono desu.	missing-reading recovered	romaji generated from recovered Reading in ENO style	gen(Reading)	high
vocabulary_senses	ae3600b9-024c-4f33-8ea7-88cbbf7043a3	examples[0].id	仮令遊女でも純粋な恋をすれば、その恋は無垢な清いものです。	id		Meskipun seorang pelacur, jika ia jatuh cinta dengan tulus, cintanya adalah perasaan yang murni dan suci.	A-empty arti filled	arti translated from Japanese; en field cross-check	Japanese (primary) + existing en	medium-high
vocabulary_senses	aefc7e4e-3693-4603-bfb3-dd205ed9e63c	examples[0].reading	毎月一万円貯金します。	reading		まいつき いちまんえん ちょきんします。	missing-reading recovered	Reading recovered from Japanese (Sudachi+ENO lexicon/conj) + manual review; segmented by final ENO rules	Japanese + ENO vocab term/reading + Sudachi + manual review	high
vocabulary_senses	aefc7e4e-3693-4603-bfb3-dd205ed9e63c	examples[0].romaji	毎月一万円貯金します。	romaji		Maitsuki ichiman'en chokinshimasu.	missing-reading recovered	romaji generated from recovered Reading in ENO style	gen(Reading)	high
vocabulary_senses	af77f0f9-8e41-4cf0-96b0-a0009bc92edb	examples[0].reading	彼は賢者だ。	reading		かれ は けんじゃ だ。	missing-reading recovered	Reading recovered from Japanese (Sudachi+ENO lexicon/conj) + manual review; segmented by final ENO rules	Japanese + ENO vocab term/reading + Sudachi + manual review	high
vocabulary_senses	af77f0f9-8e41-4cf0-96b0-a0009bc92edb	examples[0].romaji	彼は賢者だ。	romaji		Kare wa kenja da.	missing-reading recovered	romaji generated from recovered Reading in ENO style	gen(Reading)	high
vocabulary_senses	af77f0f9-8e41-4cf0-96b0-a0009bc92edb	examples[0].id	彼は賢者だ。	id		Dia seorang bijak.	A-empty arti filled	arti translated from Japanese; en field cross-check	Japanese (primary) + existing en	medium-high
vocabulary_senses	af77f0f9-8e41-4cf0-96b0-a0009bc92edb	examples[1].reading	彼は医者だ。	reading		かれ は いしゃ だ。	missing-reading recovered	Reading recovered from Japanese (Sudachi+ENO lexicon/conj) + manual review; segmented by final ENO rules	Japanese + ENO vocab term/reading + Sudachi + manual review	high
vocabulary_senses	af77f0f9-8e41-4cf0-96b0-a0009bc92edb	examples[1].romaji	彼は医者だ。	romaji		Kare wa isha da.	missing-reading recovered	romaji generated from recovered Reading in ENO style	gen(Reading)	high
vocabulary_senses	af77f0f9-8e41-4cf0-96b0-a0009bc92edb	examples[1].id	彼は医者だ。	id		Dia seorang dokter.	A-empty arti filled	arti translated from Japanese; en field cross-check	Japanese (primary) + existing en	medium-high
vocabulary_senses	af83e598-2cff-4e35-867f-84a62d94a45e	examples[0].reading	この夢は実現するだろう。	reading		この ゆめ は じつげんする だろう。	missing-reading recovered	Reading recovered from Japanese (Sudachi+ENO lexicon/conj) + manual review; segmented by final ENO rules	Japanese + ENO vocab term/reading + Sudachi + manual review	high
vocabulary_senses	af83e598-2cff-4e35-867f-84a62d94a45e	examples[0].romaji	この夢は実現するだろう。	romaji		Kono yume wa jitsugensuru darou.	missing-reading recovered	romaji generated from recovered Reading in ENO style	gen(Reading)	high
vocabulary_senses	af83e598-2cff-4e35-867f-84a62d94a45e	examples[0].id	この夢は実現するだろう。	id		Mimpi ini akan terwujud.	A-empty arti filled	arti translated from Japanese; en field cross-check	Japanese (primary) + existing en	medium-high
vocabulary_senses	af83e598-2cff-4e35-867f-84a62d94a45e	examples[1].reading	いつか私の夢は実現する。	reading		いつか わたし の ゆめ は じつげんする。	missing-reading recovered	Reading recovered from Japanese (Sudachi+ENO lexicon/conj) + manual review; segmented by final ENO rules	Japanese + ENO vocab term/reading + Sudachi + manual review	high
vocabulary_senses	af83e598-2cff-4e35-867f-84a62d94a45e	examples[1].romaji	いつか私の夢は実現する。	romaji		Itsuka watashi no yume wa jitsugensuru.	missing-reading recovered	romaji generated from recovered Reading in ENO style	gen(Reading)	high
vocabulary_senses	af83e598-2cff-4e35-867f-84a62d94a45e	examples[1].id	いつか私の夢は実現する。	id		Suatu hari nanti mimpiku akan terwujud.	A-empty arti filled	arti translated from Japanese; en field cross-check	Japanese (primary) + existing en	medium-high
vocabulary_senses	b037c0c1-c0c0-45c4-9b1a-ea5381559e83	examples[1].reading	薄暮れが迫った。	reading		うすぐれ が せまった。	missing-reading recovered	Reading recovered from Japanese (Sudachi+ENO lexicon/conj) + manual review; segmented by final ENO rules	Japanese + ENO vocab term/reading + Sudachi + manual review	high
vocabulary_senses	b037c0c1-c0c0-45c4-9b1a-ea5381559e83	examples[1].romaji	薄暮れが迫った。	romaji		Usugure ga sematta.	missing-reading recovered	romaji generated from recovered Reading in ENO style	gen(Reading)	high
vocabulary_senses	b037c0c1-c0c0-45c4-9b1a-ea5381559e83	examples[1].id	薄暮れが迫った。	id		Senja mulai tiba.	A-empty arti filled	arti translated from Japanese; en field cross-check	Japanese (primary) + existing en	medium-high
vocabulary_senses	b0b93ef9-ccbb-4e0e-8b37-46fa12c31916	examples[0].reading	７時頃にね。	reading		しちじ ごろ に ね。	missing-reading recovered	Reading recovered from Japanese (Sudachi+ENO lexicon/conj) + manual review; segmented by final ENO rules	Japanese + ENO vocab term/reading + Sudachi + manual review	medium
vocabulary_senses	b0b93ef9-ccbb-4e0e-8b37-46fa12c31916	examples[0].romaji	７時頃にね。	romaji		Shichiji goro ni ne.	missing-reading recovered	romaji generated from recovered Reading in ENO style	gen(Reading)	high
vocabulary_senses	b0b93ef9-ccbb-4e0e-8b37-46fa12c31916	examples[0].id	７時頃にね。	id		Sekitar jam tujuh, ya.	A-empty arti filled	arti translated from Japanese; en field cross-check	Japanese (primary) + existing en	medium-high
vocabulary_senses	b0b93ef9-ccbb-4e0e-8b37-46fa12c31916	examples[1].reading	2時半頃出た。	reading		にじ はんごろ でた。	missing-reading recovered	Reading recovered from Japanese (Sudachi+ENO lexicon/conj) + manual review; segmented by final ENO rules	Japanese + ENO vocab term/reading + Sudachi + manual review	medium
vocabulary_senses	b0b93ef9-ccbb-4e0e-8b37-46fa12c31916	examples[1].romaji	2時半頃出た。	romaji		Niji hangoro deta.	missing-reading recovered	romaji generated from recovered Reading in ENO style	gen(Reading)	high
vocabulary_senses	b0b93ef9-ccbb-4e0e-8b37-46fa12c31916	examples[1].id	2時半頃出た。	id		Saya berangkat sekitar pukul setengah tiga.	A-empty arti filled	arti translated from Japanese; en field cross-check	Japanese (primary) + existing en	medium-high
vocabulary_senses	b11faa98-61e0-429e-9255-2bcf069a2de5	examples[0].reading	ひかり三号は十時に出発します。	reading		ひかり さんごう は じゅうじ に しゅっぱつします。	missing-reading recovered	Reading recovered from Japanese (Sudachi+ENO lexicon/conj) + manual review; segmented by final ENO rules	Japanese + ENO vocab term/reading + Sudachi + manual review	high
vocabulary_senses	b11faa98-61e0-429e-9255-2bcf069a2de5	examples[0].romaji	ひかり三号は十時に出発します。	romaji		Hikari sangou wa juuji ni shuppatsushimasu.	missing-reading recovered	romaji generated from recovered Reading in ENO style	gen(Reading)	high
vocabulary_senses	b14d42a4-5f8a-43cc-854d-56a5096a2bb5	examples[0].reading	切符は三日間有効だ。	reading		きっぷ は みっかかん ゆうこう だ。	missing-reading recovered	Reading recovered from Japanese (Sudachi+ENO lexicon/conj) + manual review; segmented by final ENO rules	Japanese + ENO vocab term/reading + Sudachi + manual review	high
vocabulary_senses	b14d42a4-5f8a-43cc-854d-56a5096a2bb5	examples[0].romaji	切符は三日間有効だ。	romaji		Kippu wa mikkakan yuukou da.	missing-reading recovered	romaji generated from recovered Reading in ENO style	gen(Reading)	high
vocabulary_senses	b14d42a4-5f8a-43cc-854d-56a5096a2bb5	examples[0].id	切符は三日間有効だ。	id		Tiket ini berlaku selama tiga hari.	A-empty arti filled	arti translated from Japanese; en field cross-check	Japanese (primary) + existing en	medium-high
vocabulary_senses	b228ac57-66c9-4b47-8624-dced46b4fc9d	examples[0].reading	氷山の一角だよ。	reading		ひょうざん の いっかく だ よ。	missing-reading recovered	Reading recovered from Japanese (Sudachi+ENO lexicon/conj) + manual review; segmented by final ENO rules	Japanese + ENO vocab term/reading + Sudachi + manual review	high
vocabulary_senses	b228ac57-66c9-4b47-8624-dced46b4fc9d	examples[0].romaji	氷山の一角だよ。	romaji		Hyouzan no ikkaku da yo.	missing-reading recovered	romaji generated from recovered Reading in ENO style	gen(Reading)	high
vocabulary_senses	b228ac57-66c9-4b47-8624-dced46b4fc9d	examples[0].id	氷山の一角だよ。	id		Itu hanya puncak gunung es.	A-empty arti filled	arti translated from Japanese; en field cross-check	Japanese (primary) + existing en	medium-high
vocabulary_senses	b228ac57-66c9-4b47-8624-dced46b4fc9d	examples[1].reading	そこの角ですよ。	reading		そこ の かど です よ。	missing-reading recovered	Reading recovered from Japanese (Sudachi+ENO lexicon/conj) + manual review; segmented by final ENO rules	Japanese + ENO vocab term/reading + Sudachi + manual review	high
vocabulary_senses	b228ac57-66c9-4b47-8624-dced46b4fc9d	examples[1].romaji	そこの角ですよ。	romaji		Soko no kado desu yo.	missing-reading recovered	romaji generated from recovered Reading in ENO style	gen(Reading)	high
vocabulary_senses	b228ac57-66c9-4b47-8624-dced46b4fc9d	examples[1].id	そこの角ですよ。	id		Ada di sudut sana.	A-empty arti filled	arti translated from Japanese; en field cross-check	Japanese (primary) + existing en	medium-high
vocabulary_senses	b2ea803a-c2ef-4b3b-95a3-6e7602bd8e0f	examples[0].reading	罪悪感を覚えた。	reading		ざいあくかん を おぼえた。	missing-reading recovered	Reading recovered from Japanese (Sudachi+ENO lexicon/conj) + manual review; segmented by final ENO rules	Japanese + ENO vocab term/reading + Sudachi + manual review	high
vocabulary_senses	b2ea803a-c2ef-4b3b-95a3-6e7602bd8e0f	examples[0].romaji	罪悪感を覚えた。	romaji		Zaiakukan o oboeta.	missing-reading recovered	romaji generated from recovered Reading in ENO style	gen(Reading)	high
vocabulary_senses	b2ea803a-c2ef-4b3b-95a3-6e7602bd8e0f	examples[0].id	罪悪感を覚えた。	id		Saya merasa bersalah.	A-empty arti filled	arti translated from Japanese; en field cross-check	Japanese (primary) + existing en	medium-high
vocabulary_senses	b2f9f1e7-31de-44bb-821a-2b9326e8be45	examples[0].reading	世界には７大陸がある。	reading		せかい には ななたいりく が ある。	missing-reading recovered	Reading recovered from Japanese (Sudachi+ENO lexicon/conj) + manual review; segmented by final ENO rules	Japanese + ENO vocab term/reading + Sudachi + manual review	medium
vocabulary_senses	b2f9f1e7-31de-44bb-821a-2b9326e8be45	examples[0].romaji	世界には７大陸がある。	romaji		Sekai ni wa nanatairiku ga aru.	missing-reading recovered	romaji generated from recovered Reading in ENO style	gen(Reading)	high
vocabulary_senses	b2f9f1e7-31de-44bb-821a-2b9326e8be45	examples[0].id	世界には７大陸がある。	id		Dunia memiliki tujuh benua.	A-empty arti filled	arti translated from Japanese; en field cross-check	Japanese (primary) + existing en	medium-high
vocabulary_senses	b3c9d13e-63f6-4e8f-86f6-54c6782539af	examples[0].reading	店は九時から営業しています。	reading		みせ は くじ から えいぎょうして います。	missing-reading recovered	Reading recovered from Japanese (Sudachi+ENO lexicon/conj) + manual review; segmented by final ENO rules	Japanese + ENO vocab term/reading + Sudachi + manual review	high
vocabulary_senses	b3c9d13e-63f6-4e8f-86f6-54c6782539af	examples[0].romaji	店は九時から営業しています。	romaji		Mise wa kuji kara eigyoushite imasu.	missing-reading recovered	romaji generated from recovered Reading in ENO style	gen(Reading)	high
vocabulary_senses	b414e110-8c5d-4925-9457-40c872588030	examples[0].reading	ほら財布だ。	reading		ほら さいふ だ。	missing-reading recovered	Reading recovered from Japanese (Sudachi+ENO lexicon/conj) + manual review; segmented by final ENO rules	Japanese + ENO vocab term/reading + Sudachi + manual review	high
vocabulary_senses	b414e110-8c5d-4925-9457-40c872588030	examples[0].romaji	ほら財布だ。	romaji		Hora saifu da.	missing-reading recovered	romaji generated from recovered Reading in ENO style	gen(Reading)	high
vocabulary_senses	b414e110-8c5d-4925-9457-40c872588030	examples[0].id	ほら財布だ。	id		Nih, dompetnya.	A-empty arti filled	arti translated from Japanese; en field cross-check	Japanese (primary) + existing en	medium-high
vocabulary_senses	b414e110-8c5d-4925-9457-40c872588030	examples[1].reading	財布を返せ。	reading		さいふ を かえせ。	missing-reading recovered	Reading recovered from Japanese (Sudachi+ENO lexicon/conj) + manual review; segmented by final ENO rules	Japanese + ENO vocab term/reading + Sudachi + manual review	high
vocabulary_senses	b414e110-8c5d-4925-9457-40c872588030	examples[1].romaji	財布を返せ。	romaji		Saifu o kaese.	missing-reading recovered	romaji generated from recovered Reading in ENO style	gen(Reading)	high
vocabulary_senses	b414e110-8c5d-4925-9457-40c872588030	examples[1].id	財布を返せ。	id		Kembalikan dompetku.	A-empty arti filled	arti translated from Japanese; en field cross-check	Japanese (primary) + existing en	medium-high
vocabulary_senses	b4ab6b76-94ac-404c-9ee6-612766c26e63	examples[1].reading	中に入れて。	reading		なか に いれて。	missing-reading recovered	Reading recovered from Japanese (Sudachi+ENO lexicon/conj) + manual review; segmented by final ENO rules	Japanese + ENO vocab term/reading + Sudachi + manual review	high
vocabulary_senses	b4ab6b76-94ac-404c-9ee6-612766c26e63	examples[1].romaji	中に入れて。	romaji		Naka ni irete.	missing-reading recovered	romaji generated from recovered Reading in ENO style	gen(Reading)	high
vocabulary_senses	b4ab6b76-94ac-404c-9ee6-612766c26e63	examples[1].id	中に入れて。	id		Biarkan aku masuk.	A-empty arti filled	arti translated from Japanese; en field cross-check	Japanese (primary) + existing en	medium-high
vocabulary_senses	b645efd2-f49b-404b-94dc-6d3370e3527f	examples[1].reading	この辞書の改訂には６年かかった。	reading		この じしょ の かいてい には ろくねん かかった。	missing-reading recovered	Reading recovered from Japanese (Sudachi+ENO lexicon/conj) + manual review; segmented by final ENO rules	Japanese + ENO vocab term/reading + Sudachi + manual review	medium
vocabulary_senses	b645efd2-f49b-404b-94dc-6d3370e3527f	examples[1].romaji	この辞書の改訂には６年かかった。	romaji		Kono jisho no kaitei ni wa rokunen kakatta.	missing-reading recovered	romaji generated from recovered Reading in ENO style	gen(Reading)	high
vocabulary_senses	b645efd2-f49b-404b-94dc-6d3370e3527f	examples[1].id	この辞書の改訂には６年かかった。	id		Merevisi kamus ini memakan waktu enam tahun.	A-empty arti filled	arti translated from Japanese; en field cross-check	Japanese (primary) + existing en	medium-high
vocabulary_senses	b6d0db83-ee5d-47fd-b8cd-c3bc6beb45e9	examples[1].reading	その指輪を手放すな。	reading		その ゆびわ を てばなすな。	missing-reading recovered	Reading recovered from Japanese (Sudachi+ENO lexicon/conj) + manual review; segmented by final ENO rules	Japanese + ENO vocab term/reading + Sudachi + manual review	high
vocabulary_senses	b6d0db83-ee5d-47fd-b8cd-c3bc6beb45e9	examples[1].romaji	その指輪を手放すな。	romaji		Sono yubiwa o tebanasuna.	missing-reading recovered	romaji generated from recovered Reading in ENO style	gen(Reading)	high
vocabulary_senses	b6d0db83-ee5d-47fd-b8cd-c3bc6beb45e9	examples[1].id	その指輪を手放すな。	id		Jangan lepaskan cincin itu.	A-empty arti filled	arti translated from Japanese; en field cross-check	Japanese (primary) + existing en	medium-high
vocabulary_senses	b753660a-ef50-4bae-8128-4d7418a4eef6	examples[0].reading	彼女は毒舌家だ。	reading		かのじょ は どくぜつか だ。	missing-reading recovered	Reading recovered from Japanese (Sudachi+ENO lexicon/conj) + manual review; segmented by final ENO rules	Japanese + ENO vocab term/reading + Sudachi + manual review	high
vocabulary_senses	b753660a-ef50-4bae-8128-4d7418a4eef6	examples[0].romaji	彼女は毒舌家だ。	romaji		Kanojo wa dokuzetsuka da.	missing-reading recovered	romaji generated from recovered Reading in ENO style	gen(Reading)	high
vocabulary_senses	b753660a-ef50-4bae-8128-4d7418a4eef6	examples[0].id	彼女は毒舌家だ。	id		Dia orang yang lidahnya tajam.	A-empty arti filled	arti translated from Japanese; en field cross-check	Japanese (primary) + existing en	medium-high
vocabulary_senses	b753660a-ef50-4bae-8128-4d7418a4eef6	examples[1].reading	二枚舌を使うな。	reading		にまいじた を つかうな。	missing-reading recovered	Reading recovered from Japanese (Sudachi+ENO lexicon/conj) + manual review; segmented by final ENO rules	Japanese + ENO vocab term/reading + Sudachi + manual review	high
vocabulary_senses	b753660a-ef50-4bae-8128-4d7418a4eef6	examples[1].romaji	二枚舌を使うな。	romaji		Nimaijita o tsukauna.	missing-reading recovered	romaji generated from recovered Reading in ENO style	gen(Reading)	high
vocabulary_senses	b753660a-ef50-4bae-8128-4d7418a4eef6	examples[1].id	二枚舌を使うな。	id		Jangan bermuka dua (jangan berbicara dengan dua lidah).	A-empty arti filled	arti translated from Japanese; en field cross-check	Japanese (primary) + existing en	medium-high
vocabulary_senses	b7cb0dc8-4f2a-4add-b37b-ff0862a29c3e	examples[0].reading	処刑を廃止するべきだ。	reading		しょけい を はいしするべき だ。	missing-reading recovered	Reading recovered from Japanese (Sudachi+ENO lexicon/conj) + manual review; segmented by final ENO rules	Japanese + ENO vocab term/reading + Sudachi + manual review	high
vocabulary_senses	b7cb0dc8-4f2a-4add-b37b-ff0862a29c3e	examples[0].romaji	処刑を廃止するべきだ。	romaji		Shokei o haishisurubeki da.	missing-reading recovered	romaji generated from recovered Reading in ENO style	gen(Reading)	high
vocabulary_senses	b7cb0dc8-4f2a-4add-b37b-ff0862a29c3e	examples[0].id	処刑を廃止するべきだ。	id		Hukuman mati harus dihapuskan.	A-empty arti filled	arti translated from Japanese; en field cross-check	Japanese (primary) + existing en	medium-high
vocabulary_senses	b7cb0dc8-4f2a-4add-b37b-ff0862a29c3e	examples[1].reading	死刑は廃止すべきである。	reading		しけい は はいし すべき で ある。	missing-reading recovered	Reading recovered from Japanese (Sudachi+ENO lexicon/conj) + manual review; segmented by final ENO rules	Japanese + ENO vocab term/reading + Sudachi + manual review	high
vocabulary_senses	b7cb0dc8-4f2a-4add-b37b-ff0862a29c3e	examples[1].romaji	死刑は廃止すべきである。	romaji		Shikei wa haishi subeki de aru.	missing-reading recovered	romaji generated from recovered Reading in ENO style	gen(Reading)	high
vocabulary_senses	b7cb0dc8-4f2a-4add-b37b-ff0862a29c3e	examples[1].id	死刑は廃止すべきである。	id		Hukuman mati harus dihapuskan.	A-empty arti filled	arti translated from Japanese; en field cross-check	Japanese (primary) + existing en	medium-high
vocabulary_senses	b8259061-7253-45a1-84f8-33497195b9f0	examples[0].reading	素直になりなよ。	reading		すなお に なりな よ。	missing-reading recovered	Reading recovered from Japanese (Sudachi+ENO lexicon/conj) + manual review; segmented by final ENO rules	Japanese + ENO vocab term/reading + Sudachi + manual review	high
vocabulary_senses	b8259061-7253-45a1-84f8-33497195b9f0	examples[0].romaji	素直になりなよ。	romaji		Sunao ni narina yo.	missing-reading recovered	romaji generated from recovered Reading in ENO style	gen(Reading)	high
vocabulary_senses	b8259061-7253-45a1-84f8-33497195b9f0	examples[1].reading	彼は直に腹を立てる。	reading		かれ は じきに はら を たてる。	missing-reading recovered	Reading recovered from Japanese (Sudachi+ENO lexicon/conj) + manual review; segmented by final ENO rules	Japanese + ENO vocab term/reading + Sudachi + manual review	high
vocabulary_senses	b8259061-7253-45a1-84f8-33497195b9f0	examples[1].romaji	彼は直に腹を立てる。	romaji		Kare wa jikini hara o tateru.	missing-reading recovered	romaji generated from recovered Reading in ENO style	gen(Reading)	high
vocabulary_senses	b8259061-7253-45a1-84f8-33497195b9f0	examples[1].id	彼は直に腹を立てる。	id		Dia mudah marah.	A-empty arti filled	arti translated from Japanese; en field cross-check	Japanese (primary) + existing en	medium-high
vocabulary_senses	b8bd30fc-ff09-4c85-8101-f00dc4fc8aed	examples[0].reading	彼は多趣味だ。	reading		かれ は たしゅみ だ。	missing-reading recovered	Reading recovered from Japanese (Sudachi+ENO lexicon/conj) + manual review; segmented by final ENO rules	Japanese + ENO vocab term/reading + Sudachi + manual review	high
vocabulary_senses	b8bd30fc-ff09-4c85-8101-f00dc4fc8aed	examples[0].romaji	彼は多趣味だ。	romaji		Kare wa tashumi da.	missing-reading recovered	romaji generated from recovered Reading in ENO style	gen(Reading)	high
vocabulary_senses	b8bd30fc-ff09-4c85-8101-f00dc4fc8aed	examples[0].id	彼は多趣味だ。	id		Dia punya banyak hobi.	A-empty arti filled	arti translated from Japanese; en field cross-check	Japanese (primary) + existing en	medium-high
vocabulary_senses	b8bd30fc-ff09-4c85-8101-f00dc4fc8aed	examples[1].reading	趣味は異なる。	reading		しゅみ は ことなる。	missing-reading recovered	Reading recovered from Japanese (Sudachi+ENO lexicon/conj) + manual review; segmented by final ENO rules	Japanese + ENO vocab term/reading + Sudachi + manual review	high
vocabulary_senses	b8bd30fc-ff09-4c85-8101-f00dc4fc8aed	examples[1].romaji	趣味は異なる。	romaji		Shumi wa kotonaru.	missing-reading recovered	romaji generated from recovered Reading in ENO style	gen(Reading)	high
vocabulary_senses	b8bd30fc-ff09-4c85-8101-f00dc4fc8aed	examples[1].id	趣味は異なる。	id		Selera itu berbeda-beda.	A-empty arti filled	arti translated from Japanese; en field cross-check	Japanese (primary) + existing en	medium-high
vocabulary_senses	b9d35d8c-eaa3-451e-ae93-562cad52e4d3	examples[0].reading	午後はにわか雨が降るでしょう。	reading		ごご は にわかあめ が ふる でしょう。	missing-reading recovered	Reading recovered from Japanese (Sudachi+ENO lexicon/conj) + manual review; segmented by final ENO rules	Japanese + ENO vocab term/reading + Sudachi + manual review	high
vocabulary_senses	b9d35d8c-eaa3-451e-ae93-562cad52e4d3	examples[0].romaji	午後はにわか雨が降るでしょう。	romaji		Gogo wa niwakaame ga furu deshou.	missing-reading recovered	romaji generated from recovered Reading in ENO style	gen(Reading)	high
vocabulary_senses	bb993fa1-ea32-48c4-bcad-b7b4599526fd	examples[1].reading	10数えるまで待ってて。	reading		じゅう かぞえる まで まってて。	missing-reading recovered	Reading recovered from Japanese (Sudachi+ENO lexicon/conj) + manual review; segmented by final ENO rules	Japanese + ENO vocab term/reading + Sudachi + manual review	medium
vocabulary_senses	bb993fa1-ea32-48c4-bcad-b7b4599526fd	examples[1].romaji	10数えるまで待ってて。	romaji		Juu kazoeru made mattete.	missing-reading recovered	romaji generated from recovered Reading in ENO style	gen(Reading)	high
vocabulary_senses	bb993fa1-ea32-48c4-bcad-b7b4599526fd	examples[1].id	10数えるまで待ってて。	id		Tunggu sampai aku menghitung sampai sepuluh.	A-empty arti filled	arti translated from Japanese; en field cross-check	Japanese (primary) + existing en	medium-high
vocabulary_senses	bc2d0bc5-71b0-4054-b8a8-ba81bea12899	examples[1].reading	二酸化炭素によって危害を被ることがある。	reading		にさんか たんそ によって きがい を こうむる こと が ある。	missing-reading recovered	Reading recovered from Japanese (Sudachi+ENO lexicon/conj) + manual review; segmented by final ENO rules	Japanese + ENO vocab term/reading + Sudachi + manual review	high
vocabulary_senses	bc2d0bc5-71b0-4054-b8a8-ba81bea12899	examples[1].romaji	二酸化炭素によって危害を被ることがある。	romaji		Nisanka tanso niyotte kigai o koumuru koto ga aru.	missing-reading recovered	romaji generated from recovered Reading in ENO style	gen(Reading)	high
vocabulary_senses	bc2d0bc5-71b0-4054-b8a8-ba81bea12899	examples[1].id	二酸化炭素によって危害を被ることがある。	id		Karbon dioksida kadang dapat membahayakan manusia.	A-empty arti filled	arti translated from Japanese; en field cross-check	Japanese (primary) + existing en	medium-high
vocabulary_senses	bd95db3e-0fc3-4719-9b17-753c6458d9b0	examples[0].reading	３日連続して雨が降った。	reading		みっか れんぞくして あめ が ふった。	missing-reading recovered	Reading recovered from Japanese (Sudachi+ENO lexicon/conj) + manual review; segmented by final ENO rules	Japanese + ENO vocab term/reading + Sudachi + manual review	medium
vocabulary_senses	bd95db3e-0fc3-4719-9b17-753c6458d9b0	examples[0].romaji	３日連続して雨が降った。	romaji		Mikka renzokushite ame ga futta.	missing-reading recovered	romaji generated from recovered Reading in ENO style	gen(Reading)	high
vocabulary_senses	bd95db3e-0fc3-4719-9b17-753c6458d9b0	examples[0].id	３日連続して雨が降った。	id		Hujan turun tiga hari berturut-turut.	A-empty arti filled	arti translated from Japanese; en field cross-check	Japanese (primary) + existing en	medium-high
vocabulary_senses	bdfc6a77-dc84-40aa-ae15-4609fa9f0d89	examples[1].reading	初めの一歩が唯一の難関。	reading		はじめ の いっぽ が ゆいいつ の なんかん。	missing-reading recovered	Reading recovered from Japanese (Sudachi+ENO lexicon/conj) + manual review; segmented by final ENO rules	Japanese + ENO vocab term/reading + Sudachi + manual review	high
vocabulary_senses	bdfc6a77-dc84-40aa-ae15-4609fa9f0d89	examples[1].romaji	初めの一歩が唯一の難関。	romaji		Hajime no ippo ga yuiitsu no nankan.	missing-reading recovered	romaji generated from recovered Reading in ENO style	gen(Reading)	high
vocabulary_senses	bdfc6a77-dc84-40aa-ae15-4609fa9f0d89	examples[1].id	初めの一歩が唯一の難関。	id		Langkah pertama adalah satu-satunya rintangan.	A-empty arti filled	arti translated from Japanese; en field cross-check	Japanese (primary) + existing en	medium-high
vocabulary_senses	be5ae227-5441-459d-9be8-6e0b70c23df2	examples[0].reading	日本の年中行事を調べます。	reading		にほん の ねんじゅうぎょうじ を しらべます。	missing-reading recovered	Reading recovered from Japanese (Sudachi+ENO lexicon/conj) + manual review; segmented by final ENO rules	Japanese + ENO vocab term/reading + Sudachi + manual review	high
vocabulary_senses	be5ae227-5441-459d-9be8-6e0b70c23df2	examples[0].romaji	日本の年中行事を調べます。	romaji		Nihon no nenjuugyouji o shirabemasu.	missing-reading recovered	romaji generated from recovered Reading in ENO style	gen(Reading)	high
vocabulary_senses	c03f570f-1536-4cdb-b211-6536bc424a9e	examples[1].reading	寝る時間よ。	reading		ねる じかん よ。	missing-reading recovered	Reading recovered from Japanese (Sudachi+ENO lexicon/conj) + manual review; segmented by final ENO rules	Japanese + ENO vocab term/reading + Sudachi + manual review	high
vocabulary_senses	c03f570f-1536-4cdb-b211-6536bc424a9e	examples[1].romaji	寝る時間よ。	romaji		Neru jikan yo.	missing-reading recovered	romaji generated from recovered Reading in ENO style	gen(Reading)	high
vocabulary_senses	c03f570f-1536-4cdb-b211-6536bc424a9e	examples[1].id	寝る時間よ。	id		Sudah waktunya tidur.	A-empty arti filled	arti translated from Japanese; en field cross-check	Japanese (primary) + existing en	medium-high
vocabulary_senses	c04babf1-7782-4761-8694-02177f0c6044	examples[0].reading	風は１日中吹いた。	reading		かぜ は いちにちじゅう ふいた。	missing-reading recovered	Reading recovered from Japanese (Sudachi+ENO lexicon/conj) + manual review; segmented by final ENO rules	Japanese + ENO vocab term/reading + Sudachi + manual review	medium
vocabulary_senses	c04babf1-7782-4761-8694-02177f0c6044	examples[0].romaji	風は１日中吹いた。	romaji		Kaze wa ichinichijuu fuita.	missing-reading recovered	romaji generated from recovered Reading in ENO style	gen(Reading)	high
vocabulary_senses	c04babf1-7782-4761-8694-02177f0c6044	examples[0].id	風は１日中吹いた。	id		Angin bertiup sepanjang hari.	A-empty arti filled	arti translated from Japanese; en field cross-check	Japanese (primary) + existing en	medium-high
vocabulary_senses	c04babf1-7782-4761-8694-02177f0c6044	examples[1].reading	彼は一日中眠った。	reading		かれ は いちにちじゅう ねむった。	missing-reading recovered	Reading recovered from Japanese (Sudachi+ENO lexicon/conj) + manual review; segmented by final ENO rules	Japanese + ENO vocab term/reading + Sudachi + manual review	high
vocabulary_senses	c04babf1-7782-4761-8694-02177f0c6044	examples[1].romaji	彼は一日中眠った。	romaji		Kare wa ichinichijuu nemutta.	missing-reading recovered	romaji generated from recovered Reading in ENO style	gen(Reading)	high
vocabulary_senses	c04babf1-7782-4761-8694-02177f0c6044	examples[1].id	彼は一日中眠った。	id		Dia tidur sepanjang hari.	A-empty arti filled	arti translated from Japanese; en field cross-check	Japanese (primary) + existing en	medium-high
vocabulary_senses	c0e5908a-01f5-4c57-8e10-6bf697344ae4	examples[0].reading	十八歳以上の人が参加できます。	reading		じゅうはちさい いじょう の ひと が さんかできます。	missing-reading recovered	Reading recovered from Japanese (Sudachi+ENO lexicon/conj) + manual review; segmented by final ENO rules	Japanese + ENO vocab term/reading + Sudachi + manual review	high
vocabulary_senses	c0e5908a-01f5-4c57-8e10-6bf697344ae4	examples[0].romaji	十八歳以上の人が参加できます。	romaji		Juuhachisai ijou no hito ga sankadekimasu.	missing-reading recovered	romaji generated from recovered Reading in ENO style	gen(Reading)	high
vocabulary_senses	c13d17f8-03f7-4dd3-9dd8-f00af61ce64a	examples[0].reading	卵を二個使います。	reading		たまご を にこ つかいます。	missing-reading recovered	Reading recovered from Japanese (Sudachi+ENO lexicon/conj) + manual review; segmented by final ENO rules	Japanese + ENO vocab term/reading + Sudachi + manual review	high
vocabulary_senses	c13d17f8-03f7-4dd3-9dd8-f00af61ce64a	examples[0].romaji	卵を二個使います。	romaji		Tamago o niko tsukaimasu.	missing-reading recovered	romaji generated from recovered Reading in ENO style	gen(Reading)	high
vocabulary_senses	c1885a8f-ab7b-45b4-b916-965a4398f320	examples[0].reading	息苦しいです。	reading		いきぐるしい です。	missing-reading recovered	Reading recovered from Japanese (Sudachi+ENO lexicon/conj) + manual review; segmented by final ENO rules	Japanese + ENO vocab term/reading + Sudachi + manual review	high
vocabulary_senses	c1885a8f-ab7b-45b4-b916-965a4398f320	examples[0].romaji	息苦しいです。	romaji		Ikigurushii desu.	missing-reading recovered	romaji generated from recovered Reading in ENO style	gen(Reading)	high
vocabulary_senses	c1885a8f-ab7b-45b4-b916-965a4398f320	examples[0].id	息苦しいです。	id		Rasanya sesak napas.	A-empty arti filled	arti translated from Japanese; en field cross-check	Japanese (primary) + existing en	medium-high
vocabulary_senses	c190661d-656e-47e0-baa0-aa2c0ab46335	examples[1].reading	百も承知です。	reading		ひゃく も しょうち です。	missing-reading recovered	Reading recovered from Japanese (Sudachi+ENO lexicon/conj) + manual review; segmented by final ENO rules	Japanese + ENO vocab term/reading + Sudachi + manual review	high
vocabulary_senses	c190661d-656e-47e0-baa0-aa2c0ab46335	examples[1].romaji	百も承知です。	romaji		Hyaku mo shouchi desu.	missing-reading recovered	romaji generated from recovered Reading in ENO style	gen(Reading)	high
vocabulary_senses	c190661d-656e-47e0-baa0-aa2c0ab46335	examples[1].id	百も承知です。	id		Saya sudah sangat paham.	A-empty arti filled	arti translated from Japanese; en field cross-check	Japanese (primary) + existing en	medium-high
vocabulary_senses	c1cd4a07-7793-4f8c-a567-888d58135c8c	examples[1].reading	命あっての物種。	reading		いのち あって の ものだね。	missing-reading recovered	Reading recovered from Japanese (Sudachi+ENO lexicon/conj) + manual review; segmented by final ENO rules	Japanese + ENO vocab term/reading + Sudachi + manual review	high
vocabulary_senses	c1cd4a07-7793-4f8c-a567-888d58135c8c	examples[1].romaji	命あっての物種。	romaji		Inochi atte no monodane.	missing-reading recovered	romaji generated from recovered Reading in ENO style	gen(Reading)	high
vocabulary_senses	c1cd4a07-7793-4f8c-a567-888d58135c8c	examples[1].id	命あっての物種。	id		Yang terpenting adalah nyawa (selama masih hidup, ada harapan).	A-empty arti filled	arti translated from Japanese; en field cross-check	Japanese (primary) + existing en	medium-high
vocabulary_senses	c24c3d08-42d4-4d1e-85d3-3c7c53d5528c	examples[0].reading	保証は一年間です。	reading		ほしょう は いちねんかん です。	missing-reading recovered	Reading recovered from Japanese (Sudachi+ENO lexicon/conj) + manual review; segmented by final ENO rules	Japanese + ENO vocab term/reading + Sudachi + manual review	high
vocabulary_senses	c24c3d08-42d4-4d1e-85d3-3c7c53d5528c	examples[0].romaji	保証は一年間です。	romaji		Hoshou wa ichinenkan desu.	missing-reading recovered	romaji generated from recovered Reading in ENO style	gen(Reading)	high
vocabulary_senses	c24c3d08-42d4-4d1e-85d3-3c7c53d5528c	examples[0].id	保証は一年間です。	id		Garansinya satu tahun.	A-empty arti filled	arti translated from Japanese; en field cross-check	Japanese (primary) + existing en	medium-high
vocabulary_senses	c24c3d08-42d4-4d1e-85d3-3c7c53d5528c	examples[1].reading	ぼくは１年間禁煙した。	reading		ぼく は いちねんかん きんえんした。	missing-reading recovered	Reading recovered from Japanese (Sudachi+ENO lexicon/conj) + manual review; segmented by final ENO rules	Japanese + ENO vocab term/reading + Sudachi + manual review	medium
vocabulary_senses	c24c3d08-42d4-4d1e-85d3-3c7c53d5528c	examples[1].romaji	ぼくは１年間禁煙した。	romaji		Boku wa ichinenkan kin'enshita.	missing-reading recovered	romaji generated from recovered Reading in ENO style	gen(Reading)	high
vocabulary_senses	c24c3d08-42d4-4d1e-85d3-3c7c53d5528c	examples[1].id	ぼくは１年間禁煙した。	id		Saya berhenti merokok selama setahun.	A-empty arti filled	arti translated from Japanese; en field cross-check	Japanese (primary) + existing en	medium-high
vocabulary_senses	c25fdeed-45bf-4119-bb11-df9309b51a8b	examples[0].reading	コーヒーを二杯飲みました。	reading		コーヒー を にはい のみました。	missing-reading recovered	Reading recovered from Japanese (Sudachi+ENO lexicon/conj) + manual review; segmented by final ENO rules	Japanese + ENO vocab term/reading + Sudachi + manual review	high
vocabulary_senses	c25fdeed-45bf-4119-bb11-df9309b51a8b	examples[0].romaji	コーヒーを二杯飲みました。	romaji		Koohii o nihai nomimashita.	missing-reading recovered	romaji generated from recovered Reading in ENO style	gen(Reading)	high
vocabulary_senses	c8682748-4e47-4d6a-8a1d-6fa3306ff5bb	examples[1].reading	水は摂氏０度で凍る。	reading		みず は せっし れいど で こおる。	missing-reading recovered	Reading recovered from Japanese (Sudachi+ENO lexicon/conj) + manual review; segmented by final ENO rules	Japanese + ENO vocab term/reading + Sudachi + manual review	medium
vocabulary_senses	c8682748-4e47-4d6a-8a1d-6fa3306ff5bb	examples[1].romaji	水は摂氏０度で凍る。	romaji		Mizu wa sesshi reido de kooru.	missing-reading recovered	romaji generated from recovered Reading in ENO style	gen(Reading)	high
vocabulary_senses	c8682748-4e47-4d6a-8a1d-6fa3306ff5bb	examples[1].id	水は摂氏０度で凍る。	id		Air membeku pada 0 derajat Celsius.	A-empty arti filled	arti translated from Japanese; en field cross-check	Japanese (primary) + existing en	medium-high
vocabulary_senses	c98da984-38a1-4ef6-a058-c5202783a0ae	examples[0].reading	窮鼠猫を噛む。	reading		きゅうそ ねこ を かむ。	missing-reading recovered	Reading recovered from Japanese (Sudachi+ENO lexicon/conj) + manual review; segmented by final ENO rules	Japanese + ENO vocab term/reading + Sudachi + manual review	high
vocabulary_senses	c98da984-38a1-4ef6-a058-c5202783a0ae	examples[0].romaji	窮鼠猫を噛む。	romaji		Kyuuso neko o kamu.	missing-reading recovered	romaji generated from recovered Reading in ENO style	gen(Reading)	high
vocabulary_senses	c98da984-38a1-4ef6-a058-c5202783a0ae	examples[0].id	窮鼠猫を噛む。	id		Tikus yang terpojok pun akan menggigit kucing.	A-empty arti filled	arti translated from Japanese; en field cross-check	Japanese (primary) + existing en	medium-high
vocabulary_senses	caaf1106-d403-4e8e-bcd8-38efc50d6453	examples[0].reading	駅まであと二キロです。	reading		えき まで あと にキロ です。	missing-reading recovered	Reading recovered from Japanese (Sudachi+ENO lexicon/conj) + manual review; segmented by final ENO rules	Japanese + ENO vocab term/reading + Sudachi + manual review	high
vocabulary_senses	caaf1106-d403-4e8e-bcd8-38efc50d6453	examples[0].romaji	駅まであと二キロです。	romaji		Eki made ato nikiro desu.	missing-reading recovered	romaji generated from recovered Reading in ENO style	gen(Reading)	high
vocabulary_senses	cd86358a-27d2-4116-a659-8aa14d494f69	examples[0].reading	何が原因ですか。	reading		なに が げんいん です か。	missing-reading recovered	Reading recovered from Japanese (Sudachi+ENO lexicon/conj) + manual review; segmented by final ENO rules	Japanese + ENO vocab term/reading + Sudachi + manual review	high
vocabulary_senses	cd86358a-27d2-4116-a659-8aa14d494f69	examples[0].romaji	何が原因ですか。	romaji		Nani ga gen'in desu ka.	missing-reading recovered	romaji generated from recovered Reading in ENO style	gen(Reading)	high
vocabulary_senses	cd86358a-27d2-4116-a659-8aa14d494f69	examples[0].id	何が原因ですか。	id		Apa penyebabnya?	A-empty arti filled	arti translated from Japanese; en field cross-check	Japanese (primary) + existing en	medium-high
vocabulary_senses	cd86358a-27d2-4116-a659-8aa14d494f69	examples[1].reading	原子力は安全だ。	reading		げんしりょく は あんぜん だ。	missing-reading recovered	Reading recovered from Japanese (Sudachi+ENO lexicon/conj) + manual review; segmented by final ENO rules	Japanese + ENO vocab term/reading + Sudachi + manual review	high
vocabulary_senses	cd86358a-27d2-4116-a659-8aa14d494f69	examples[1].romaji	原子力は安全だ。	romaji		Genshiryoku wa anzen da.	missing-reading recovered	romaji generated from recovered Reading in ENO style	gen(Reading)	high
vocabulary_senses	cd86358a-27d2-4116-a659-8aa14d494f69	examples[1].id	原子力は安全だ。	id		Tenaga nuklir itu aman.	A-empty arti filled	arti translated from Japanese; en field cross-check	Japanese (primary) + existing en	medium-high
vocabulary_senses	cdd6bbbb-e685-46dd-b684-0e12648043f6	examples[0].reading	資金を調達する。	reading		しきん を ちょうたつする。	missing-reading recovered	Reading recovered from Japanese (Sudachi+ENO lexicon/conj) + manual review; segmented by final ENO rules	Japanese + ENO vocab term/reading + Sudachi + manual review	high
vocabulary_senses	cdd6bbbb-e685-46dd-b684-0e12648043f6	examples[0].romaji	資金を調達する。	romaji		Shikin o choutatsusuru.	missing-reading recovered	romaji generated from recovered Reading in ENO style	gen(Reading)	high
vocabulary_senses	cdd6bbbb-e685-46dd-b684-0e12648043f6	examples[0].id	資金を調達する。	id		Saya mengumpulkan dana.	A-empty arti filled	arti translated from Japanese; en field cross-check	Japanese (primary) + existing en	medium-high
vocabulary_senses	cecbb983-773a-445f-9c72-f77070a0ae0a	examples[1].reading	仏の顔も三度。	reading		ほとけ の かお も さんど。	missing-reading recovered	Reading recovered from Japanese (Sudachi+ENO lexicon/conj) + manual review; segmented by final ENO rules	Japanese + ENO vocab term/reading + Sudachi + manual review	high
vocabulary_senses	cecbb983-773a-445f-9c72-f77070a0ae0a	examples[1].romaji	仏の顔も三度。	romaji		Hotoke no kao mo sando.	missing-reading recovered	romaji generated from recovered Reading in ENO style	gen(Reading)	high
vocabulary_senses	cecbb983-773a-445f-9c72-f77070a0ae0a	examples[1].id	仏の顔も三度。	id		Kesabaran seseorang ada batasnya.	A-empty arti filled	arti translated from Japanese; en field cross-check	Japanese (primary) + existing en	medium-high
vocabulary_senses	cf338fd1-424c-4806-810f-4ed6ac3d71e6	examples[1].reading	講演は２時間続いた。	reading		こうえん は にじかん つづいた。	missing-reading recovered	Reading recovered from Japanese (Sudachi+ENO lexicon/conj) + manual review; segmented by final ENO rules	Japanese + ENO vocab term/reading + Sudachi + manual review	medium
vocabulary_senses	cf338fd1-424c-4806-810f-4ed6ac3d71e6	examples[1].romaji	講演は２時間続いた。	romaji		Kouen wa nijikan tsuzuita.	missing-reading recovered	romaji generated from recovered Reading in ENO style	gen(Reading)	high
vocabulary_senses	cf338fd1-424c-4806-810f-4ed6ac3d71e6	examples[1].id	講演は２時間続いた。	id		Ceramah itu berlangsung dua jam.	A-empty arti filled	arti translated from Japanese; en field cross-check	Japanese (primary) + existing en	medium-high
vocabulary_senses	d3637245-7939-41da-afdd-4197689d980f	examples[0].reading	頬にキスしたいな。	reading		ほお に キスしたいな。	missing-reading recovered	Reading recovered from Japanese (Sudachi+ENO lexicon/conj) + manual review; segmented by final ENO rules	Japanese + ENO vocab term/reading + Sudachi + manual review	high
vocabulary_senses	d3637245-7939-41da-afdd-4197689d980f	examples[0].romaji	頬にキスしたいな。	romaji		Hoo ni kisushitaina.	missing-reading recovered	romaji generated from recovered Reading in ENO style	gen(Reading)	high
vocabulary_senses	d3637245-7939-41da-afdd-4197689d980f	examples[0].id	頬にキスしたいな。	id		Aku ingin mencium pipimu.	A-empty arti filled	arti translated from Japanese; en field cross-check	Japanese (primary) + existing en	medium-high
vocabulary_senses	d3637245-7939-41da-afdd-4197689d980f	examples[1].reading	涙が一筋頬を流れた。	reading		なみだ が ひとすじ ほお を ながれた。	missing-reading recovered	Reading recovered from Japanese (Sudachi+ENO lexicon/conj) + manual review; segmented by final ENO rules	Japanese + ENO vocab term/reading + Sudachi + manual review	high
vocabulary_senses	d3637245-7939-41da-afdd-4197689d980f	examples[1].romaji	涙が一筋頬を流れた。	romaji		Namida ga hitosuji hoo o nagareta.	missing-reading recovered	romaji generated from recovered Reading in ENO style	gen(Reading)	high
vocabulary_senses	d3637245-7939-41da-afdd-4197689d980f	examples[1].id	涙が一筋頬を流れた。	id		Seuntai air mata mengalir di pipinya.	A-empty arti filled	arti translated from Japanese; en field cross-check	Japanese (primary) + existing en	medium-high
vocabulary_senses	d3b5f07c-3814-4f81-9a07-a0785c088c38	examples[1].reading	綿は水を吸い込む。	reading		めん は みず を すいこむ。	missing-reading recovered	Reading recovered from Japanese (Sudachi+ENO lexicon/conj) + manual review; segmented by final ENO rules	Japanese + ENO vocab term/reading + Sudachi + manual review	high
vocabulary_senses	d3b5f07c-3814-4f81-9a07-a0785c088c38	examples[1].romaji	綿は水を吸い込む。	romaji		Men wa mizu o suikomu.	missing-reading recovered	romaji generated from recovered Reading in ENO style	gen(Reading)	high
vocabulary_senses	d3b5f07c-3814-4f81-9a07-a0785c088c38	examples[1].id	綿は水を吸い込む。	id		Kapas menyerap air.	A-empty arti filled	arti translated from Japanese; en field cross-check	Japanese (primary) + existing en	medium-high
vocabulary_senses	d41c2917-f47b-4ba2-8f38-1938f8b0303a	examples[0].reading	薬を五十ミリグラム飲みます。	reading		くすり を ごじゅうミリグラム のみます。	missing-reading recovered	Reading recovered from Japanese (Sudachi+ENO lexicon/conj) + manual review; segmented by final ENO rules	Japanese + ENO vocab term/reading + Sudachi + manual review	high
vocabulary_senses	d41c2917-f47b-4ba2-8f38-1938f8b0303a	examples[0].romaji	薬を五十ミリグラム飲みます。	romaji		Kusuri o gojuumiriguramu nomimasu.	missing-reading recovered	romaji generated from recovered Reading in ENO style	gen(Reading)	high
vocabulary_senses	d42f66d3-f538-4583-a034-fbd0c147416d	examples[0].reading	塵も積もれば山となる。	reading		ちり も つもれば やま と なる。	missing-reading recovered	Reading recovered from Japanese (Sudachi+ENO lexicon/conj) + manual review; segmented by final ENO rules	Japanese + ENO vocab term/reading + Sudachi + manual review	high
vocabulary_senses	d42f66d3-f538-4583-a034-fbd0c147416d	examples[0].romaji	塵も積もれば山となる。	romaji		Chiri mo tsumoreba yama to naru.	missing-reading recovered	romaji generated from recovered Reading in ENO style	gen(Reading)	high
vocabulary_senses	d42f66d3-f538-4583-a034-fbd0c147416d	examples[0].id	塵も積もれば山となる。	id		Debu yang menumpuk pun akhirnya menjadi gunung (sedikit demi sedikit lama-lama menjadi bukit).	A-empty arti filled	arti translated from Japanese; en field cross-check	Japanese (primary) + existing en	medium-high
vocabulary_senses	d42f66d3-f538-4583-a034-fbd0c147416d	examples[1].reading	１年が過ぎ、彼の死体は塵と化した。	reading		いちねん が すぎ、かれ の したい は ちり と かした。	missing-reading recovered	Reading recovered from Japanese (Sudachi+ENO lexicon/conj) + manual review; segmented by final ENO rules	Japanese + ENO vocab term/reading + Sudachi + manual review	medium
vocabulary_senses	d42f66d3-f538-4583-a034-fbd0c147416d	examples[1].romaji	１年が過ぎ、彼の死体は塵と化した。	romaji		Ichinen ga sugi, kare no shitai wa chiri to kashita.	missing-reading recovered	romaji generated from recovered Reading in ENO style	gen(Reading)	high
vocabulary_senses	d42f66d3-f538-4583-a034-fbd0c147416d	examples[1].id	１年が過ぎ、彼の死体は塵と化した。	id		Setahun berlalu, dan jasadnya berubah menjadi debu.	A-empty arti filled	arti translated from Japanese; en field cross-check	Japanese (primary) + existing en	medium-high
vocabulary_senses	d4fdf948-aa07-4fba-adc0-395a40f6965f	examples[1].reading	生年月日はいつ？	reading		せいねんがっぴ は いつ？	missing-reading recovered	Reading recovered from Japanese (Sudachi+ENO lexicon/conj) + manual review; segmented by final ENO rules	Japanese + ENO vocab term/reading + Sudachi + manual review	high
vocabulary_senses	d4fdf948-aa07-4fba-adc0-395a40f6965f	examples[1].romaji	生年月日はいつ？	romaji		Seinengappi wa itsu?	missing-reading recovered	romaji generated from recovered Reading in ENO style	gen(Reading)	high
vocabulary_senses	d501fdd8-a72d-4a04-b0a6-24cc981d4682	examples[0].reading	本日定休日。	reading		ほんじつ ていきゅうび。	missing-reading recovered	Reading recovered from Japanese (Sudachi+ENO lexicon/conj) + manual review; segmented by final ENO rules	Japanese + ENO vocab term/reading + Sudachi + manual review	high
vocabulary_senses	d501fdd8-a72d-4a04-b0a6-24cc981d4682	examples[0].romaji	本日定休日。	romaji		Honjitsu teikyuubi.	missing-reading recovered	romaji generated from recovered Reading in ENO style	gen(Reading)	high
vocabulary_senses	d501fdd8-a72d-4a04-b0a6-24cc981d4682	examples[0].id	本日定休日。	id		Hari ini libur tetap (toko tutup).	A-empty arti filled	arti translated from Japanese; en field cross-check	Japanese (primary) + existing en	medium-high
vocabulary_senses	d580e45c-2088-439c-b729-9c402ffccca8	examples[0].reading	千円札を二枚持っています。	reading		せんえんさつ を にまい もって います。	missing-reading recovered	Reading recovered from Japanese (Sudachi+ENO lexicon/conj) + manual review; segmented by final ENO rules	Japanese + ENO vocab term/reading + Sudachi + manual review	high
vocabulary_senses	d580e45c-2088-439c-b729-9c402ffccca8	examples[0].romaji	千円札を二枚持っています。	romaji		Sen'ensatsu o nimai motte imasu.	missing-reading recovered	romaji generated from recovered Reading in ENO style	gen(Reading)	high
vocabulary_senses	d5b0a381-7d3e-4b67-be4d-e5892f41adfb	examples[0].reading	これは鉛筆。	reading		これ は えんぴつ。	missing-reading recovered	Reading recovered from Japanese (Sudachi+ENO lexicon/conj) + manual review; segmented by final ENO rules	Japanese + ENO vocab term/reading + Sudachi + manual review	high
vocabulary_senses	d5b0a381-7d3e-4b67-be4d-e5892f41adfb	examples[0].romaji	これは鉛筆。	romaji		Kore wa enpitsu.	missing-reading recovered	romaji generated from recovered Reading in ENO style	gen(Reading)	high
vocabulary_senses	d5b0a381-7d3e-4b67-be4d-e5892f41adfb	examples[0].id	これは鉛筆。	id		Ini pensil.	A-empty arti filled	arti translated from Japanese; en field cross-check	Japanese (primary) + existing en	medium-high
vocabulary_senses	d71dcc69-b952-4c30-8a50-21d6ebcbd506	examples[0].reading	紙は燃えるごみに出します。	reading		かみ は もえるごみ に だします。	missing-reading recovered	Reading recovered from Japanese (Sudachi+ENO lexicon/conj) + manual review; segmented by final ENO rules	Japanese + ENO vocab term/reading + Sudachi + manual review	high
vocabulary_senses	d71dcc69-b952-4c30-8a50-21d6ebcbd506	examples[0].romaji	紙は燃えるごみに出します。	romaji		Kami wa moerugomi ni dashimasu.	missing-reading recovered	romaji generated from recovered Reading in ENO style	gen(Reading)	high
vocabulary_senses	d7dbfb25-7bce-433f-8713-2250dae0bd5f	examples[1].reading	大尉は軍曹よりも階級が上だ。	reading		たいい は ぐんそう よりも かいきゅう が うえ だ。	missing-reading recovered	Reading recovered from Japanese (Sudachi+ENO lexicon/conj) + manual review; segmented by final ENO rules	Japanese + ENO vocab term/reading + Sudachi + manual review	high
vocabulary_senses	d7dbfb25-7bce-433f-8713-2250dae0bd5f	examples[1].romaji	大尉は軍曹よりも階級が上だ。	romaji		Taii wa gunsou yorimo kaikyuu ga ue da.	missing-reading recovered	romaji generated from recovered Reading in ENO style	gen(Reading)	high
vocabulary_senses	d7dbfb25-7bce-433f-8713-2250dae0bd5f	examples[1].id	大尉は軍曹よりも階級が上だ。	id		Kapten berpangkat lebih tinggi daripada sersan.	A-empty arti filled	arti translated from Japanese; en field cross-check	Japanese (primary) + existing en	medium-high
vocabulary_senses	d90b04a8-837c-48f4-921c-b62bc7209c9b	examples[1].reading	２０周年記念に乾杯。	reading		にじゅうしゅうねん きねん に かんぱい。	missing-reading recovered	Reading recovered from Japanese (Sudachi+ENO lexicon/conj) + manual review; segmented by final ENO rules	Japanese + ENO vocab term/reading + Sudachi + manual review	medium
vocabulary_senses	d90b04a8-837c-48f4-921c-b62bc7209c9b	examples[1].romaji	２０周年記念に乾杯。	romaji		Nijuushuunen kinen ni kanpai.	missing-reading recovered	romaji generated from recovered Reading in ENO style	gen(Reading)	high
vocabulary_senses	d90b04a8-837c-48f4-921c-b62bc7209c9b	examples[1].id	２０周年記念に乾杯。	id		Bersulang untuk peringatan ulang tahun ke-20!	A-empty arti filled	arti translated from Japanese; en field cross-check	Japanese (primary) + existing en	medium-high
vocabulary_senses	d94f3806-f881-4fcb-8f72-aba508c70f08	examples[1].reading	脳波をとります。	reading		のうは を とります。	missing-reading recovered	Reading recovered from Japanese (Sudachi+ENO lexicon/conj) + manual review; segmented by final ENO rules	Japanese + ENO vocab term/reading + Sudachi + manual review	high
vocabulary_senses	d94f3806-f881-4fcb-8f72-aba508c70f08	examples[1].romaji	脳波をとります。	romaji		Nouha o torimasu.	missing-reading recovered	romaji generated from recovered Reading in ENO style	gen(Reading)	high
vocabulary_senses	d94f3806-f881-4fcb-8f72-aba508c70f08	examples[1].id	脳波をとります。	id		Kami akan merekam EEG (gelombang otak) Anda.	A-empty arti filled	arti translated from Japanese; en field cross-check	Japanese (primary) + existing en	medium-high
vocabulary_senses	d9dd34fc-3b12-4e72-9aa1-b4a06e674d73	examples[0].reading	三週間経った。	reading		さんしゅうかん たった。	missing-reading recovered	Reading recovered from Japanese (Sudachi+ENO lexicon/conj) + manual review; segmented by final ENO rules	Japanese + ENO vocab term/reading + Sudachi + manual review	high
vocabulary_senses	d9dd34fc-3b12-4e72-9aa1-b4a06e674d73	examples[0].romaji	三週間経った。	romaji		Sanshuukan tatta.	missing-reading recovered	romaji generated from recovered Reading in ENO style	gen(Reading)	high
vocabulary_senses	d9dd34fc-3b12-4e72-9aa1-b4a06e674d73	examples[0].id	三週間経った。	id		Tiga minggu telah berlalu.	A-empty arti filled	arti translated from Japanese; en field cross-check	Japanese (primary) + existing en	medium-high
vocabulary_senses	d9dd34fc-3b12-4e72-9aa1-b4a06e674d73	examples[1].reading	およそ２週間で。	reading		およそ にしゅうかん で。	missing-reading recovered	Reading recovered from Japanese (Sudachi+ENO lexicon/conj) + manual review; segmented by final ENO rules	Japanese + ENO vocab term/reading + Sudachi + manual review	medium
vocabulary_senses	d9dd34fc-3b12-4e72-9aa1-b4a06e674d73	examples[1].romaji	およそ２週間で。	romaji		Oyoso nishuukan de.	missing-reading recovered	romaji generated from recovered Reading in ENO style	gen(Reading)	high
vocabulary_senses	d9dd34fc-3b12-4e72-9aa1-b4a06e674d73	examples[1].id	およそ２週間で。	id		Dalam waktu sekitar dua minggu.	A-empty arti filled	arti translated from Japanese; en field cross-check	Japanese (primary) + existing en	medium-high
vocabulary_senses	dc8dbca0-a344-47bd-9704-b0c10af5f2a7	examples[1].reading	幾人かの被害者は大津波を観測して目を覆うような惨状だったと思っているそうです。	reading		いくにん か の ひがいしゃ は おおつなみ を かんそくして め を おおう よう な さんじょう だった と おもって いる そう です。	missing-reading recovered	Reading recovered from Japanese (Sudachi+ENO lexicon/conj) + manual review; segmented by final ENO rules	Japanese + ENO vocab term/reading + Sudachi + manual review	high
vocabulary_senses	dc8dbca0-a344-47bd-9704-b0c10af5f2a7	examples[1].romaji	幾人かの被害者は大津波を観測して目を覆うような惨状だったと思っているそうです。	romaji		Ikunin ka no higaisha wa ootsunami o kansokushite me o oou you na sanjou datta to omotte iru sou desu.	missing-reading recovered	romaji generated from recovered Reading in ENO style	gen(Reading)	high
vocabulary_senses	dc8dbca0-a344-47bd-9704-b0c10af5f2a7	examples[1].id	幾人かの被害者は大津波を観測して目を覆うような惨状だったと思っているそうです。	id		Konon, beberapa korban mengira pemandangan yang mereka lihat setelah tsunami besar itu begitu mengerikan sampai membuat orang menutup mata.	A-empty arti filled	arti translated from Japanese; en field cross-check	Japanese (primary) + existing en	medium-high
vocabulary_senses	de0f8b76-389a-4033-8db0-c7b2fbcb131e	examples[0].reading	この２行は省くべきだ。	reading		この にぎょう は はぶくべき だ。	missing-reading recovered	Reading recovered from Japanese (Sudachi+ENO lexicon/conj) + manual review; segmented by final ENO rules	Japanese + ENO vocab term/reading + Sudachi + manual review	medium
vocabulary_senses	de0f8b76-389a-4033-8db0-c7b2fbcb131e	examples[0].romaji	この２行は省くべきだ。	romaji		Kono nigyou wa habukubeki da.	missing-reading recovered	romaji generated from recovered Reading in ENO style	gen(Reading)	high
vocabulary_senses	de0f8b76-389a-4033-8db0-c7b2fbcb131e	examples[0].id	この２行は省くべきだ。	id		Kedua baris ini sebaiknya dihilangkan.	A-empty arti filled	arti translated from Japanese; en field cross-check	Japanese (primary) + existing en	medium-high
vocabulary_senses	e2063848-1305-469e-976d-452ba968b367	examples[0].reading	二の二倍は四。	reading		に の にばい は よん。	missing-reading recovered	Reading recovered from Japanese (Sudachi+ENO lexicon/conj) + manual review; segmented by final ENO rules	Japanese + ENO vocab term/reading + Sudachi + manual review	high
vocabulary_senses	e2063848-1305-469e-976d-452ba968b367	examples[0].romaji	二の二倍は四。	romaji		Ni no nibai wa yon.	missing-reading recovered	romaji generated from recovered Reading in ENO style	gen(Reading)	high
vocabulary_senses	e2063848-1305-469e-976d-452ba968b367	examples[0].id	二の二倍は四。	id		Dua dikali dua sama dengan empat.	A-empty arti filled	arti translated from Japanese; en field cross-check	Japanese (primary) + existing en	medium-high
vocabulary_senses	e2063848-1305-469e-976d-452ba968b367	examples[1].reading	四月一日です。	reading		しがつ ついたち です。	missing-reading recovered	Reading recovered from Japanese (Sudachi+ENO lexicon/conj) + manual review; segmented by final ENO rules	Japanese + ENO vocab term/reading + Sudachi + manual review	high
vocabulary_senses	e2063848-1305-469e-976d-452ba968b367	examples[1].romaji	四月一日です。	romaji		Shigatsu tsuitachi desu.	missing-reading recovered	romaji generated from recovered Reading in ENO style	gen(Reading)	high
vocabulary_senses	e2063848-1305-469e-976d-452ba968b367	examples[1].id	四月一日です。	id		Tanggal 1 April.	A-empty arti filled	arti translated from Japanese; en field cross-check	Japanese (primary) + existing en	medium-high
vocabulary_senses	e2ed8bb4-fcb5-4e03-961e-8373971307ff	examples[0].reading	三キロ太りました。	reading		さんキロ ふとりました。	missing-reading recovered	Reading recovered from Japanese (Sudachi+ENO lexicon/conj) + manual review; segmented by final ENO rules	Japanese + ENO vocab term/reading + Sudachi + manual review	high
vocabulary_senses	e2ed8bb4-fcb5-4e03-961e-8373971307ff	examples[0].romaji	三キロ太りました。	romaji		Sankiro futorimashita.	missing-reading recovered	romaji generated from recovered Reading in ENO style	gen(Reading)	high
vocabulary_senses	e323bbd8-c001-4a35-997d-32b15ae64906	examples[1].reading	あの通訳は５か国語を自由に操る。	reading		あの つうやく は ごかこくご を じゆうに あやつる。	missing-reading recovered	Reading recovered from Japanese (Sudachi+ENO lexicon/conj) + manual review; segmented by final ENO rules	Japanese + ENO vocab term/reading + Sudachi + manual review	medium
vocabulary_senses	e323bbd8-c001-4a35-997d-32b15ae64906	examples[1].romaji	あの通訳は５か国語を自由に操る。	romaji		Ano tsuuyaku wa gokakokugo o jiyuuni ayatsuru.	missing-reading recovered	romaji generated from recovered Reading in ENO style	gen(Reading)	high
vocabulary_senses	e323bbd8-c001-4a35-997d-32b15ae64906	examples[1].id	あの通訳は５か国語を自由に操る。	id		Penerjemah itu menguasai lima bahasa dengan lancar.	A-empty arti filled	arti translated from Japanese; en field cross-check	Japanese (primary) + existing en	medium-high
vocabulary_senses	e3a83d67-3ec1-40f0-ac08-2f90c7d21aca	examples[0].reading	長さは三十センチです。	reading		ながさ は さんじゅうセンチ です。	missing-reading recovered	Reading recovered from Japanese (Sudachi+ENO lexicon/conj) + manual review; segmented by final ENO rules	Japanese + ENO vocab term/reading + Sudachi + manual review	high
vocabulary_senses	e3a83d67-3ec1-40f0-ac08-2f90c7d21aca	examples[0].romaji	長さは三十センチです。	romaji		Nagasa wa sanjuusenchi desu.	missing-reading recovered	romaji generated from recovered Reading in ENO style	gen(Reading)	high
vocabulary_senses	e58cbd04-33ec-4eaf-93f3-7d2367b2bf8f	examples[0].reading	彼女は地方公務員だ。	reading		かのじょ は ちほうこうむいん だ。	missing-reading recovered	Reading recovered from Japanese (Sudachi+ENO lexicon/conj) + manual review; segmented by final ENO rules	Japanese + ENO vocab term/reading + Sudachi + manual review	high
vocabulary_senses	e58cbd04-33ec-4eaf-93f3-7d2367b2bf8f	examples[0].romaji	彼女は地方公務員だ。	romaji		Kanojo wa chihoukoumuin da.	missing-reading recovered	romaji generated from recovered Reading in ENO style	gen(Reading)	high
vocabulary_senses	e58cbd04-33ec-4eaf-93f3-7d2367b2bf8f	examples[0].id	彼女は地方公務員だ。	id		Dia seorang pegawai pemerintah daerah.	A-empty arti filled	arti translated from Japanese; en field cross-check	Japanese (primary) + existing en	medium-high
vocabulary_senses	e58cbd04-33ec-4eaf-93f3-7d2367b2bf8f	examples[1].reading	この地方を寒波が襲った。	reading		この ちほう を かんぱ が おそった。	missing-reading recovered	Reading recovered from Japanese (Sudachi+ENO lexicon/conj) + manual review; segmented by final ENO rules	Japanese + ENO vocab term/reading + Sudachi + manual review	high
vocabulary_senses	e58cbd04-33ec-4eaf-93f3-7d2367b2bf8f	examples[1].romaji	この地方を寒波が襲った。	romaji		Kono chihou o kanpa ga osotta.	missing-reading recovered	romaji generated from recovered Reading in ENO style	gen(Reading)	high
vocabulary_senses	e58cbd04-33ec-4eaf-93f3-7d2367b2bf8f	examples[1].id	この地方を寒波が襲った。	id		Gelombang dingin melanda daerah ini.	A-empty arti filled	arti translated from Japanese; en field cross-check	Japanese (primary) + existing en	medium-high
vocabulary_senses	e67abebd-dc50-4769-9bd3-4c108ff519df	examples[1].reading	血便がでます。	reading		けつべん が でます。	missing-reading recovered	Reading recovered from Japanese (Sudachi+ENO lexicon/conj) + manual review; segmented by final ENO rules	Japanese + ENO vocab term/reading + Sudachi + manual review	high
vocabulary_senses	e67abebd-dc50-4769-9bd3-4c108ff519df	examples[1].romaji	血便がでます。	romaji		Ketsuben ga demasu.	missing-reading recovered	romaji generated from recovered Reading in ENO style	gen(Reading)	high
vocabulary_senses	e67abebd-dc50-4769-9bd3-4c108ff519df	examples[1].id	血便がでます。	id		Saya buang air besar berdarah.	A-empty arti filled	arti translated from Japanese; en field cross-check	Japanese (primary) + existing en	medium-high
vocabulary_senses	e68ff80e-ad0e-4ef3-8a8a-84ec0237ae08	examples[0].reading	私は三年二組です。	reading		わたし は さんねん にくみ です。	missing-reading recovered	Reading recovered from Japanese (Sudachi+ENO lexicon/conj) + manual review; segmented by final ENO rules	Japanese + ENO vocab term/reading + Sudachi + manual review	high
vocabulary_senses	e68ff80e-ad0e-4ef3-8a8a-84ec0237ae08	examples[0].romaji	私は三年二組です。	romaji		Watashi wa sannen nikumi desu.	missing-reading recovered	romaji generated from recovered Reading in ENO style	gen(Reading)	high
vocabulary_senses	e6950a96-33b3-43ff-9caa-0c60f96587c6	examples[0].reading	一週間以内に払ってください。	reading		いっしゅうかん いない に はらって ください。	missing-reading recovered	Reading recovered from Japanese (Sudachi+ENO lexicon/conj) + manual review; segmented by final ENO rules	Japanese + ENO vocab term/reading + Sudachi + manual review	high
vocabulary_senses	e6950a96-33b3-43ff-9caa-0c60f96587c6	examples[0].romaji	一週間以内に払ってください。	romaji		Isshuukan inai ni haratte kudasai.	missing-reading recovered	romaji generated from recovered Reading in ENO style	gen(Reading)	high
vocabulary_senses	e70a63d6-93c2-4100-bedb-c5114d6197c0	examples[0].reading	今日は暑い。	reading		きょう は あつい。	missing-reading recovered	Reading recovered from Japanese (Sudachi+ENO lexicon/conj) + manual review; segmented by final ENO rules	Japanese + ENO vocab term/reading + Sudachi + manual review	high
vocabulary_senses	e70a63d6-93c2-4100-bedb-c5114d6197c0	examples[0].romaji	今日は暑い。	romaji		Kyou wa atsui.	missing-reading recovered	romaji generated from recovered Reading in ENO style	gen(Reading)	high
vocabulary_senses	e70a63d6-93c2-4100-bedb-c5114d6197c0	examples[0].id	今日は暑い。	id		Hari ini panas.	A-empty arti filled	arti translated from Japanese; en field cross-check	Japanese (primary) + existing en	medium-high
vocabulary_senses	e70a63d6-93c2-4100-bedb-c5114d6197c0	examples[1].reading	今日は私が。	reading		きょう は わたし が。	missing-reading recovered	Reading recovered from Japanese (Sudachi+ENO lexicon/conj) + manual review; segmented by final ENO rules	Japanese + ENO vocab term/reading + Sudachi + manual review	high
vocabulary_senses	e70a63d6-93c2-4100-bedb-c5114d6197c0	examples[1].romaji	今日は私が。	romaji		Kyou wa watashi ga.	missing-reading recovered	romaji generated from recovered Reading in ENO style	gen(Reading)	high
vocabulary_senses	e70a63d6-93c2-4100-bedb-c5114d6197c0	examples[1].id	今日は私が。	id		Hari ini biar aku yang traktir.	A-empty arti filled	arti translated from Japanese; en field cross-check	Japanese (primary) + existing en	medium-high
vocabulary_senses	e83d5628-14ad-483c-b2f1-b6b3cb098ee9	examples[0].reading	外は極寒だ。	reading		そと は ごくかん だ。	missing-reading recovered	Reading recovered from Japanese (Sudachi+ENO lexicon/conj) + manual review; segmented by final ENO rules	Japanese + ENO vocab term/reading + Sudachi + manual review	high
vocabulary_senses	e83d5628-14ad-483c-b2f1-b6b3cb098ee9	examples[0].romaji	外は極寒だ。	romaji		Soto wa gokukan da.	missing-reading recovered	romaji generated from recovered Reading in ENO style	gen(Reading)	high
vocabulary_senses	e83d5628-14ad-483c-b2f1-b6b3cb098ee9	examples[0].id	外は極寒だ。	id		Di luar dingin sekali.	A-empty arti filled	arti translated from Japanese; en field cross-check	Japanese (primary) + existing en	medium-high
vocabulary_senses	e83d5628-14ad-483c-b2f1-b6b3cb098ee9	examples[1].reading	もう、極限だ。	reading		もう、きょくげん だ。	missing-reading recovered	Reading recovered from Japanese (Sudachi+ENO lexicon/conj) + manual review; segmented by final ENO rules	Japanese + ENO vocab term/reading + Sudachi + manual review	high
vocabulary_senses	e83d5628-14ad-483c-b2f1-b6b3cb098ee9	examples[1].romaji	もう、極限だ。	romaji		Mou, kyokugen da.	missing-reading recovered	romaji generated from recovered Reading in ENO style	gen(Reading)	high
vocabulary_senses	e83d5628-14ad-483c-b2f1-b6b3cb098ee9	examples[1].id	もう、極限だ。	id		Sudah mencapai batas.	A-empty arti filled	arti translated from Japanese; en field cross-check	Japanese (primary) + existing en	medium-high
vocabulary_senses	e8fad512-d1ae-4649-8195-7b3c308cd4bf	examples[1].reading	ほとんど全部分かった。	reading		ほとんど ぜんぶ わかった。	missing-reading recovered	Reading recovered from Japanese (Sudachi+ENO lexicon/conj) + manual review; segmented by final ENO rules	Japanese + ENO vocab term/reading + Sudachi + manual review	high
vocabulary_senses	e8fad512-d1ae-4649-8195-7b3c308cd4bf	examples[1].romaji	ほとんど全部分かった。	romaji		Hotondo zenbu wakatta.	missing-reading recovered	romaji generated from recovered Reading in ENO style	gen(Reading)	high
vocabulary_senses	e8fad512-d1ae-4649-8195-7b3c308cd4bf	examples[1].id	ほとんど全部分かった。	id		Saya hampir mengerti semuanya.	A-empty arti filled	arti translated from Japanese; en field cross-check	Japanese (primary) + existing en	medium-high
vocabulary_senses	e970ed5d-e32a-4aca-8dd7-401d9b6bc514	examples[1].reading	間違いを悟るのに彼はほんの数分かかっただけだ。	reading		まちがい を さとる の に かれ は ほんの すうふん かかった だけ だ。	missing-reading recovered	Reading recovered from Japanese (Sudachi+ENO lexicon/conj) + manual review; segmented by final ENO rules	Japanese + ENO vocab term/reading + Sudachi + manual review	high
vocabulary_senses	e970ed5d-e32a-4aca-8dd7-401d9b6bc514	examples[1].romaji	間違いを悟るのに彼はほんの数分かかっただけだ。	romaji		Machigai o satoru no ni kare wa honno suufun kakatta dake da.	missing-reading recovered	romaji generated from recovered Reading in ENO style	gen(Reading)	high
vocabulary_senses	e970ed5d-e32a-4aca-8dd7-401d9b6bc514	examples[1].id	間違いを悟るのに彼はほんの数分かかっただけだ。	id		Dia hanya butuh beberapa menit untuk menyadari kesalahannya.	A-empty arti filled	arti translated from Japanese; en field cross-check	Japanese (primary) + existing en	medium-high
vocabulary_senses	e97f02e5-9277-464b-a45d-072011f3bb4e	examples[0].reading	七転び八起き。	reading		ななころび やおき。	missing-reading recovered	Reading recovered from Japanese (Sudachi+ENO lexicon/conj) + manual review; segmented by final ENO rules	Japanese + ENO vocab term/reading + Sudachi + manual review	high
vocabulary_senses	e97f02e5-9277-464b-a45d-072011f3bb4e	examples[0].romaji	七転び八起き。	romaji		Nanakorobi yaoki.	missing-reading recovered	romaji generated from recovered Reading in ENO style	gen(Reading)	high
vocabulary_senses	e97f02e5-9277-464b-a45d-072011f3bb4e	examples[0].id	七転び八起き。	id		Jatuh tujuh kali, bangkit delapan kali.	A-empty arti filled	arti translated from Japanese; en field cross-check	Japanese (primary) + existing en	medium-high
vocabulary_senses	e97f02e5-9277-464b-a45d-072011f3bb4e	examples[1].reading	人の噂も七十五日。	reading		ひと の うわさ も しちじゅうごにち。	missing-reading recovered	Reading recovered from Japanese (Sudachi+ENO lexicon/conj) + manual review; segmented by final ENO rules	Japanese + ENO vocab term/reading + Sudachi + manual review	high
vocabulary_senses	e97f02e5-9277-464b-a45d-072011f3bb4e	examples[1].romaji	人の噂も七十五日。	romaji		Hito no uwasa mo shichijuugonichi.	missing-reading recovered	romaji generated from recovered Reading in ENO style	gen(Reading)	high
vocabulary_senses	e97f02e5-9277-464b-a45d-072011f3bb4e	examples[1].id	人の噂も七十五日。	id		Gosip orang pun hanya bertahan 75 hari (cepat dilupakan).	A-empty arti filled	arti translated from Japanese; en field cross-check	Japanese (primary) + existing en	medium-high
vocabulary_senses	eaa1a297-3305-4ebf-bf21-50b9d2369429	examples[1].reading	配管工を呼んで。	reading		はいかんこう を よんで。	missing-reading recovered	Reading recovered from Japanese (Sudachi+ENO lexicon/conj) + manual review; segmented by final ENO rules	Japanese + ENO vocab term/reading + Sudachi + manual review	high
vocabulary_senses	eaa1a297-3305-4ebf-bf21-50b9d2369429	examples[1].romaji	配管工を呼んで。	romaji		Haikankou o yonde.	missing-reading recovered	romaji generated from recovered Reading in ENO style	gen(Reading)	high
vocabulary_senses	eaa1a297-3305-4ebf-bf21-50b9d2369429	examples[1].id	配管工を呼んで。	id		Panggil tukang ledeng.	A-empty arti filled	arti translated from Japanese; en field cross-check	Japanese (primary) + existing en	medium-high
vocabulary_senses	ead3ebc9-a91e-4b13-ab26-60100a8fa4c3	examples[1].reading	宿題を終えるのに３時間かかった。	reading		しゅくだい を おえる の に さんじかん かかった。	missing-reading recovered	Reading recovered from Japanese (Sudachi+ENO lexicon/conj) + manual review; segmented by final ENO rules	Japanese + ENO vocab term/reading + Sudachi + manual review	medium
vocabulary_senses	ead3ebc9-a91e-4b13-ab26-60100a8fa4c3	examples[1].romaji	宿題を終えるのに３時間かかった。	romaji		Shukudai o oeru no ni sanjikan kakatta.	missing-reading recovered	romaji generated from recovered Reading in ENO style	gen(Reading)	high
vocabulary_senses	ead3ebc9-a91e-4b13-ab26-60100a8fa4c3	examples[1].id	宿題を終えるのに３時間かかった。	id		Saya butuh tiga jam untuk menyelesaikan PR.	A-empty arti filled	arti translated from Japanese; en field cross-check	Japanese (primary) + existing en	medium-high
vocabulary_senses	ebb91331-5125-4c8a-a34d-14b112fdc427	examples[1].reading	６人宿泊させて欲しい。	reading		ろくにん しゅくはくさせて ほしい。	missing-reading recovered	Reading recovered from Japanese (Sudachi+ENO lexicon/conj) + manual review; segmented by final ENO rules	Japanese + ENO vocab term/reading + Sudachi + manual review	medium
vocabulary_senses	ebb91331-5125-4c8a-a34d-14b112fdc427	examples[1].romaji	６人宿泊させて欲しい。	romaji		Rokunin shukuhakusasete hoshii.	missing-reading recovered	romaji generated from recovered Reading in ENO style	gen(Reading)	high
vocabulary_senses	ebb91331-5125-4c8a-a34d-14b112fdc427	examples[1].id	６人宿泊させて欲しい。	id		Kami butuh penginapan untuk enam orang.	A-empty arti filled	arti translated from Japanese; en field cross-check	Japanese (primary) + existing en	medium-high
vocabulary_senses	ebbc2e8d-e4a2-45bf-bf94-36f5a3095664	examples[1].reading	一人暮らしですか？	reading		ひとりぐらし です か？	missing-reading recovered	Reading recovered from Japanese (Sudachi+ENO lexicon/conj) + manual review; segmented by final ENO rules	Japanese + ENO vocab term/reading + Sudachi + manual review	high
vocabulary_senses	ebbc2e8d-e4a2-45bf-bf94-36f5a3095664	examples[1].romaji	一人暮らしですか？	romaji		Hitorigurashi desu ka?	missing-reading recovered	romaji generated from recovered Reading in ENO style	gen(Reading)	high
vocabulary_senses	ebbc2e8d-e4a2-45bf-bf94-36f5a3095664	examples[1].id	一人暮らしですか？	id		Apakah Anda tinggal sendirian?	A-empty arti filled	arti translated from Japanese; en field cross-check	Japanese (primary) + existing en	medium-high
vocabulary_senses	ed206cbe-361d-4c8f-8bae-31cf7b2a316a	examples[0].reading	幅は五十センチメートルです。	reading		はば は ごじゅうセンチメートル です。	missing-reading recovered	Reading recovered from Japanese (Sudachi+ENO lexicon/conj) + manual review; segmented by final ENO rules	Japanese + ENO vocab term/reading + Sudachi + manual review	high
vocabulary_senses	ed206cbe-361d-4c8f-8bae-31cf7b2a316a	examples[0].romaji	幅は五十センチメートルです。	romaji		Haba wa gojuusenchimeetoru desu.	missing-reading recovered	romaji generated from recovered Reading in ENO style	gen(Reading)	high
vocabulary_senses	ed51d8c2-047e-4bd7-8f5e-8926a99ad539	examples[0].reading	空耳ですよ。	reading		そらみみ です よ。	missing-reading recovered	Reading recovered from Japanese (Sudachi+ENO lexicon/conj) + manual review; segmented by final ENO rules	Japanese + ENO vocab term/reading + Sudachi + manual review	high
vocabulary_senses	ed51d8c2-047e-4bd7-8f5e-8926a99ad539	examples[0].romaji	空耳ですよ。	romaji		Soramimi desu yo.	missing-reading recovered	romaji generated from recovered Reading in ENO style	gen(Reading)	high
vocabulary_senses	ed51d8c2-047e-4bd7-8f5e-8926a99ad539	examples[0].id	空耳ですよ。	id		Itu cuma salah dengar.	A-empty arti filled	arti translated from Japanese; en field cross-check	Japanese (primary) + existing en	medium-high
vocabulary_senses	ed51d8c2-047e-4bd7-8f5e-8926a99ad539	examples[1].reading	空が晴れた。	reading		そら が はれた。	missing-reading recovered	Reading recovered from Japanese (Sudachi+ENO lexicon/conj) + manual review; segmented by final ENO rules	Japanese + ENO vocab term/reading + Sudachi + manual review	high
vocabulary_senses	ed51d8c2-047e-4bd7-8f5e-8926a99ad539	examples[1].romaji	空が晴れた。	romaji		Sora ga hareta.	missing-reading recovered	romaji generated from recovered Reading in ENO style	gen(Reading)	high
vocabulary_senses	ed51d8c2-047e-4bd7-8f5e-8926a99ad539	examples[1].id	空が晴れた。	id		Langit sudah cerah.	A-empty arti filled	arti translated from Japanese; en field cross-check	Japanese (primary) + existing en	medium-high
vocabulary_senses	ef11ce68-06ed-42e9-8f8b-f5d70bc21e36	examples[1].reading	この小冊子は無料だ。	reading		この しょうさっし は むりょう だ。	missing-reading recovered	Reading recovered from Japanese (Sudachi+ENO lexicon/conj) + manual review; segmented by final ENO rules	Japanese + ENO vocab term/reading + Sudachi + manual review	high
vocabulary_senses	ef11ce68-06ed-42e9-8f8b-f5d70bc21e36	examples[1].romaji	この小冊子は無料だ。	romaji		Kono shousasshi wa muryou da.	missing-reading recovered	romaji generated from recovered Reading in ENO style	gen(Reading)	high
vocabulary_senses	ef11ce68-06ed-42e9-8f8b-f5d70bc21e36	examples[1].id	この小冊子は無料だ。	id		Buklet ini gratis.	A-empty arti filled	arti translated from Japanese; en field cross-check	Japanese (primary) + existing en	medium-high
vocabulary_senses	ef13ce7d-431f-4957-85bc-25e644262abf	examples[1].reading	私の書斎は２階にある。	reading		わたし の しょさい は にかい に ある。	missing-reading recovered	Reading recovered from Japanese (Sudachi+ENO lexicon/conj) + manual review; segmented by final ENO rules	Japanese + ENO vocab term/reading + Sudachi + manual review	medium
vocabulary_senses	ef13ce7d-431f-4957-85bc-25e644262abf	examples[1].romaji	私の書斎は２階にある。	romaji		Watashi no shosai wa nikai ni aru.	missing-reading recovered	romaji generated from recovered Reading in ENO style	gen(Reading)	high
vocabulary_senses	ef13ce7d-431f-4957-85bc-25e644262abf	examples[1].id	私の書斎は２階にある。	id		Ruang kerja saya ada di lantai dua.	A-empty arti filled	arti translated from Japanese; en field cross-check	Japanese (primary) + existing en	medium-high
vocabulary_senses	f11f752b-8d6e-48b6-84d8-15904cd2573f	examples[0].reading	１世紀は１００年です。	reading		いちせいき は ひゃくねん です。	missing-reading recovered	Reading recovered from Japanese (Sudachi+ENO lexicon/conj) + manual review; segmented by final ENO rules	Japanese + ENO vocab term/reading + Sudachi + manual review	medium
vocabulary_senses	f11f752b-8d6e-48b6-84d8-15904cd2573f	examples[0].romaji	１世紀は１００年です。	romaji		Ichiseiki wa hyakunen desu.	missing-reading recovered	romaji generated from recovered Reading in ENO style	gen(Reading)	high
vocabulary_senses	f11f752b-8d6e-48b6-84d8-15904cd2573f	examples[0].id	１世紀は１００年です。	id		Satu abad adalah seratus tahun.	A-empty arti filled	arti translated from Japanese; en field cross-check	Japanese (primary) + existing en	medium-high
vocabulary_senses	f11f752b-8d6e-48b6-84d8-15904cd2573f	examples[1].reading	百年は一世紀と呼ばれる。	reading		ひゃくねん は いちせいき と よばれる。	missing-reading recovered	Reading recovered from Japanese (Sudachi+ENO lexicon/conj) + manual review; segmented by final ENO rules	Japanese + ENO vocab term/reading + Sudachi + manual review	high
vocabulary_senses	f11f752b-8d6e-48b6-84d8-15904cd2573f	examples[1].romaji	百年は一世紀と呼ばれる。	romaji		Hyakunen wa ichiseiki to yobareru.	missing-reading recovered	romaji generated from recovered Reading in ENO style	gen(Reading)	high
vocabulary_senses	f11f752b-8d6e-48b6-84d8-15904cd2573f	examples[1].id	百年は一世紀と呼ばれる。	id		Seratus tahun disebut satu abad.	A-empty arti filled	arti translated from Japanese; en field cross-check	Japanese (primary) + existing en	medium-high
vocabulary_senses	f1660950-7856-4abb-a777-af8a4b15aa0e	examples[0].reading	友達と百メートル競走しました。	reading		ともだち と ひゃくメートル きょうそうしました。	missing-reading recovered	Reading recovered from Japanese (Sudachi+ENO lexicon/conj) + manual review; segmented by final ENO rules	Japanese + ENO vocab term/reading + Sudachi + manual review	high
vocabulary_senses	f1660950-7856-4abb-a777-af8a4b15aa0e	examples[0].romaji	友達と百メートル競走しました。	romaji		Tomodachi to hyakumeetoru kyousoushimashita.	missing-reading recovered	romaji generated from recovered Reading in ENO style	gen(Reading)	high
vocabulary_senses	f2e74554-0602-4a9b-afa5-44039010b9db	examples[0].reading	素晴らしい。	reading		すばらしい。	missing-reading recovered	Reading recovered from Japanese (Sudachi+ENO lexicon/conj) + manual review; segmented by final ENO rules	Japanese + ENO vocab term/reading + Sudachi + manual review	high
vocabulary_senses	f2e74554-0602-4a9b-afa5-44039010b9db	examples[0].romaji	素晴らしい。	romaji		Subarashii.	missing-reading recovered	romaji generated from recovered Reading in ENO style	gen(Reading)	high
vocabulary_senses	f2e74554-0602-4a9b-afa5-44039010b9db	examples[0].id	素晴らしい。	id		Luar biasa.	A-empty arti filled	arti translated from Japanese; en field cross-check	Japanese (primary) + existing en	medium-high
vocabulary_senses	f2e74554-0602-4a9b-afa5-44039010b9db	examples[1].reading	素晴らしい！	reading		すばらしい！	missing-reading recovered	Reading recovered from Japanese (Sudachi+ENO lexicon/conj) + manual review; segmented by final ENO rules	Japanese + ENO vocab term/reading + Sudachi + manual review	high
vocabulary_senses	f2e74554-0602-4a9b-afa5-44039010b9db	examples[1].romaji	素晴らしい！	romaji		Subarashii!	missing-reading recovered	romaji generated from recovered Reading in ENO style	gen(Reading)	high
vocabulary_senses	f2e74554-0602-4a9b-afa5-44039010b9db	examples[1].id	素晴らしい！	id		Luar biasa!	A-empty arti filled	arti translated from Japanese; en field cross-check	Japanese (primary) + existing en	medium-high
vocabulary_senses	f3354a63-034e-4d86-8111-84ae8b08ab95	examples[0].reading	結構面白い。	reading		けっこう おもしろい。	missing-reading recovered	Reading recovered from Japanese (Sudachi+ENO lexicon/conj) + manual review; segmented by final ENO rules	Japanese + ENO vocab term/reading + Sudachi + manual review	high
vocabulary_senses	f3354a63-034e-4d86-8111-84ae8b08ab95	examples[0].romaji	結構面白い。	romaji		Kekkou omoshiroi.	missing-reading recovered	romaji generated from recovered Reading in ENO style	gen(Reading)	high
vocabulary_senses	f3354a63-034e-4d86-8111-84ae8b08ab95	examples[0].id	結構面白い。	id		Lumayan menarik.	A-empty arti filled	arti translated from Japanese; en field cross-check	Japanese (primary) + existing en	medium-high
vocabulary_senses	f3354a63-034e-4d86-8111-84ae8b08ab95	examples[1].reading	泣き面に蜂。	reading		なきつら に はち。	missing-reading recovered	Reading recovered from Japanese (Sudachi+ENO lexicon/conj) + manual review; segmented by final ENO rules	Japanese + ENO vocab term/reading + Sudachi + manual review	high
vocabulary_senses	f3354a63-034e-4d86-8111-84ae8b08ab95	examples[1].romaji	泣き面に蜂。	romaji		Nakitsura ni hachi.	missing-reading recovered	romaji generated from recovered Reading in ENO style	gen(Reading)	high
vocabulary_senses	f3354a63-034e-4d86-8111-84ae8b08ab95	examples[1].id	泣き面に蜂。	id		Sudah jatuh tertimpa tangga.	A-empty arti filled	arti translated from Japanese; en field cross-check	Japanese (primary) + existing en	medium-high
vocabulary_senses	f37cc303-823c-4587-a9a6-17b85397b4d3	examples[1].reading	われわれがその問題を論じるには、３時間は短すぎます。	reading		われわれ が その もんだい を ろんじる には、さんじかん は みじかすぎます。	missing-reading recovered	Reading recovered from Japanese (Sudachi+ENO lexicon/conj) + manual review; segmented by final ENO rules	Japanese + ENO vocab term/reading + Sudachi + manual review	medium
vocabulary_senses	f37cc303-823c-4587-a9a6-17b85397b4d3	examples[1].romaji	われわれがその問題を論じるには、３時間は短すぎます。	romaji		Wareware ga sono mondai o ronjiru ni wa, sanjikan wa mijikasugimasu.	missing-reading recovered	romaji generated from recovered Reading in ENO style	gen(Reading)	high
vocabulary_senses	f37cc303-823c-4587-a9a6-17b85397b4d3	examples[1].id	われわれがその問題を論じるには、３時間は短すぎます。	id		Tiga jam terlalu singkat bagi kita untuk membahas masalah itu.	A-empty arti filled	arti translated from Japanese; en field cross-check	Japanese (primary) + existing en	medium-high
vocabulary_senses	f5616151-17ca-4549-b2db-2b35b9336959	examples[0].reading	古新聞を資源ごみに出します。	reading		ふるしんぶん を しげんごみ に だします。	missing-reading recovered	Reading recovered from Japanese (Sudachi+ENO lexicon/conj) + manual review; segmented by final ENO rules	Japanese + ENO vocab term/reading + Sudachi + manual review	high
vocabulary_senses	f5616151-17ca-4549-b2db-2b35b9336959	examples[0].romaji	古新聞を資源ごみに出します。	romaji		Furushinbun o shigengomi ni dashimasu.	missing-reading recovered	romaji generated from recovered Reading in ENO style	gen(Reading)	high
vocabulary_senses	f582d4b0-6eac-48eb-8812-d3291f9a06f9	examples[0].reading	人の体は三十前に成熟する。	reading		ひと の からだ は さんじゅうまえ に せいじゅくする。	missing-reading recovered	Reading recovered from Japanese (Sudachi+ENO lexicon/conj) + manual review; segmented by final ENO rules	Japanese + ENO vocab term/reading + Sudachi + manual review	high
vocabulary_senses	f582d4b0-6eac-48eb-8812-d3291f9a06f9	examples[0].romaji	人の体は三十前に成熟する。	romaji		Hito no karada wa sanjuumae ni seijukusuru.	missing-reading recovered	romaji generated from recovered Reading in ENO style	gen(Reading)	high
vocabulary_senses	f582d4b0-6eac-48eb-8812-d3291f9a06f9	examples[0].id	人の体は三十前に成熟する。	id		Tubuh manusia mencapai kematangan sebelum usia tiga puluh.	A-empty arti filled	arti translated from Japanese; en field cross-check	Japanese (primary) + existing en	medium-high
vocabulary_senses	f582d4b0-6eac-48eb-8812-d3291f9a06f9	examples[1].reading	サルは２、３歳で成熟する。	reading		サル は に、さんさい で せいじゅくする。	missing-reading recovered	Reading recovered from Japanese (Sudachi+ENO lexicon/conj) + manual review; segmented by final ENO rules	Japanese + ENO vocab term/reading + Sudachi + manual review	medium
vocabulary_senses	f582d4b0-6eac-48eb-8812-d3291f9a06f9	examples[1].romaji	サルは２、３歳で成熟する。	romaji		Saru wa ni, sansai de seijukusuru.	missing-reading recovered	romaji generated from recovered Reading in ENO style	gen(Reading)	high
vocabulary_senses	f582d4b0-6eac-48eb-8812-d3291f9a06f9	examples[1].id	サルは２、３歳で成熟する。	id		Monyet mencapai kedewasaan pada usia dua atau tiga tahun.	A-empty arti filled	arti translated from Japanese; en field cross-check	Japanese (primary) + existing en	medium-high
vocabulary_senses	f598e692-0344-4af8-8e7a-c5e1b5278f13	examples[1].reading	誰かの口笛が聞こえた。	reading		だれか の くちぶえ が きこえた。	missing-reading recovered	Reading recovered from Japanese (Sudachi+ENO lexicon/conj) + manual review; segmented by final ENO rules	Japanese + ENO vocab term/reading + Sudachi + manual review	high
vocabulary_senses	f598e692-0344-4af8-8e7a-c5e1b5278f13	examples[1].romaji	誰かの口笛が聞こえた。	romaji		Dareka no kuchibue ga kikoeta.	missing-reading recovered	romaji generated from recovered Reading in ENO style	gen(Reading)	high
vocabulary_senses	f598e692-0344-4af8-8e7a-c5e1b5278f13	examples[1].id	誰かの口笛が聞こえた。	id		Saya mendengar seseorang bersiul.	A-empty arti filled	arti translated from Japanese; en field cross-check	Japanese (primary) + existing en	medium-high
vocabulary_senses	f60d39e5-dc65-46e8-8030-5021dfa83142	examples[0].reading	テストで九十点を取りました。	reading		テスト で きゅうじゅうてん を とりました。	missing-reading recovered	Reading recovered from Japanese (Sudachi+ENO lexicon/conj) + manual review; segmented by final ENO rules	Japanese + ENO vocab term/reading + Sudachi + manual review	high
vocabulary_senses	f60d39e5-dc65-46e8-8030-5021dfa83142	examples[0].romaji	テストで九十点を取りました。	romaji		Tesuto de kyuujuuten o torimashita.	missing-reading recovered	romaji generated from recovered Reading in ENO style	gen(Reading)	high
vocabulary_senses	f6450df4-899b-4e39-8c74-5b4b0c43698e	examples[0].reading	甲の薬は乙の毒。	reading		こう の くすり は おつ の どく。	missing-reading recovered	Reading recovered from Japanese (Sudachi+ENO lexicon/conj) + manual review; segmented by final ENO rules	Japanese + ENO vocab term/reading + Sudachi + manual review	high
vocabulary_senses	f6450df4-899b-4e39-8c74-5b4b0c43698e	examples[0].romaji	甲の薬は乙の毒。	romaji		Kou no kusuri wa otsu no doku.	missing-reading recovered	romaji generated from recovered Reading in ENO style	gen(Reading)	high
vocabulary_senses	f6450df4-899b-4e39-8c74-5b4b0c43698e	examples[0].id	甲の薬は乙の毒。	id		Obat bagi satu orang adalah racun bagi orang lain.	A-empty arti filled	arti translated from Japanese; en field cross-check	Japanese (primary) + existing en	medium-high
vocabulary_senses	f6450df4-899b-4e39-8c74-5b4b0c43698e	examples[1].reading	甲の損は乙の得。	reading		こう の そん は おつ の とく。	missing-reading recovered	Reading recovered from Japanese (Sudachi+ENO lexicon/conj) + manual review; segmented by final ENO rules	Japanese + ENO vocab term/reading + Sudachi + manual review	high
vocabulary_senses	f6450df4-899b-4e39-8c74-5b4b0c43698e	examples[1].romaji	甲の損は乙の得。	romaji		Kou no son wa otsu no toku.	missing-reading recovered	romaji generated from recovered Reading in ENO style	gen(Reading)	high
vocabulary_senses	f6450df4-899b-4e39-8c74-5b4b0c43698e	examples[1].id	甲の損は乙の得。	id		Kerugian satu pihak adalah keuntungan pihak lain.	A-empty arti filled	arti translated from Japanese; en field cross-check	Japanese (primary) + existing en	medium-high
vocabulary_senses	f65819ed-12a1-4929-8b2a-c31605037903	examples[0].reading	水を五百ミリリットル入れます。	reading		みず を ごひゃくミリリットル いれます。	missing-reading recovered	Reading recovered from Japanese (Sudachi+ENO lexicon/conj) + manual review; segmented by final ENO rules	Japanese + ENO vocab term/reading + Sudachi + manual review	high
vocabulary_senses	f65819ed-12a1-4929-8b2a-c31605037903	examples[0].romaji	水を五百ミリリットル入れます。	romaji		Mizu o gohyakumiririttoru iremasu.	missing-reading recovered	romaji generated from recovered Reading in ENO style	gen(Reading)	high
vocabulary_senses	f7e393ea-6e37-4408-919b-35750dfe7277	examples[0].reading	五十歩百歩。	reading		ごじっぽひゃっぽ。	missing-reading recovered	Reading recovered from Japanese (Sudachi+ENO lexicon/conj) + manual review; segmented by final ENO rules	Japanese + ENO vocab term/reading + Sudachi + manual review	high
vocabulary_senses	f7e393ea-6e37-4408-919b-35750dfe7277	examples[0].romaji	五十歩百歩。	romaji		Gojippohyappo.	missing-reading recovered	romaji generated from recovered Reading in ENO style	gen(Reading)	high
vocabulary_senses	f7e393ea-6e37-4408-919b-35750dfe7277	examples[0].id	五十歩百歩。	id		Selisihnya sedikit saja (sama saja).	A-empty arti filled	arti translated from Japanese; en field cross-check	Japanese (primary) + existing en	medium-high
vocabulary_senses	f88c06f4-71bc-4229-aa47-43883fd7b3ca	examples[1].reading	全ての評価がいつも五だ。	reading		すべて の ひょうか が いつも ご だ。	missing-reading recovered	Reading recovered from Japanese (Sudachi+ENO lexicon/conj) + manual review; segmented by final ENO rules	Japanese + ENO vocab term/reading + Sudachi + manual review	high
vocabulary_senses	f88c06f4-71bc-4229-aa47-43883fd7b3ca	examples[1].romaji	全ての評価がいつも五だ。	romaji		Subete no hyouka ga itsumo go da.	missing-reading recovered	romaji generated from recovered Reading in ENO style	gen(Reading)	high
vocabulary_senses	f88c06f4-71bc-4229-aa47-43883fd7b3ca	examples[1].id	全ての評価がいつも五だ。	id		Semua penilaian selalu bernilai lima.	A-empty arti filled	arti translated from Japanese; en field cross-check	Japanese (primary) + existing en	medium-high
vocabulary_senses	fb9b2eb6-f4d8-4ad1-a1a3-b39507c52ab4	examples[0].reading	食器を洗おう。	reading		しょっき を あらおう。	missing-reading recovered	Reading recovered from Japanese (Sudachi+ENO lexicon/conj) + manual review; segmented by final ENO rules	Japanese + ENO vocab term/reading + Sudachi + manual review	high
vocabulary_senses	fb9b2eb6-f4d8-4ad1-a1a3-b39507c52ab4	examples[0].romaji	食器を洗おう。	romaji		Shokki o araou.	missing-reading recovered	romaji generated from recovered Reading in ENO style	gen(Reading)	high
vocabulary_senses	fba47785-930c-40dc-b7c0-6d5ab9d4c41a	examples[0].reading	彼は禁酒した。	reading		かれ は きんしゅした。	missing-reading recovered	Reading recovered from Japanese (Sudachi+ENO lexicon/conj) + manual review; segmented by final ENO rules	Japanese + ENO vocab term/reading + Sudachi + manual review	high
vocabulary_senses	fba47785-930c-40dc-b7c0-6d5ab9d4c41a	examples[0].romaji	彼は禁酒した。	romaji		Kare wa kinshushita.	missing-reading recovered	romaji generated from recovered Reading in ENO style	gen(Reading)	high
vocabulary_senses	fba47785-930c-40dc-b7c0-6d5ab9d4c41a	examples[0].id	彼は禁酒した。	id		Dia berhenti minum alkohol.	A-empty arti filled	arti translated from Japanese; en field cross-check	Japanese (primary) + existing en	medium-high
vocabulary_senses	fba47785-930c-40dc-b7c0-6d5ab9d4c41a	examples[1].reading	彼は大酒飲みだ。	reading		かれ は おおざけのみ だ。	missing-reading recovered	Reading recovered from Japanese (Sudachi+ENO lexicon/conj) + manual review; segmented by final ENO rules	Japanese + ENO vocab term/reading + Sudachi + manual review	high
vocabulary_senses	fba47785-930c-40dc-b7c0-6d5ab9d4c41a	examples[1].romaji	彼は大酒飲みだ。	romaji		Kare wa oozakenomi da.	missing-reading recovered	romaji generated from recovered Reading in ENO style	gen(Reading)	high
vocabulary_senses	fba47785-930c-40dc-b7c0-6d5ab9d4c41a	examples[1].id	彼は大酒飲みだ。	id		Dia peminum berat.	A-empty arti filled	arti translated from Japanese; en field cross-check	Japanese (primary) + existing en	medium-high
vocabulary_senses	fc07a49a-5164-4810-bb1b-3b4e46855d30	examples[0].reading	鶏肉を二百グラム使います。	reading		とりにく を にひゃくグラム つかいます。	missing-reading recovered	Reading recovered from Japanese (Sudachi+ENO lexicon/conj) + manual review; segmented by final ENO rules	Japanese + ENO vocab term/reading + Sudachi + manual review	high
vocabulary_senses	fc07a49a-5164-4810-bb1b-3b4e46855d30	examples[0].romaji	鶏肉を二百グラム使います。	romaji		Toriniku o nihyakuguramu tsukaimasu.	missing-reading recovered	romaji generated from recovered Reading in ENO style	gen(Reading)	high
vocabulary_senses	fc9edecc-4af4-460e-89d1-b9c6c40e9c57	examples[0].reading	犬が一匹欲しい。	reading		いぬ が いっぴき ほしい。	missing-reading recovered	Reading recovered from Japanese (Sudachi+ENO lexicon/conj) + manual review; segmented by final ENO rules	Japanese + ENO vocab term/reading + Sudachi + manual review	high
vocabulary_senses	fc9edecc-4af4-460e-89d1-b9c6c40e9c57	examples[0].romaji	犬が一匹欲しい。	romaji		Inu ga ippiki hoshii.	missing-reading recovered	romaji generated from recovered Reading in ENO style	gen(Reading)	high
vocabulary_senses	fc9edecc-4af4-460e-89d1-b9c6c40e9c57	examples[0].id	犬が一匹欲しい。	id		Saya ingin memelihara seekor anjing.	A-empty arti filled	arti translated from Japanese; en field cross-check	Japanese (primary) + existing en	medium-high
vocabulary_senses	fc9edecc-4af4-460e-89d1-b9c6c40e9c57	examples[1].reading	猫が三匹います。	reading		ねこ が さんびき います。	missing-reading recovered	Reading recovered from Japanese (Sudachi+ENO lexicon/conj) + manual review; segmented by final ENO rules	Japanese + ENO vocab term/reading + Sudachi + manual review	high
vocabulary_senses	fc9edecc-4af4-460e-89d1-b9c6c40e9c57	examples[1].romaji	猫が三匹います。	romaji		Neko ga sanbiki imasu.	missing-reading recovered	romaji generated from recovered Reading in ENO style	gen(Reading)	high
vocabulary_senses	fc9edecc-4af4-460e-89d1-b9c6c40e9c57	examples[1].id	猫が三匹います。	id		Saya punya tiga ekor kucing.	A-empty arti filled	arti translated from Japanese; en field cross-check	Japanese (primary) + existing en	medium-high
vocabulary_senses	fcb54f22-fa43-46fe-92bd-7eeabbd6e4dd	examples[0].reading	熱があります。―それはいけませんね。	reading		ねつ が あります。―それ は いけません ね。	missing-reading recovered	Reading recovered from Japanese (Sudachi+ENO lexicon/conj) + manual review; segmented by final ENO rules	Japanese + ENO vocab term/reading + Sudachi + manual review	high
vocabulary_senses	fcb54f22-fa43-46fe-92bd-7eeabbd6e4dd	examples[0].romaji	熱があります。―それはいけませんね。	romaji		Netsu ga arimasu. ―sore wa ikemasen ne.	missing-reading recovered	romaji generated from recovered Reading in ENO style	gen(Reading)	high
vocabulary_senses	fcbdb666-482f-4aec-8726-65fff90f8e0d	examples[0].reading	七夕は七月に祝う。	reading		たなばた は しちがつ に いわう。	missing-reading recovered	Reading recovered from Japanese (Sudachi+ENO lexicon/conj) + manual review; segmented by final ENO rules	Japanese + ENO vocab term/reading + Sudachi + manual review	high
vocabulary_senses	fcbdb666-482f-4aec-8726-65fff90f8e0d	examples[0].romaji	七夕は七月に祝う。	romaji		Tanabata wa shichigatsu ni iwau.	missing-reading recovered	romaji generated from recovered Reading in ENO style	gen(Reading)	high
vocabulary_senses	fcbdb666-482f-4aec-8726-65fff90f8e0d	examples[0].id	七夕は七月に祝う。	id		Tanabata dirayakan pada bulan Juli.	A-empty arti filled	arti translated from Japanese; en field cross-check	Japanese (primary) + existing en	medium-high
vocabulary_senses	fe72611e-c649-465a-baa6-fa7b5d9173fb	examples[1].reading	おみやげの温泉卵だよ。	reading		おみやげ の おんせんたまご だ よ。	missing-reading recovered	Reading recovered from Japanese (Sudachi+ENO lexicon/conj) + manual review; segmented by final ENO rules	Japanese + ENO vocab term/reading + Sudachi + manual review	high
vocabulary_senses	fe72611e-c649-465a-baa6-fa7b5d9173fb	examples[1].romaji	おみやげの温泉卵だよ。	romaji		Omiyage no onsentamago da yo.	missing-reading recovered	romaji generated from recovered Reading in ENO style	gen(Reading)	high
vocabulary_senses	fe72611e-c649-465a-baa6-fa7b5d9173fb	examples[1].id	おみやげの温泉卵だよ。	id		Ini telur onsen sebagai oleh-oleh.	A-empty arti filled	arti translated from Japanese; en field cross-check	Japanese (primary) + existing en	medium-high
vocabulary_senses	fecbe11d-d03a-4d13-9a9d-96719a5c055c	examples[0].reading	一度に一事をせよ。	reading		いちど に いちじ を せよ。	missing-reading recovered	Reading recovered from Japanese (Sudachi+ENO lexicon/conj) + manual review; segmented by final ENO rules	Japanese + ENO vocab term/reading + Sudachi + manual review	high
vocabulary_senses	fecbe11d-d03a-4d13-9a9d-96719a5c055c	examples[0].romaji	一度に一事をせよ。	romaji		Ichido ni ichiji o seyo.	missing-reading recovered	romaji generated from recovered Reading in ENO style	gen(Reading)	high
vocabulary_senses	fecbe11d-d03a-4d13-9a9d-96719a5c055c	examples[1].reading	両方一度にはできんよ。	reading		りょうほう いちど には できん よ。	missing-reading recovered	Reading recovered from Japanese (Sudachi+ENO lexicon/conj) + manual review; segmented by final ENO rules	Japanese + ENO vocab term/reading + Sudachi + manual review	high
vocabulary_senses	fecbe11d-d03a-4d13-9a9d-96719a5c055c	examples[1].romaji	両方一度にはできんよ。	romaji		Ryouhou ichido ni wa dekin yo.	missing-reading recovered	romaji generated from recovered Reading in ENO style	gen(Reading)	high
vocabulary_senses	0a729f65-15b7-491d-9df4-0e9482659138	examples[0].id	ほんとう。	id	Contoh penggunaan: Kebenaran, fakta	Kebenaran, fakta.	placeholder/template arti	template prefix removed / meaning corrected from Japanese	Japanese sentence + ENO entry gloss	high
vocabulary_senses	0fd0f9a0-a699-4d9d-b2f9-fff8ddc74f97	examples[0].id	掛けます。	id	Contoh penggunaan: Menggantungkan	Menggantungkan.	placeholder/template arti	template prefix removed / meaning corrected from Japanese	Japanese sentence + ENO entry gloss	high
vocabulary_senses	142383f2-1132-4eb9-a1a4-f620b3dca1a8	examples[0].id	出ます。	id	Contoh penggunaan: Berangkat (bis)	Berangkat (bus).	placeholder/template arti	template prefix removed / meaning corrected from Japanese	Japanese sentence + ENO entry gloss	high
vocabulary_senses	1964e177-3c85-40b9-88d8-3c1e440b39cb	examples[0].id	到着します。	id	Contoh penggunaan: Tiba	Tiba.	placeholder/template arti	template prefix removed / meaning corrected from Japanese	Japanese sentence + ENO entry gloss	high
vocabulary_senses	203d7c69-5c64-4a67-b670-a421cc684a4b	examples[0].id	いらっしゃいます。	id	Contoh penggunaan: います、い Ada,pergi,datang (bentuk hormat きます、きます)	Ada, pergi, datang (bentuk hormat dari います, いきます, きます).	placeholder/template arti	template prefix removed / meaning corrected from Japanese	Japanese sentence + ENO entry gloss	high
vocabulary_senses	2eb18c3b-50d9-4179-afcc-343f0e88c8b5	examples[0].id	呼びます。	id	Contoh penggunaan: Memangil	Memanggil.	placeholder/template arti	template prefix removed / meaning corrected from Japanese	Japanese sentence + ENO entry gloss	high
vocabulary_senses	6d0601d6-a1b4-43f6-8553-08ca4bf1b068	examples[0].id	伺います。	id	Contoh penggunaan: Bertanya,mendengar,mengunjungi (bentuk ききます、いきます) merendah	Bertanya, mendengar, mengunjungi (bentuk merendah dari ききます, いきます).	placeholder/template arti	template prefix removed / meaning corrected from Japanese	Japanese sentence + ENO entry gloss	high
vocabulary_senses	8f44b0b3-b062-42e6-91f1-21e9335c7572	examples[0].id	けんかします。	id	Contoh penggunaan: Bertengkar	Bertengkar.	placeholder/template arti	template prefix removed / meaning corrected from Japanese	Japanese sentence + ENO entry gloss	high
vocabulary_senses	906613fb-ad02-4c02-843d-31da993c8ba5	examples[0].id	つけます。	id	Contoh penggunaan: Membubuhi	Membubuhi.	placeholder/template arti	template prefix removed / meaning corrected from Japanese	Japanese sentence + ENO entry gloss	high
vocabulary_senses	b5b45727-fe8c-4500-a07c-c89ad2d0921f	examples[1].id	遅刻します。	id	Contoh penggunaan: Terlambat	Terlambat.	placeholder/template arti	template prefix removed / meaning corrected from Japanese	Japanese sentence + ENO entry gloss	high
vocabulary_senses	d6733540-c5a4-49da-9cab-c47352fc7fb8	examples[0].id	出席します。	id	Contoh penggunaan: Menghadiri	Menghadiri.	placeholder/template arti	template prefix removed / meaning corrected from Japanese	Japanese sentence + ENO entry gloss	high
vocabulary_senses	ef58892c-b044-4402-8422-9c580ca91f8f	examples[0].id	利用します。	id	Contoh penggunaan: Memakai,menggunakan	Memakai, menggunakan.	placeholder/template arti	template prefix removed / meaning corrected from Japanese	Japanese sentence + ENO entry gloss	high
vocabulary_senses	f83202ab-243e-46ca-8209-e03f0f553289	examples[0].id	打ちます。	id	Contoh penggunaan: Mengirim (telegram)	Mengirim (telegram).	placeholder/template arti	template prefix removed / meaning corrected from Japanese	Japanese sentence + ENO entry gloss	high
vocabulary_senses	ffbdfbab-fc23-40c9-8b68-8df1cce18920	examples[0].id	亡くなります。	id	Contoh penggunaan: Meninggal	Meninggal.	placeholder/template arti	template prefix removed / meaning corrected from Japanese	Japanese sentence + ENO entry gloss	high
vocabulary	26d0c885-86a9-4e7c-bc53-5e21335e40dd	examples[0].id	例えば、宅配便の受け取りには、判子は必要ありません。	id	Hanko merupakan barang penting dalam kehidupan sehari-hari kami.	Misalnya, untuk menerima paket kurir, hanko tidak diperlukan.	wrong arti (negation lost / double negation / other sentence)	template prefix removed / meaning corrected from Japanese	Japanese sentence + ENO entry gloss	high
vocabulary	78da75c8-4650-4f1a-a395-3cc647f6377b	examples[0].id	弟は祖父と同じ寅年に生まれたので、十二歳違いではありません。	id	Adik laki-laki saya lahir pada tahun shio harimau, sama seperti kakek kami.	Adik laki-laki saya lahir pada tahun shio harimau yang sama dengan kakek kami, jadi selisih usia mereka bukan dua belas tahun.	wrong arti (negation lost / double negation / other sentence)	template prefix removed / meaning corrected from Japanese	Japanese sentence + ENO entry gloss	high
vocabulary	db46736d-e4c3-4f8a-bb80-e9c1aba4c8b0	examples[0].id	栄養が偏らないように食事に気をつける。	id	Saya memperhatikan pola makan agar gizinya tidak tidak seimbang.	Saya memperhatikan pola makan agar gizinya seimbang.	wrong arti (negation lost / double negation / other sentence)	template prefix removed / meaning corrected from Japanese	Japanese sentence + ENO entry gloss	high
vocabulary	6f797513-f10d-44ed-99a4-68431e10935a	examples[0].id	スポーツ用品店でバドミントンの羽根を2個買った。	id	Mari kita cabut dan buang bulu-bulumu.	Saya membeli 2 kok bulu tangkis di toko perlengkapan olahraga.	wrong arti (JA mismatch)	template prefix removed / meaning corrected from Japanese	Japanese sentence + ENO entry gloss	high
vocabulary_senses	27d5e3fd-e41e-4c4a-acb0-91d94666bbaa	examples[0].id	避雷針って何？	id		Apa itu penangkal petir?	A-empty arti filled	arti empty; translated from Japanese (en field cross-check)	Japanese (primary) + existing en	high
vocabulary_senses	71e2edc4-0fe0-4aa4-8a49-4b6363cbc582	examples[0].id	避雷針って何？	id		Apa itu penangkal petir?	A-empty arti filled	arti empty; translated from Japanese (en field cross-check)	Japanese (primary) + existing en	high
vocabulary_senses	c7bda101-65af-4b0d-a96c-9304a48e3c89	examples[0].id	土曜日だよ。	id		Ini hari Sabtu.	A-empty arti filled	arti empty; translated from Japanese (en field cross-check)	Japanese (primary) + existing en	high
vocabulary_senses	d501fdd8-a72d-4a04-b0a6-24cc981d4682	examples[1].id	土曜日だよ。	id		Ini hari Sabtu.	A-empty arti filled	arti empty; translated from Japanese (en field cross-check)	Japanese (primary) + existing en	high
vocabulary_senses	dbd0fd3f-2376-44d6-bf80-253a26c444d0	examples[0].id	絶対確実だ。	id		Itu benar-benar pasti.	A-empty arti filled	arti empty; translated from Japanese (en field cross-check)	Japanese (primary) + existing en	high
vocabulary_senses	e153a83b-b9ee-463f-b098-864e886a6185	examples[0].id	手袋してる？	id		Apakah kamu memakai sarung tangan?	A-empty arti filled	arti empty; translated from Japanese (en field cross-check)	Japanese (primary) + existing en	high
